26-04-06 00:05:10.494 [background-preinit] INFO  o.h.validator.internal.util.Version  [- | - | -] - HV000001: Hibernate Validator 8.0.1.Final
26-04-06 00:05:10.563 [Test worker] INFO  c.s.m.d.DiscodeitApplicationTests    [- | - | -] - Starting DiscodeitApplicationTests using Java 17.0.14 with PID 20512 (started by jaehoon in C:\Users\jaehoon\Desktop\9-sprint-mission\discodeit)
26-04-06 00:05:10.563 [Test worker] DEBUG c.s.m.d.DiscodeitApplicationTests    [- | - | -] - Running with Spring Boot v3.4.0, Spring v6.2.0
26-04-06 00:05:10.564 [Test worker] INFO  c.s.m.d.DiscodeitApplicationTests    [- | - | -] - The following 1 profile is active: "test"
26-04-06 00:05:11.657 [Test worker] INFO  o.s.d.r.c.RepositoryConfigurationDelegate [- | - | -] - Bootstrapping Spring Data JPA repositories in DEFAULT mode.
26-04-06 00:05:11.742 [Test worker] INFO  o.s.d.r.c.RepositoryConfigurationDelegate [- | - | -] - Finished Spring Data repository scanning in 76 ms. Found 6 JPA repository interfaces.
26-04-06 00:05:12.367 [Test worker] INFO  o.h.jpa.internal.util.LogHelper      [- | - | -] - HHH000204: Processing PersistenceUnitInfo [name: default]
26-04-06 00:05:12.449 [Test worker] INFO  org.hibernate.Version                [- | - | -] - HHH000412: Hibernate ORM core version 6.6.2.Final
26-04-06 00:05:12.493 [Test worker] INFO  o.h.c.i.RegionFactoryInitiator       [- | - | -] - HHH000026: Second-level cache disabled
26-04-06 00:05:12.844 [Test worker] INFO  o.s.o.j.p.SpringPersistenceUnitInfo  [- | - | -] - No LoadTimeWeaver setup: ignoring JPA class transformer
26-04-06 00:05:12.882 [Test worker] INFO  com.zaxxer.hikari.HikariDataSource   [- | - | -] - HikariPool-1 - Starting...
26-04-06 00:05:13.159 [Test worker] INFO  com.zaxxer.hikari.pool.HikariPool    [- | - | -] - HikariPool-1 - Added connection conn0: url=jdbc:h2:mem:testdb user=SA
26-04-06 00:05:13.162 [Test worker] INFO  com.zaxxer.hikari.HikariDataSource   [- | - | -] - HikariPool-1 - Start completed.
26-04-06 00:05:13.192 [Test worker] WARN  org.hibernate.orm.deprecation        [- | - | -] - HHH90000025: H2Dialect does not need to be specified explicitly using 'hibernate.dialect' (remove the property setting and it will be selected by default)
26-04-06 00:05:13.218 [Test worker] INFO  o.hibernate.orm.connections.pooling  [- | - | -] - HHH10001005: Database info:
	Database JDBC URL [Connecting through datasource 'HikariDataSource (HikariPool-1)']
	Database driver: undefined/unknown
	Database version: 2.3.232
	Autocommit mode: undefined/unknown
	Isolation level: undefined/unknown
	Minimum pool size: undefined/unknown
	Maximum pool size: undefined/unknown
26-04-06 00:05:14.373 [Test worker] INFO  o.h.e.t.j.p.i.JtaPlatformInitiator   [- | - | -] - HHH000489: No JTA platform available (set 'hibernate.transaction.jta.platform' to enable JTA platform integration)
26-04-06 00:05:14.392 [Test worker] DEBUG org.hibernate.SQL                    [- | - | -] - 
    drop table if exists binary_contents cascade 
26-04-06 00:05:14.397 [Test worker] DEBUG org.hibernate.SQL                    [- | - | -] - 
    drop table if exists channels cascade 
26-04-06 00:05:14.397 [Test worker] DEBUG org.hibernate.SQL                    [- | - | -] - 
    drop table if exists message_attachments cascade 
26-04-06 00:05:14.397 [Test worker] DEBUG org.hibernate.SQL                    [- | - | -] - 
    drop table if exists messages cascade 
26-04-06 00:05:14.397 [Test worker] DEBUG org.hibernate.SQL                    [- | - | -] - 
    drop table if exists read_statuses cascade 
26-04-06 00:05:14.398 [Test worker] DEBUG org.hibernate.SQL                    [- | - | -] - 
    drop table if exists user_statuses cascade 
26-04-06 00:05:14.398 [Test worker] DEBUG org.hibernate.SQL                    [- | - | -] - 
    drop table if exists users cascade 
26-04-06 00:05:14.403 [Test worker] DEBUG org.hibernate.SQL                    [- | - | -] - 
    create table binary_contents (
        created_at timestamp with time zone not null,
        size bigint not null,
        id uuid not null,
        content_type varchar(100) not null,
        file_name varchar(255) not null,
        primary key (id)
    )
26-04-06 00:05:14.410 [Test worker] DEBUG org.hibernate.SQL                    [- | - | -] - 
    create table channels (
        created_at timestamp with time zone not null,
        updated_at timestamp with time zone,
        id uuid not null,
        name varchar(100),
        description varchar(500),
        type enum ('PRIVATE','PUBLIC') not null,
        primary key (id)
    )
26-04-06 00:05:14.411 [Test worker] DEBUG org.hibernate.SQL                    [- | - | -] - 
    create table message_attachments (
        attachment_id uuid not null unique,
        message_id uuid not null
    )
26-04-06 00:05:14.412 [Test worker] DEBUG org.hibernate.SQL                    [- | - | -] - 
    create table messages (
        created_at timestamp with time zone not null,
        updated_at timestamp with time zone,
        author_id uuid,
        channel_id uuid not null,
        id uuid not null,
        content text not null,
        primary key (id)
    )
26-04-06 00:05:14.413 [Test worker] DEBUG org.hibernate.SQL                    [- | - | -] - 
    create table read_statuses (
        created_at timestamp with time zone not null,
        last_read_at timestamp with time zone not null,
        updated_at timestamp with time zone,
        channel_id uuid not null,
        id uuid not null,
        user_id uuid not null,
        primary key (id),
        unique (user_id, channel_id)
    )
26-04-06 00:05:14.414 [Test worker] DEBUG org.hibernate.SQL                    [- | - | -] - 
    create table user_statuses (
        created_at timestamp with time zone not null,
        last_active_at timestamp with time zone not null,
        updated_at timestamp with time zone,
        id uuid not null,
        user_id uuid not null unique,
        primary key (id)
    )
26-04-06 00:05:14.415 [Test worker] DEBUG org.hibernate.SQL                    [- | - | -] - 
    create table users (
        created_at timestamp with time zone not null,
        updated_at timestamp with time zone,
        id uuid not null,
        profile_id uuid unique,
        username varchar(50) not null unique,
        password varchar(60) not null,
        email varchar(100) not null unique,
        primary key (id)
    )
26-04-06 00:05:14.417 [Test worker] DEBUG org.hibernate.SQL                    [- | - | -] - 
    alter table if exists message_attachments 
       add constraint FKsd1m8rb8jcpbcnb7rpdue7ctc 
       foreign key (attachment_id) 
       references binary_contents
26-04-06 00:05:14.431 [Test worker] DEBUG org.hibernate.SQL                    [- | - | -] - 
    alter table if exists message_attachments 
       add constraint FKj7twd218e2gqw9cmlhwvo1rth 
       foreign key (message_id) 
       references messages
26-04-06 00:05:14.432 [Test worker] DEBUG org.hibernate.SQL                    [- | - | -] - 
    alter table if exists messages 
       add constraint FKowtlim26svclkatusptbgi7u1 
       foreign key (author_id) 
       references users
26-04-06 00:05:14.433 [Test worker] DEBUG org.hibernate.SQL                    [- | - | -] - 
    alter table if exists messages 
       add constraint FK3u3ckbhwq9se1cmopk2pq05b2 
       foreign key (channel_id) 
       references channels
26-04-06 00:05:14.434 [Test worker] DEBUG org.hibernate.SQL                    [- | - | -] - 
    alter table if exists read_statuses 
       add constraint FKa38ri44ml4gfdpklx4ahqr8gd 
       foreign key (channel_id) 
       references channels
26-04-06 00:05:14.435 [Test worker] DEBUG org.hibernate.SQL                    [- | - | -] - 
    alter table if exists read_statuses 
       add constraint FKml3k4wr9sj5yxrmj6d0aoib2e 
       foreign key (user_id) 
       references users
26-04-06 00:05:14.436 [Test worker] DEBUG org.hibernate.SQL                    [- | - | -] - 
    alter table if exists user_statuses 
       add constraint FK4lfl3ei2ubchgcxrrpo3pw4mm 
       foreign key (user_id) 
       references users
26-04-06 00:05:14.437 [Test worker] DEBUG org.hibernate.SQL                    [- | - | -] - 
    alter table if exists users 
       add constraint FKtbudycgrip49xdptogmhfqnso 
       foreign key (profile_id) 
       references binary_contents
26-04-06 00:05:14.442 [Test worker] INFO  o.s.o.j.LocalContainerEntityManagerFactoryBean [- | - | -] - Initialized JPA EntityManagerFactory for persistence unit 'default'
26-04-06 00:05:14.777 [Test worker] INFO  o.s.d.j.r.query.QueryEnhancerFactory [- | - | -] - Hibernate is in classpath; If applicable, HQL parser will be used.
26-04-06 00:05:15.720 [Test worker] INFO  o.s.b.a.w.s.WelcomePageHandlerMapping [- | - | -] - Adding welcome page: class path resource [static/index.html]
26-04-06 00:05:16.551 [Test worker] INFO  o.s.b.t.m.w.SpringBootMockServletContext [- | - | -] - Initializing Spring TestDispatcherServlet ''
26-04-06 00:05:16.551 [Test worker] INFO  o.s.t.w.s.TestDispatcherServlet      [- | - | -] - Initializing Servlet ''
26-04-06 00:05:16.558 [Test worker] INFO  o.s.b.a.e.web.EndpointLinksResolver  [- | - | -] - Exposing 4 endpoints beneath base path '/actuator'
26-04-06 00:05:16.573 [Test worker] INFO  o.s.t.w.s.TestDispatcherServlet      [- | - | -] - Completed initialization in 20 ms
26-04-06 00:05:16.643 [Test worker] INFO  c.s.m.d.DiscodeitApplicationTests    [- | - | -] - Started DiscodeitApplicationTests in 6.656 seconds (process running for 8.226)
26-04-06 00:05:17.042 [Test worker] INFO  o.s.t.c.s.AnnotationConfigContextLoaderUtils [- | - | -] - Could not detect default configuration classes for test class [com.sprint.mission.discodeit.controller.ChannelControllerTest]: ChannelControllerTest does not declare any static, non-private, non-final, nested classes annotated with @Configuration.
26-04-06 00:05:17.071 [Test worker] INFO  o.s.b.t.c.SpringBootTestContextBootstrapper [- | - | -] - Found @SpringBootConfiguration com.sprint.mission.discodeit.DiscodeitApplication for test class com.sprint.mission.discodeit.controller.ChannelControllerTest
26-04-06 00:05:17.104 [Test worker] INFO  c.s.m.d.c.ChannelControllerTest      [- | - | -] - Starting ChannelControllerTest using Java 17.0.14 with PID 20512 (started by jaehoon in C:\Users\jaehoon\Desktop\9-sprint-mission\discodeit)
26-04-06 00:05:17.104 [Test worker] DEBUG c.s.m.d.c.ChannelControllerTest      [- | - | -] - Running with Spring Boot v3.4.0, Spring v6.2.0
26-04-06 00:05:17.104 [Test worker] INFO  c.s.m.d.c.ChannelControllerTest      [- | - | -] - The following 1 profile is active: "dev"
26-04-06 00:05:17.429 [Test worker] INFO  o.s.b.a.w.s.WelcomePageHandlerMapping [- | - | -] - Adding welcome page: class path resource [static/index.html]
26-04-06 00:05:17.502 [Test worker] INFO  o.s.b.t.m.w.SpringBootMockServletContext [- | - | -] - Initializing Spring TestDispatcherServlet ''
26-04-06 00:05:17.503 [Test worker] INFO  o.s.t.w.s.TestDispatcherServlet      [- | - | -] - Initializing Servlet ''
26-04-06 00:05:17.503 [Test worker] INFO  o.s.t.w.s.TestDispatcherServlet      [- | - | -] - Completed initialization in 0 ms
26-04-06 00:05:17.514 [Test worker] INFO  c.s.m.d.c.ChannelControllerTest      [- | - | -] - Started ChannelControllerTest in 0.439 seconds (process running for 9.096)
26-04-06 00:05:17.649 [Test worker] DEBUG c.s.m.d.controller.ChannelController [3e4f64ca-8e4a-40cf-b80e-5a94411d9090 | DELETE | /api/channels/4601c666-5888-4eaf-a6c5-8b1f710f9ce5] - DELETE /api/channels/4601c666-5888-4eaf-a6c5-8b1f710f9ce5
26-04-06 00:05:17.898 [Test worker] DEBUG c.s.m.d.controller.ChannelController [a43c258c-8862-4c77-b0bc-41ff223c7d1d | POST | /api/channels/public] - POST /api/channels/public - create public channel: name=general
26-04-06 00:05:17.899 [Test worker] INFO  c.s.m.d.controller.ChannelController [a43c258c-8862-4c77-b0bc-41ff223c7d1d | POST | /api/channels/public] - Public channel created via API: id=2a76aae0-f23e-4ac8-b4b7-0c1dad1e10f8
26-04-06 00:05:18.008 [Test worker] WARN  c.s.m.d.e.GlobalExceptionHandler     [f01dd5f6-2c9e-46fe-b950-a149e6477840 | POST | /api/channels/public] - Validation failed: {name=Channel name is required}
26-04-06 00:05:18.033 [Test worker] DEBUG c.s.m.d.controller.ChannelController [53aa4ed2-ff0b-4fed-af2e-882396b9255c | DELETE | /api/channels/ca5e429e-acf3-4a7f-8b34-9d421fddddd5] - DELETE /api/channels/ca5e429e-acf3-4a7f-8b34-9d421fddddd5
26-04-06 00:05:18.034 [Test worker] WARN  c.s.m.d.e.GlobalExceptionHandler     [53aa4ed2-ff0b-4fed-af2e-882396b9255c | DELETE | /api/channels/ca5e429e-acf3-4a7f-8b34-9d421fddddd5] - DiscodeitException [CHANNEL_NOT_FOUND]: Channel not found, details={channelId=ca5e429e-acf3-4a7f-8b34-9d421fddddd5}
26-04-06 00:05:18.045 [Test worker] DEBUG c.s.m.d.controller.ChannelController [09180486-0f61-4322-8b7d-9b51631063ea | GET | /api/channels] - GET /api/channels?userId=a6bb4f10-e78f-452f-8fdf-88a5830a47c9
26-04-06 00:05:18.060 [Test worker] INFO  o.s.t.c.s.AnnotationConfigContextLoaderUtils [- | - | -] - Could not detect default configuration classes for test class [com.sprint.mission.discodeit.controller.MessageControllerTest]: MessageControllerTest does not declare any static, non-private, non-final, nested classes annotated with @Configuration.
26-04-06 00:05:18.070 [Test worker] INFO  o.s.b.t.c.SpringBootTestContextBootstrapper [- | - | -] - Found @SpringBootConfiguration com.sprint.mission.discodeit.DiscodeitApplication for test class com.sprint.mission.discodeit.controller.MessageControllerTest
26-04-06 00:05:18.107 [Test worker] INFO  c.s.m.d.c.MessageControllerTest      [- | - | -] - Starting MessageControllerTest using Java 17.0.14 with PID 20512 (started by jaehoon in C:\Users\jaehoon\Desktop\9-sprint-mission\discodeit)
26-04-06 00:05:18.108 [Test worker] DEBUG c.s.m.d.c.MessageControllerTest      [- | - | -] - Running with Spring Boot v3.4.0, Spring v6.2.0
26-04-06 00:05:18.108 [Test worker] INFO  c.s.m.d.c.MessageControllerTest      [- | - | -] - The following 1 profile is active: "dev"
26-04-06 00:05:18.339 [Test worker] INFO  o.s.b.a.w.s.WelcomePageHandlerMapping [- | - | -] - Adding welcome page: class path resource [static/index.html]
26-04-06 00:05:18.394 [Test worker] INFO  o.s.b.t.m.w.SpringBootMockServletContext [- | - | -] - Initializing Spring TestDispatcherServlet ''
26-04-06 00:05:18.395 [Test worker] INFO  o.s.t.w.s.TestDispatcherServlet      [- | - | -] - Initializing Servlet ''
26-04-06 00:05:18.396 [Test worker] INFO  o.s.t.w.s.TestDispatcherServlet      [- | - | -] - Completed initialization in 1 ms
26-04-06 00:05:18.400 [Test worker] INFO  c.s.m.d.c.MessageControllerTest      [- | - | -] - Started MessageControllerTest in 0.327 seconds (process running for 9.983)
26-04-06 00:05:18.406 [Test worker] DEBUG c.s.m.d.controller.MessageController [d4fe4290-463a-41a1-ba46-301f3ece4011 | DELETE | /api/messages/16709c91-4721-45f8-a5d2-ac813ae7fe52] - DELETE /api/messages/16709c91-4721-45f8-a5d2-ac813ae7fe52
26-04-06 00:05:18.419 [Test worker] DEBUG c.s.m.d.controller.MessageController [f2f421a3-29bc-4291-9e7e-4087be90d0f4 | GET | /api/messages] - GET /api/messages?channelId=6e29f221-1c99-4c0f-84b3-7ba038671335
26-04-06 00:05:18.446 [Test worker] WARN  c.s.m.d.e.GlobalExceptionHandler     [dfd5e185-1ad5-491f-aa03-63a8979b5395 | POST | /api/messages] - Validation failed: {content=Content is required}
26-04-06 00:05:18.457 [Test worker] DEBUG c.s.m.d.controller.MessageController [26756b84-673d-4305-acc0-a1d15a714909 | PATCH | /api/messages/2119ade6-620c-4a0c-a73b-9f88fa63d616] - PATCH /api/messages/2119ade6-620c-4a0c-a73b-9f88fa63d616
26-04-06 00:05:18.467 [Test worker] DEBUG c.s.m.d.controller.MessageController [e09b2dc2-f5d5-43f4-943b-186a7f3bd3d3 | DELETE | /api/messages/7d5c266b-127c-4d5c-b218-334984fe3439] - DELETE /api/messages/7d5c266b-127c-4d5c-b218-334984fe3439
26-04-06 00:05:18.468 [Test worker] WARN  c.s.m.d.e.GlobalExceptionHandler     [e09b2dc2-f5d5-43f4-943b-186a7f3bd3d3 | DELETE | /api/messages/7d5c266b-127c-4d5c-b218-334984fe3439] - DiscodeitException [MESSAGE_NOT_FOUND]: Message not found, details={messageId=7d5c266b-127c-4d5c-b218-334984fe3439}
26-04-06 00:05:18.474 [Test worker] DEBUG c.s.m.d.controller.MessageController [700e6b2f-e3fa-4ef8-b991-1b4497323292 | POST | /api/messages] - POST /api/messages - create message: channelId=dcc2be34-0162-4c41-b201-11a1a6255efe
26-04-06 00:05:18.475 [Test worker] INFO  c.s.m.d.controller.MessageController [700e6b2f-e3fa-4ef8-b991-1b4497323292 | POST | /api/messages] - Message created via API: id=413793d9-31cd-4d36-8792-1ee5f6f0e728
26-04-06 00:05:18.481 [Test worker] INFO  o.s.t.c.s.AnnotationConfigContextLoaderUtils [- | - | -] - Could not detect default configuration classes for test class [com.sprint.mission.discodeit.controller.UserControllerTest]: UserControllerTest does not declare any static, non-private, non-final, nested classes annotated with @Configuration.
26-04-06 00:05:18.491 [Test worker] INFO  o.s.b.t.c.SpringBootTestContextBootstrapper [- | - | -] - Found @SpringBootConfiguration com.sprint.mission.discodeit.DiscodeitApplication for test class com.sprint.mission.discodeit.controller.UserControllerTest
26-04-06 00:05:18.525 [Test worker] INFO  c.s.m.d.c.UserControllerTest         [- | - | -] - Starting UserControllerTest using Java 17.0.14 with PID 20512 (started by jaehoon in C:\Users\jaehoon\Desktop\9-sprint-mission\discodeit)
26-04-06 00:05:18.526 [Test worker] DEBUG c.s.m.d.c.UserControllerTest         [- | - | -] - Running with Spring Boot v3.4.0, Spring v6.2.0
26-04-06 00:05:18.526 [Test worker] INFO  c.s.m.d.c.UserControllerTest         [- | - | -] - The following 1 profile is active: "dev"
26-04-06 00:05:18.770 [Test worker] INFO  o.s.b.a.w.s.WelcomePageHandlerMapping [- | - | -] - Adding welcome page: class path resource [static/index.html]
26-04-06 00:05:18.804 [Test worker] INFO  o.s.b.t.m.w.SpringBootMockServletContext [- | - | -] - Initializing Spring TestDispatcherServlet ''
26-04-06 00:05:18.805 [Test worker] INFO  o.s.t.w.s.TestDispatcherServlet      [- | - | -] - Initializing Servlet ''
26-04-06 00:05:18.805 [Test worker] INFO  o.s.t.w.s.TestDispatcherServlet      [- | - | -] - Completed initialization in 0 ms
26-04-06 00:05:18.809 [Test worker] INFO  c.s.m.d.c.UserControllerTest         [- | - | -] - Started UserControllerTest in 0.314 seconds (process running for 10.392)
26-04-06 00:05:18.813 [Test worker] DEBUG c.s.m.d.controller.UserController    [31d47bea-265a-4027-abcc-9c6856df6fb3 | DELETE | /api/users/91402b50-7b9a-4d06-9fb6-ae745106abbe] - DELETE /api/users/91402b50-7b9a-4d06-9fb6-ae745106abbe
26-04-06 00:05:18.830 [Test worker] WARN  c.s.m.d.e.GlobalExceptionHandler     [da9210bb-226b-4d66-be1b-484d72b68f83 | POST | /api/users] - Validation failed: {password=Password must be at least 6 characters, email=Email must be valid, username=Username is required}
26-04-06 00:05:18.838 [Test worker] DEBUG c.s.m.d.controller.UserController    [9186b4c7-edd6-4a1f-957e-9ea09864d7f3 | DELETE | /api/users/2d54f7a9-f81d-43d8-be10-747a6588b43e] - DELETE /api/users/2d54f7a9-f81d-43d8-be10-747a6588b43e
26-04-06 00:05:18.839 [Test worker] WARN  c.s.m.d.e.GlobalExceptionHandler     [9186b4c7-edd6-4a1f-957e-9ea09864d7f3 | DELETE | /api/users/2d54f7a9-f81d-43d8-be10-747a6588b43e] - DiscodeitException [USER_NOT_FOUND]: User not found, details={userId=2d54f7a9-f81d-43d8-be10-747a6588b43e}
26-04-06 00:05:18.854 [Test worker] DEBUG c.s.m.d.controller.UserController    [b3b91cca-cfc0-44e7-ba94-43f3c31c30e7 | POST | /api/users] - POST /api/users - create user: username=testuser
26-04-06 00:05:18.855 [Test worker] INFO  c.s.m.d.controller.UserController    [b3b91cca-cfc0-44e7-ba94-43f3c31c30e7 | POST | /api/users] - User created via API: id=136588ac-982a-4ce0-8ac5-ba236db4713d
26-04-06 00:05:18.867 [Test worker] DEBUG c.s.m.d.controller.UserController    [2cdd6bf7-59ab-40c9-8600-8512023e8e10 | GET | /api/users] - GET /api/users - findAll
26-04-06 00:05:18.877 [Test worker] INFO  o.s.t.c.s.AnnotationConfigContextLoaderUtils [- | - | -] - Could not detect default configuration classes for test class [com.sprint.mission.discodeit.integration.ChannelIntegrationTest]: ChannelIntegrationTest does not declare any static, non-private, non-final, nested classes annotated with @Configuration.
26-04-06 00:05:18.892 [Test worker] INFO  o.s.b.t.c.SpringBootTestContextBootstrapper [- | - | -] - Found @SpringBootConfiguration com.sprint.mission.discodeit.DiscodeitApplication for test class com.sprint.mission.discodeit.integration.ChannelIntegrationTest
26-04-06 00:05:18.931 [Test worker] DEBUG c.s.m.d.controller.ChannelController [798f5e46-2066-496e-bc3d-767ab23510e3 | DELETE | /api/channels/21d05e31-5e37-4900-b6d4-a3bdb1546601] - DELETE /api/channels/21d05e31-5e37-4900-b6d4-a3bdb1546601
26-04-06 00:05:18.935 [Test worker] DEBUG c.s.m.d.s.basic.BasicChannelService  [798f5e46-2066-496e-bc3d-767ab23510e3 | DELETE | /api/channels/21d05e31-5e37-4900-b6d4-a3bdb1546601] - Deleting channel: id=21d05e31-5e37-4900-b6d4-a3bdb1546601
26-04-06 00:05:19.097 [Test worker] DEBUG org.hibernate.SQL                    [798f5e46-2066-496e-bc3d-767ab23510e3 | DELETE | /api/channels/21d05e31-5e37-4900-b6d4-a3bdb1546601] - 
    select
        count(*) 
    from
        channels c1_0 
    where
        c1_0.id=?
26-04-06 00:05:19.108 [Test worker] TRACE org.hibernate.orm.jdbc.bind          [798f5e46-2066-496e-bc3d-767ab23510e3 | DELETE | /api/channels/21d05e31-5e37-4900-b6d4-a3bdb1546601] - binding parameter (1:UUID) <- [21d05e31-5e37-4900-b6d4-a3bdb1546601]
26-04-06 00:05:19.177 [Test worker] WARN  c.s.m.d.e.GlobalExceptionHandler     [798f5e46-2066-496e-bc3d-767ab23510e3 | DELETE | /api/channels/21d05e31-5e37-4900-b6d4-a3bdb1546601] - DiscodeitException [CHANNEL_NOT_FOUND]: Channel not found, details={channelId=21d05e31-5e37-4900-b6d4-a3bdb1546601}
26-04-06 00:05:19.204 [Test worker] DEBUG c.s.m.d.controller.ChannelController [51a4a150-9aba-482d-be05-54c2d9705792 | POST | /api/channels/public] - POST /api/channels/public - create public channel: name=general
26-04-06 00:05:19.205 [Test worker] DEBUG c.s.m.d.s.basic.BasicChannelService  [51a4a150-9aba-482d-be05-54c2d9705792 | POST | /api/channels/public] - Creating public channel: name=general
26-04-06 00:05:19.258 [Test worker] INFO  c.s.m.d.s.basic.BasicChannelService  [51a4a150-9aba-482d-be05-54c2d9705792 | POST | /api/channels/public] - Public channel created: id=402a6d6a-7df0-4b2d-83d3-6ee229aa4147, name=general
26-04-06 00:05:19.279 [Test worker] DEBUG org.hibernate.SQL                    [51a4a150-9aba-482d-be05-54c2d9705792 | POST | /api/channels/public] - 
    select
        m1_0.created_at 
    from
        messages m1_0 
    where
        m1_0.channel_id=? 
    order by
        m1_0.created_at desc 
    fetch
        first 1 rows only
26-04-06 00:05:19.280 [Test worker] TRACE org.hibernate.orm.jdbc.bind          [51a4a150-9aba-482d-be05-54c2d9705792 | POST | /api/channels/public] - binding parameter (1:UUID) <- [402a6d6a-7df0-4b2d-83d3-6ee229aa4147]
26-04-06 00:05:19.283 [Test worker] INFO  c.s.m.d.controller.ChannelController [51a4a150-9aba-482d-be05-54c2d9705792 | POST | /api/channels/public] - Public channel created via API: id=402a6d6a-7df0-4b2d-83d3-6ee229aa4147
26-04-06 00:05:19.295 [Test worker] DEBUG c.s.m.d.controller.ChannelController [d559833f-e9a6-4b32-a7c6-0e9e8aca69e3 | POST | /api/channels/public] - POST /api/channels/public - create public channel: name=to-delete
26-04-06 00:05:19.295 [Test worker] DEBUG c.s.m.d.s.basic.BasicChannelService  [d559833f-e9a6-4b32-a7c6-0e9e8aca69e3 | POST | /api/channels/public] - Creating public channel: name=to-delete
26-04-06 00:05:19.296 [Test worker] INFO  c.s.m.d.s.basic.BasicChannelService  [d559833f-e9a6-4b32-a7c6-0e9e8aca69e3 | POST | /api/channels/public] - Public channel created: id=506d419a-f0de-4467-9ffe-79d247b24340, name=to-delete
26-04-06 00:05:19.298 [Test worker] DEBUG org.hibernate.SQL                    [d559833f-e9a6-4b32-a7c6-0e9e8aca69e3 | POST | /api/channels/public] - 
    select
        m1_0.created_at 
    from
        messages m1_0 
    where
        m1_0.channel_id=? 
    order by
        m1_0.created_at desc 
    fetch
        first 1 rows only
26-04-06 00:05:19.299 [Test worker] TRACE org.hibernate.orm.jdbc.bind          [d559833f-e9a6-4b32-a7c6-0e9e8aca69e3 | POST | /api/channels/public] - binding parameter (1:UUID) <- [506d419a-f0de-4467-9ffe-79d247b24340]
26-04-06 00:05:19.299 [Test worker] INFO  c.s.m.d.controller.ChannelController [d559833f-e9a6-4b32-a7c6-0e9e8aca69e3 | POST | /api/channels/public] - Public channel created via API: id=506d419a-f0de-4467-9ffe-79d247b24340
26-04-06 00:05:19.308 [Test worker] DEBUG c.s.m.d.controller.ChannelController [64f8627f-36ee-4627-8fe1-963a90829f2b | DELETE | /api/channels/506d419a-f0de-4467-9ffe-79d247b24340] - DELETE /api/channels/506d419a-f0de-4467-9ffe-79d247b24340
26-04-06 00:05:19.308 [Test worker] DEBUG c.s.m.d.s.basic.BasicChannelService  [64f8627f-36ee-4627-8fe1-963a90829f2b | DELETE | /api/channels/506d419a-f0de-4467-9ffe-79d247b24340] - Deleting channel: id=506d419a-f0de-4467-9ffe-79d247b24340
26-04-06 00:05:19.326 [Test worker] DEBUG org.hibernate.SQL                    [64f8627f-36ee-4627-8fe1-963a90829f2b | DELETE | /api/channels/506d419a-f0de-4467-9ffe-79d247b24340] - 
    insert 
    into
        channels
        (created_at, description, name, type, updated_at, id) 
    values
        (?, ?, ?, ?, ?, ?)
26-04-06 00:05:19.329 [Test worker] TRACE org.hibernate.orm.jdbc.bind          [64f8627f-36ee-4627-8fe1-963a90829f2b | DELETE | /api/channels/506d419a-f0de-4467-9ffe-79d247b24340] - binding parameter (1:TIMESTAMP_UTC) <- [2026-04-05T15:05:19.296902200Z]
26-04-06 00:05:19.330 [Test worker] TRACE org.hibernate.orm.jdbc.bind          [64f8627f-36ee-4627-8fe1-963a90829f2b | DELETE | /api/channels/506d419a-f0de-4467-9ffe-79d247b24340] - binding parameter (2:VARCHAR) <- [description]
26-04-06 00:05:19.330 [Test worker] TRACE org.hibernate.orm.jdbc.bind          [64f8627f-36ee-4627-8fe1-963a90829f2b | DELETE | /api/channels/506d419a-f0de-4467-9ffe-79d247b24340] - binding parameter (3:VARCHAR) <- [to-delete]
26-04-06 00:05:19.330 [Test worker] TRACE org.hibernate.orm.jdbc.bind          [64f8627f-36ee-4627-8fe1-963a90829f2b | DELETE | /api/channels/506d419a-f0de-4467-9ffe-79d247b24340] - binding parameter (4:ENUM) <- [PUBLIC]
26-04-06 00:05:19.331 [Test worker] TRACE org.hibernate.orm.jdbc.bind          [64f8627f-36ee-4627-8fe1-963a90829f2b | DELETE | /api/channels/506d419a-f0de-4467-9ffe-79d247b24340] - binding parameter (5:TIMESTAMP_UTC) <- [2026-04-05T15:05:19.296902200Z]
26-04-06 00:05:19.331 [Test worker] TRACE org.hibernate.orm.jdbc.bind          [64f8627f-36ee-4627-8fe1-963a90829f2b | DELETE | /api/channels/506d419a-f0de-4467-9ffe-79d247b24340] - binding parameter (6:UUID) <- [506d419a-f0de-4467-9ffe-79d247b24340]
26-04-06 00:05:19.335 [Test worker] DEBUG org.hibernate.SQL                    [64f8627f-36ee-4627-8fe1-963a90829f2b | DELETE | /api/channels/506d419a-f0de-4467-9ffe-79d247b24340] - 
    select
        count(*) 
    from
        channels c1_0 
    where
        c1_0.id=?
26-04-06 00:05:19.336 [Test worker] TRACE org.hibernate.orm.jdbc.bind          [64f8627f-36ee-4627-8fe1-963a90829f2b | DELETE | /api/channels/506d419a-f0de-4467-9ffe-79d247b24340] - binding parameter (1:UUID) <- [506d419a-f0de-4467-9ffe-79d247b24340]
26-04-06 00:05:19.363 [Test worker] DEBUG org.hibernate.SQL                    [64f8627f-36ee-4627-8fe1-963a90829f2b | DELETE | /api/channels/506d419a-f0de-4467-9ffe-79d247b24340] - 
    select
        m1_0.id,
        m1_0.author_id,
        m1_0.channel_id,
        m1_0.content,
        m1_0.created_at,
        m1_0.updated_at 
    from
        messages m1_0 
    where
        m1_0.channel_id=?
26-04-06 00:05:19.364 [Test worker] TRACE org.hibernate.orm.jdbc.bind          [64f8627f-36ee-4627-8fe1-963a90829f2b | DELETE | /api/channels/506d419a-f0de-4467-9ffe-79d247b24340] - binding parameter (1:UUID) <- [506d419a-f0de-4467-9ffe-79d247b24340]
26-04-06 00:05:19.386 [Test worker] DEBUG org.hibernate.SQL                    [64f8627f-36ee-4627-8fe1-963a90829f2b | DELETE | /api/channels/506d419a-f0de-4467-9ffe-79d247b24340] - 
    select
        rs1_0.id,
        rs1_0.channel_id,
        rs1_0.created_at,
        rs1_0.last_read_at,
        rs1_0.updated_at,
        rs1_0.user_id 
    from
        read_statuses rs1_0 
    where
        rs1_0.channel_id=?
26-04-06 00:05:19.387 [Test worker] TRACE org.hibernate.orm.jdbc.bind          [64f8627f-36ee-4627-8fe1-963a90829f2b | DELETE | /api/channels/506d419a-f0de-4467-9ffe-79d247b24340] - binding parameter (1:UUID) <- [506d419a-f0de-4467-9ffe-79d247b24340]
26-04-06 00:05:19.400 [Test worker] INFO  c.s.m.d.s.basic.BasicChannelService  [64f8627f-36ee-4627-8fe1-963a90829f2b | DELETE | /api/channels/506d419a-f0de-4467-9ffe-79d247b24340] - Channel deleted: id=506d419a-f0de-4467-9ffe-79d247b24340
26-04-06 00:05:19.416 [Test worker] DEBUG c.s.m.d.controller.UserController    [366ac0c0-e594-4fd8-97f1-1dd12ff360a8 | POST | /api/users] - POST /api/users - create user: username=chanuser
26-04-06 00:05:19.416 [Test worker] DEBUG c.s.m.d.s.basic.BasicUserService     [366ac0c0-e594-4fd8-97f1-1dd12ff360a8 | POST | /api/users] - Creating user: username=chanuser, email=chanuser@test.com
26-04-06 00:05:19.420 [Test worker] DEBUG org.hibernate.SQL                    [366ac0c0-e594-4fd8-97f1-1dd12ff360a8 | POST | /api/users] - 
    select
        u1_0.id 
    from
        users u1_0 
    where
        u1_0.email=? 
    fetch
        first ? rows only
26-04-06 00:05:19.421 [Test worker] TRACE org.hibernate.orm.jdbc.bind          [366ac0c0-e594-4fd8-97f1-1dd12ff360a8 | POST | /api/users] - binding parameter (1:VARCHAR) <- [chanuser@test.com]
26-04-06 00:05:19.421 [Test worker] TRACE org.hibernate.orm.jdbc.bind          [366ac0c0-e594-4fd8-97f1-1dd12ff360a8 | POST | /api/users] - binding parameter (2:INTEGER) <- [1]
26-04-06 00:05:19.423 [Test worker] DEBUG org.hibernate.SQL                    [366ac0c0-e594-4fd8-97f1-1dd12ff360a8 | POST | /api/users] - 
    select
        u1_0.id 
    from
        users u1_0 
    where
        u1_0.username=? 
    fetch
        first ? rows only
26-04-06 00:05:19.423 [Test worker] TRACE org.hibernate.orm.jdbc.bind          [366ac0c0-e594-4fd8-97f1-1dd12ff360a8 | POST | /api/users] - binding parameter (1:VARCHAR) <- [chanuser]
26-04-06 00:05:19.423 [Test worker] TRACE org.hibernate.orm.jdbc.bind          [366ac0c0-e594-4fd8-97f1-1dd12ff360a8 | POST | /api/users] - binding parameter (2:INTEGER) <- [1]
26-04-06 00:05:19.429 [Test worker] INFO  c.s.m.d.s.basic.BasicUserService     [366ac0c0-e594-4fd8-97f1-1dd12ff360a8 | POST | /api/users] - User created: id=ffd80ef4-aa79-49c7-a5f1-18e2dd531cce, username=chanuser
26-04-06 00:05:19.430 [Test worker] INFO  c.s.m.d.controller.UserController    [366ac0c0-e594-4fd8-97f1-1dd12ff360a8 | POST | /api/users] - User created via API: id=ffd80ef4-aa79-49c7-a5f1-18e2dd531cce
26-04-06 00:05:19.435 [Test worker] DEBUG c.s.m.d.controller.ChannelController [ac1d9fa3-34ef-4523-8f1c-af0d674fdcca | POST | /api/channels/public] - POST /api/channels/public - create public channel: name=public-channel
26-04-06 00:05:19.436 [Test worker] DEBUG c.s.m.d.s.basic.BasicChannelService  [ac1d9fa3-34ef-4523-8f1c-af0d674fdcca | POST | /api/channels/public] - Creating public channel: name=public-channel
26-04-06 00:05:19.436 [Test worker] INFO  c.s.m.d.s.basic.BasicChannelService  [ac1d9fa3-34ef-4523-8f1c-af0d674fdcca | POST | /api/channels/public] - Public channel created: id=c618754b-1ac2-45e6-88c1-da9a052379fd, name=public-channel
26-04-06 00:05:19.437 [Test worker] DEBUG org.hibernate.SQL                    [ac1d9fa3-34ef-4523-8f1c-af0d674fdcca | POST | /api/channels/public] - 
    select
        m1_0.created_at 
    from
        messages m1_0 
    where
        m1_0.channel_id=? 
    order by
        m1_0.created_at desc 
    fetch
        first 1 rows only
26-04-06 00:05:19.438 [Test worker] TRACE org.hibernate.orm.jdbc.bind          [ac1d9fa3-34ef-4523-8f1c-af0d674fdcca | POST | /api/channels/public] - binding parameter (1:UUID) <- [c618754b-1ac2-45e6-88c1-da9a052379fd]
26-04-06 00:05:19.438 [Test worker] INFO  c.s.m.d.controller.ChannelController [ac1d9fa3-34ef-4523-8f1c-af0d674fdcca | POST | /api/channels/public] - Public channel created via API: id=c618754b-1ac2-45e6-88c1-da9a052379fd
26-04-06 00:05:19.440 [Test worker] DEBUG c.s.m.d.controller.ChannelController [e950194c-bb68-407c-8b00-2af462f6fab5 | GET | /api/channels] - GET /api/channels?userId=ffd80ef4-aa79-49c7-a5f1-18e2dd531cce
26-04-06 00:05:19.440 [Test worker] DEBUG c.s.m.d.s.basic.BasicChannelService  [e950194c-bb68-407c-8b00-2af462f6fab5 | GET | /api/channels] - Fetching channels for userId=ffd80ef4-aa79-49c7-a5f1-18e2dd531cce
26-04-06 00:05:19.442 [Test worker] DEBUG org.hibernate.SQL                    [e950194c-bb68-407c-8b00-2af462f6fab5 | GET | /api/channels] - 
    select
        rs1_0.id,
        rs1_0.channel_id,
        rs1_0.created_at,
        rs1_0.last_read_at,
        rs1_0.updated_at,
        rs1_0.user_id 
    from
        read_statuses rs1_0 
    where
        rs1_0.user_id=?
26-04-06 00:05:19.443 [Test worker] TRACE org.hibernate.orm.jdbc.bind          [e950194c-bb68-407c-8b00-2af462f6fab5 | GET | /api/channels] - binding parameter (1:UUID) <- [ffd80ef4-aa79-49c7-a5f1-18e2dd531cce]
26-04-06 00:05:19.448 [Test worker] DEBUG org.hibernate.SQL                    [e950194c-bb68-407c-8b00-2af462f6fab5 | GET | /api/channels] - 
    insert 
    into
        users
        (created_at, email, password, profile_id, updated_at, username, id) 
    values
        (?, ?, ?, ?, ?, ?, ?)
26-04-06 00:05:19.448 [Test worker] TRACE org.hibernate.orm.jdbc.bind          [e950194c-bb68-407c-8b00-2af462f6fab5 | GET | /api/channels] - binding parameter (1:TIMESTAMP_UTC) <- [2026-04-05T15:05:19.424036900Z]
26-04-06 00:05:19.448 [Test worker] TRACE org.hibernate.orm.jdbc.bind          [e950194c-bb68-407c-8b00-2af462f6fab5 | GET | /api/channels] - binding parameter (2:VARCHAR) <- [chanuser@test.com]
26-04-06 00:05:19.448 [Test worker] TRACE org.hibernate.orm.jdbc.bind          [e950194c-bb68-407c-8b00-2af462f6fab5 | GET | /api/channels] - binding parameter (3:VARCHAR) <- [password123]
26-04-06 00:05:19.448 [Test worker] TRACE org.hibernate.orm.jdbc.bind          [e950194c-bb68-407c-8b00-2af462f6fab5 | GET | /api/channels] - binding parameter (4:UUID) <- [null]
26-04-06 00:05:19.448 [Test worker] TRACE org.hibernate.orm.jdbc.bind          [e950194c-bb68-407c-8b00-2af462f6fab5 | GET | /api/channels] - binding parameter (5:TIMESTAMP_UTC) <- [2026-04-05T15:05:19.424036900Z]
26-04-06 00:05:19.449 [Test worker] TRACE org.hibernate.orm.jdbc.bind          [e950194c-bb68-407c-8b00-2af462f6fab5 | GET | /api/channels] - binding parameter (6:VARCHAR) <- [chanuser]
26-04-06 00:05:19.449 [Test worker] TRACE org.hibernate.orm.jdbc.bind          [e950194c-bb68-407c-8b00-2af462f6fab5 | GET | /api/channels] - binding parameter (7:UUID) <- [ffd80ef4-aa79-49c7-a5f1-18e2dd531cce]
26-04-06 00:05:19.450 [Test worker] DEBUG org.hibernate.SQL                    [e950194c-bb68-407c-8b00-2af462f6fab5 | GET | /api/channels] - 
    insert 
    into
        user_statuses
        (created_at, last_active_at, updated_at, user_id, id) 
    values
        (?, ?, ?, ?, ?)
26-04-06 00:05:19.450 [Test worker] TRACE org.hibernate.orm.jdbc.bind          [e950194c-bb68-407c-8b00-2af462f6fab5 | GET | /api/channels] - binding parameter (1:TIMESTAMP_UTC) <- [2026-04-05T15:05:19.427036700Z]
26-04-06 00:05:19.450 [Test worker] TRACE org.hibernate.orm.jdbc.bind          [e950194c-bb68-407c-8b00-2af462f6fab5 | GET | /api/channels] - binding parameter (2:TIMESTAMP_UTC) <- [2026-04-05T15:05:19.423037400Z]
26-04-06 00:05:19.450 [Test worker] TRACE org.hibernate.orm.jdbc.bind          [e950194c-bb68-407c-8b00-2af462f6fab5 | GET | /api/channels] - binding parameter (3:TIMESTAMP_UTC) <- [2026-04-05T15:05:19.427036700Z]
26-04-06 00:05:19.450 [Test worker] TRACE org.hibernate.orm.jdbc.bind          [e950194c-bb68-407c-8b00-2af462f6fab5 | GET | /api/channels] - binding parameter (4:UUID) <- [ffd80ef4-aa79-49c7-a5f1-18e2dd531cce]
26-04-06 00:05:19.450 [Test worker] TRACE org.hibernate.orm.jdbc.bind          [e950194c-bb68-407c-8b00-2af462f6fab5 | GET | /api/channels] - binding parameter (5:UUID) <- [670ac295-19bb-43ef-b4ca-c577e141c009]
26-04-06 00:05:19.451 [Test worker] DEBUG org.hibernate.SQL                    [e950194c-bb68-407c-8b00-2af462f6fab5 | GET | /api/channels] - 
    insert 
    into
        channels
        (created_at, description, name, type, updated_at, id) 
    values
        (?, ?, ?, ?, ?, ?)
26-04-06 00:05:19.451 [Test worker] TRACE org.hibernate.orm.jdbc.bind          [e950194c-bb68-407c-8b00-2af462f6fab5 | GET | /api/channels] - binding parameter (1:TIMESTAMP_UTC) <- [2026-04-05T15:05:19.436549100Z]
26-04-06 00:05:19.451 [Test worker] TRACE org.hibernate.orm.jdbc.bind          [e950194c-bb68-407c-8b00-2af462f6fab5 | GET | /api/channels] - binding parameter (2:VARCHAR) <- [description]
26-04-06 00:05:19.451 [Test worker] TRACE org.hibernate.orm.jdbc.bind          [e950194c-bb68-407c-8b00-2af462f6fab5 | GET | /api/channels] - binding parameter (3:VARCHAR) <- [public-channel]
26-04-06 00:05:19.451 [Test worker] TRACE org.hibernate.orm.jdbc.bind          [e950194c-bb68-407c-8b00-2af462f6fab5 | GET | /api/channels] - binding parameter (4:ENUM) <- [PUBLIC]
26-04-06 00:05:19.451 [Test worker] TRACE org.hibernate.orm.jdbc.bind          [e950194c-bb68-407c-8b00-2af462f6fab5 | GET | /api/channels] - binding parameter (5:TIMESTAMP_UTC) <- [2026-04-05T15:05:19.436549100Z]
26-04-06 00:05:19.451 [Test worker] TRACE org.hibernate.orm.jdbc.bind          [e950194c-bb68-407c-8b00-2af462f6fab5 | GET | /api/channels] - binding parameter (6:UUID) <- [c618754b-1ac2-45e6-88c1-da9a052379fd]
26-04-06 00:05:19.452 [Test worker] DEBUG org.hibernate.SQL                    [e950194c-bb68-407c-8b00-2af462f6fab5 | GET | /api/channels] - 
    select
        c1_0.id,
        c1_0.created_at,
        c1_0.description,
        c1_0.name,
        c1_0.type,
        c1_0.updated_at 
    from
        channels c1_0 
    where
        c1_0.type=? 
        or c1_0.id in (?)
26-04-06 00:05:19.453 [Test worker] TRACE org.hibernate.orm.jdbc.bind          [e950194c-bb68-407c-8b00-2af462f6fab5 | GET | /api/channels] - binding parameter (1:ENUM) <- [PUBLIC]
26-04-06 00:05:19.453 [Test worker] TRACE org.hibernate.orm.jdbc.bind          [e950194c-bb68-407c-8b00-2af462f6fab5 | GET | /api/channels] - binding parameter (2:UUID) <- [null]
26-04-06 00:05:19.455 [Test worker] DEBUG org.hibernate.SQL                    [e950194c-bb68-407c-8b00-2af462f6fab5 | GET | /api/channels] - 
    select
        m1_0.created_at 
    from
        messages m1_0 
    where
        m1_0.channel_id=? 
    order by
        m1_0.created_at desc 
    fetch
        first 1 rows only
26-04-06 00:05:19.455 [Test worker] TRACE org.hibernate.orm.jdbc.bind          [e950194c-bb68-407c-8b00-2af462f6fab5 | GET | /api/channels] - binding parameter (1:UUID) <- [c618754b-1ac2-45e6-88c1-da9a052379fd]
26-04-06 00:05:19.475 [Test worker] DEBUG c.s.m.d.controller.ChannelController [fc788981-04c6-4d0e-8670-35285525480f | POST | /api/channels/public] - POST /api/channels/public - create public channel: name=old-name
26-04-06 00:05:19.475 [Test worker] DEBUG c.s.m.d.s.basic.BasicChannelService  [fc788981-04c6-4d0e-8670-35285525480f | POST | /api/channels/public] - Creating public channel: name=old-name
26-04-06 00:05:19.476 [Test worker] INFO  c.s.m.d.s.basic.BasicChannelService  [fc788981-04c6-4d0e-8670-35285525480f | POST | /api/channels/public] - Public channel created: id=aec91f02-a520-440e-828c-4fdfba298562, name=old-name
26-04-06 00:05:19.476 [Test worker] DEBUG org.hibernate.SQL                    [fc788981-04c6-4d0e-8670-35285525480f | POST | /api/channels/public] - 
    select
        m1_0.created_at 
    from
        messages m1_0 
    where
        m1_0.channel_id=? 
    order by
        m1_0.created_at desc 
    fetch
        first 1 rows only
26-04-06 00:05:19.477 [Test worker] TRACE org.hibernate.orm.jdbc.bind          [fc788981-04c6-4d0e-8670-35285525480f | POST | /api/channels/public] - binding parameter (1:UUID) <- [aec91f02-a520-440e-828c-4fdfba298562]
26-04-06 00:05:19.477 [Test worker] INFO  c.s.m.d.controller.ChannelController [fc788981-04c6-4d0e-8670-35285525480f | POST | /api/channels/public] - Public channel created via API: id=aec91f02-a520-440e-828c-4fdfba298562
26-04-06 00:05:19.484 [Test worker] DEBUG c.s.m.d.controller.ChannelController [32064a89-7bdf-448d-bac4-37134b976d44 | PATCH | /api/channels/aec91f02-a520-440e-828c-4fdfba298562] - PATCH /api/channels/aec91f02-a520-440e-828c-4fdfba298562
26-04-06 00:05:19.484 [Test worker] DEBUG c.s.m.d.s.basic.BasicChannelService  [32064a89-7bdf-448d-bac4-37134b976d44 | PATCH | /api/channels/aec91f02-a520-440e-828c-4fdfba298562] - Updating channel: id=aec91f02-a520-440e-828c-4fdfba298562
26-04-06 00:05:19.486 [Test worker] INFO  c.s.m.d.s.basic.BasicChannelService  [32064a89-7bdf-448d-bac4-37134b976d44 | PATCH | /api/channels/aec91f02-a520-440e-828c-4fdfba298562] - Channel updated: id=aec91f02-a520-440e-828c-4fdfba298562
26-04-06 00:05:19.489 [Test worker] DEBUG org.hibernate.SQL                    [32064a89-7bdf-448d-bac4-37134b976d44 | PATCH | /api/channels/aec91f02-a520-440e-828c-4fdfba298562] - 
    select
        m1_0.created_at 
    from
        messages m1_0 
    where
        m1_0.channel_id=? 
    order by
        m1_0.created_at desc 
    fetch
        first 1 rows only
26-04-06 00:05:19.489 [Test worker] TRACE org.hibernate.orm.jdbc.bind          [32064a89-7bdf-448d-bac4-37134b976d44 | PATCH | /api/channels/aec91f02-a520-440e-828c-4fdfba298562] - binding parameter (1:UUID) <- [aec91f02-a520-440e-828c-4fdfba298562]
26-04-06 00:05:19.496 [Test worker] INFO  o.s.t.c.s.AnnotationConfigContextLoaderUtils [- | - | -] - Could not detect default configuration classes for test class [com.sprint.mission.discodeit.integration.MessageIntegrationTest]: MessageIntegrationTest does not declare any static, non-private, non-final, nested classes annotated with @Configuration.
26-04-06 00:05:19.498 [Test worker] INFO  o.s.b.t.c.SpringBootTestContextBootstrapper [- | - | -] - Found @SpringBootConfiguration com.sprint.mission.discodeit.DiscodeitApplication for test class com.sprint.mission.discodeit.integration.MessageIntegrationTest
26-04-06 00:05:19.506 [Test worker] DEBUG c.s.m.d.controller.UserController    [55fda26c-6acd-454e-86fa-660d31215a11 | POST | /api/users] - POST /api/users - create user: username=msgauthor
26-04-06 00:05:19.506 [Test worker] DEBUG c.s.m.d.s.basic.BasicUserService     [55fda26c-6acd-454e-86fa-660d31215a11 | POST | /api/users] - Creating user: username=msgauthor, email=msgauthor@test.com
26-04-06 00:05:19.507 [Test worker] DEBUG org.hibernate.SQL                    [55fda26c-6acd-454e-86fa-660d31215a11 | POST | /api/users] - 
    select
        u1_0.id 
    from
        users u1_0 
    where
        u1_0.email=? 
    fetch
        first ? rows only
26-04-06 00:05:19.508 [Test worker] TRACE org.hibernate.orm.jdbc.bind          [55fda26c-6acd-454e-86fa-660d31215a11 | POST | /api/users] - binding parameter (1:VARCHAR) <- [msgauthor@test.com]
26-04-06 00:05:19.508 [Test worker] TRACE org.hibernate.orm.jdbc.bind          [55fda26c-6acd-454e-86fa-660d31215a11 | POST | /api/users] - binding parameter (2:INTEGER) <- [1]
26-04-06 00:05:19.509 [Test worker] DEBUG org.hibernate.SQL                    [55fda26c-6acd-454e-86fa-660d31215a11 | POST | /api/users] - 
    select
        u1_0.id 
    from
        users u1_0 
    where
        u1_0.username=? 
    fetch
        first ? rows only
26-04-06 00:05:19.509 [Test worker] TRACE org.hibernate.orm.jdbc.bind          [55fda26c-6acd-454e-86fa-660d31215a11 | POST | /api/users] - binding parameter (1:VARCHAR) <- [msgauthor]
26-04-06 00:05:19.509 [Test worker] TRACE org.hibernate.orm.jdbc.bind          [55fda26c-6acd-454e-86fa-660d31215a11 | POST | /api/users] - binding parameter (2:INTEGER) <- [1]
26-04-06 00:05:19.511 [Test worker] INFO  c.s.m.d.s.basic.BasicUserService     [55fda26c-6acd-454e-86fa-660d31215a11 | POST | /api/users] - User created: id=7e5e3e66-7753-41fe-a55c-f0efa45b006e, username=msgauthor
26-04-06 00:05:19.511 [Test worker] INFO  c.s.m.d.controller.UserController    [55fda26c-6acd-454e-86fa-660d31215a11 | POST | /api/users] - User created via API: id=7e5e3e66-7753-41fe-a55c-f0efa45b006e
26-04-06 00:05:19.513 [Test worker] DEBUG c.s.m.d.controller.ChannelController [eb7c6b7d-a185-41c9-adb1-dac53312c3f6 | POST | /api/channels/public] - POST /api/channels/public - create public channel: name=msg-channel
26-04-06 00:05:19.513 [Test worker] DEBUG c.s.m.d.s.basic.BasicChannelService  [eb7c6b7d-a185-41c9-adb1-dac53312c3f6 | POST | /api/channels/public] - Creating public channel: name=msg-channel
26-04-06 00:05:19.514 [Test worker] INFO  c.s.m.d.s.basic.BasicChannelService  [eb7c6b7d-a185-41c9-adb1-dac53312c3f6 | POST | /api/channels/public] - Public channel created: id=f3ade4d8-0207-4b06-aee8-c0c856ff0bee, name=msg-channel
26-04-06 00:05:19.514 [Test worker] DEBUG org.hibernate.SQL                    [eb7c6b7d-a185-41c9-adb1-dac53312c3f6 | POST | /api/channels/public] - 
    select
        m1_0.created_at 
    from
        messages m1_0 
    where
        m1_0.channel_id=? 
    order by
        m1_0.created_at desc 
    fetch
        first 1 rows only
26-04-06 00:05:19.515 [Test worker] TRACE org.hibernate.orm.jdbc.bind          [eb7c6b7d-a185-41c9-adb1-dac53312c3f6 | POST | /api/channels/public] - binding parameter (1:UUID) <- [f3ade4d8-0207-4b06-aee8-c0c856ff0bee]
26-04-06 00:05:19.515 [Test worker] INFO  c.s.m.d.controller.ChannelController [eb7c6b7d-a185-41c9-adb1-dac53312c3f6 | POST | /api/channels/public] - Public channel created via API: id=f3ade4d8-0207-4b06-aee8-c0c856ff0bee
26-04-06 00:05:19.523 [Test worker] DEBUG c.s.m.d.controller.MessageController [ea5d0efb-fc36-40c8-9d24-8e2b7f4830af | POST | /api/messages] - POST /api/messages - create message: channelId=f3ade4d8-0207-4b06-aee8-c0c856ff0bee
26-04-06 00:05:19.523 [Test worker] DEBUG c.s.m.d.s.basic.BasicMessageService  [ea5d0efb-fc36-40c8-9d24-8e2b7f4830af | POST | /api/messages] - Creating message: channelId=f3ade4d8-0207-4b06-aee8-c0c856ff0bee, authorId=7e5e3e66-7753-41fe-a55c-f0efa45b006e
26-04-06 00:05:19.541 [Test worker] INFO  c.s.m.d.s.basic.BasicMessageService  [ea5d0efb-fc36-40c8-9d24-8e2b7f4830af | POST | /api/messages] - Message created: id=89bb036e-0e92-44e2-ab11-3c494972d1b6, channelId=f3ade4d8-0207-4b06-aee8-c0c856ff0bee, authorId=7e5e3e66-7753-41fe-a55c-f0efa45b006e
26-04-06 00:05:19.541 [Test worker] INFO  c.s.m.d.controller.MessageController [ea5d0efb-fc36-40c8-9d24-8e2b7f4830af | POST | /api/messages] - Message created via API: id=89bb036e-0e92-44e2-ab11-3c494972d1b6
26-04-06 00:05:19.548 [Test worker] DEBUG c.s.m.d.controller.MessageController [7888a0bf-776e-4ba4-9361-d01d02448535 | PATCH | /api/messages/89bb036e-0e92-44e2-ab11-3c494972d1b6] - PATCH /api/messages/89bb036e-0e92-44e2-ab11-3c494972d1b6
26-04-06 00:05:19.549 [Test worker] DEBUG c.s.m.d.s.basic.BasicMessageService  [7888a0bf-776e-4ba4-9361-d01d02448535 | PATCH | /api/messages/89bb036e-0e92-44e2-ab11-3c494972d1b6] - Updating message: id=89bb036e-0e92-44e2-ab11-3c494972d1b6
26-04-06 00:05:19.550 [Test worker] INFO  c.s.m.d.s.basic.BasicMessageService  [7888a0bf-776e-4ba4-9361-d01d02448535 | PATCH | /api/messages/89bb036e-0e92-44e2-ab11-3c494972d1b6] - Message updated: id=89bb036e-0e92-44e2-ab11-3c494972d1b6
26-04-06 00:05:19.561 [Test worker] DEBUG c.s.m.d.controller.UserController    [d5c0e96e-d8e3-4bf7-95e5-28022e5694ff | POST | /api/users] - POST /api/users - create user: username=msgauthor
26-04-06 00:05:19.561 [Test worker] DEBUG c.s.m.d.s.basic.BasicUserService     [d5c0e96e-d8e3-4bf7-95e5-28022e5694ff | POST | /api/users] - Creating user: username=msgauthor, email=msgauthor@test.com
26-04-06 00:05:19.562 [Test worker] DEBUG org.hibernate.SQL                    [d5c0e96e-d8e3-4bf7-95e5-28022e5694ff | POST | /api/users] - 
    select
        u1_0.id 
    from
        users u1_0 
    where
        u1_0.email=? 
    fetch
        first ? rows only
26-04-06 00:05:19.563 [Test worker] TRACE org.hibernate.orm.jdbc.bind          [d5c0e96e-d8e3-4bf7-95e5-28022e5694ff | POST | /api/users] - binding parameter (1:VARCHAR) <- [msgauthor@test.com]
26-04-06 00:05:19.563 [Test worker] TRACE org.hibernate.orm.jdbc.bind          [d5c0e96e-d8e3-4bf7-95e5-28022e5694ff | POST | /api/users] - binding parameter (2:INTEGER) <- [1]
26-04-06 00:05:19.564 [Test worker] DEBUG org.hibernate.SQL                    [d5c0e96e-d8e3-4bf7-95e5-28022e5694ff | POST | /api/users] - 
    select
        u1_0.id 
    from
        users u1_0 
    where
        u1_0.username=? 
    fetch
        first ? rows only
26-04-06 00:05:19.564 [Test worker] TRACE org.hibernate.orm.jdbc.bind          [d5c0e96e-d8e3-4bf7-95e5-28022e5694ff | POST | /api/users] - binding parameter (1:VARCHAR) <- [msgauthor]
26-04-06 00:05:19.565 [Test worker] TRACE org.hibernate.orm.jdbc.bind          [d5c0e96e-d8e3-4bf7-95e5-28022e5694ff | POST | /api/users] - binding parameter (2:INTEGER) <- [1]
26-04-06 00:05:19.566 [Test worker] INFO  c.s.m.d.s.basic.BasicUserService     [d5c0e96e-d8e3-4bf7-95e5-28022e5694ff | POST | /api/users] - User created: id=00a97b8e-052d-4ada-97bd-e3f916185bab, username=msgauthor
26-04-06 00:05:19.566 [Test worker] INFO  c.s.m.d.controller.UserController    [d5c0e96e-d8e3-4bf7-95e5-28022e5694ff | POST | /api/users] - User created via API: id=00a97b8e-052d-4ada-97bd-e3f916185bab
26-04-06 00:05:19.568 [Test worker] DEBUG c.s.m.d.controller.ChannelController [60e6ea45-5fec-4f42-a878-832aa926764d | POST | /api/channels/public] - POST /api/channels/public - create public channel: name=msg-channel
26-04-06 00:05:19.568 [Test worker] DEBUG c.s.m.d.s.basic.BasicChannelService  [60e6ea45-5fec-4f42-a878-832aa926764d | POST | /api/channels/public] - Creating public channel: name=msg-channel
26-04-06 00:05:19.568 [Test worker] INFO  c.s.m.d.s.basic.BasicChannelService  [60e6ea45-5fec-4f42-a878-832aa926764d | POST | /api/channels/public] - Public channel created: id=b7177d43-64d7-444b-ab2e-78c3e8daf2b3, name=msg-channel
26-04-06 00:05:19.568 [Test worker] DEBUG org.hibernate.SQL                    [60e6ea45-5fec-4f42-a878-832aa926764d | POST | /api/channels/public] - 
    select
        m1_0.created_at 
    from
        messages m1_0 
    where
        m1_0.channel_id=? 
    order by
        m1_0.created_at desc 
    fetch
        first 1 rows only
26-04-06 00:05:19.569 [Test worker] TRACE org.hibernate.orm.jdbc.bind          [60e6ea45-5fec-4f42-a878-832aa926764d | POST | /api/channels/public] - binding parameter (1:UUID) <- [b7177d43-64d7-444b-ab2e-78c3e8daf2b3]
26-04-06 00:05:19.569 [Test worker] INFO  c.s.m.d.controller.ChannelController [60e6ea45-5fec-4f42-a878-832aa926764d | POST | /api/channels/public] - Public channel created via API: id=b7177d43-64d7-444b-ab2e-78c3e8daf2b3
26-04-06 00:05:19.571 [Test worker] DEBUG c.s.m.d.controller.MessageController [1d1ccd11-6629-4ddd-8c02-574b5d0bc763 | DELETE | /api/messages/31a27836-4170-4240-95ef-2bf98a5852b7] - DELETE /api/messages/31a27836-4170-4240-95ef-2bf98a5852b7
26-04-06 00:05:19.572 [Test worker] DEBUG c.s.m.d.s.basic.BasicMessageService  [1d1ccd11-6629-4ddd-8c02-574b5d0bc763 | DELETE | /api/messages/31a27836-4170-4240-95ef-2bf98a5852b7] - Deleting message: id=31a27836-4170-4240-95ef-2bf98a5852b7
26-04-06 00:05:19.574 [Test worker] DEBUG org.hibernate.SQL                    [1d1ccd11-6629-4ddd-8c02-574b5d0bc763 | DELETE | /api/messages/31a27836-4170-4240-95ef-2bf98a5852b7] - 
    select
        count(*) 
    from
        messages m1_0 
    where
        m1_0.id=?
26-04-06 00:05:19.574 [Test worker] TRACE org.hibernate.orm.jdbc.bind          [1d1ccd11-6629-4ddd-8c02-574b5d0bc763 | DELETE | /api/messages/31a27836-4170-4240-95ef-2bf98a5852b7] - binding parameter (1:UUID) <- [31a27836-4170-4240-95ef-2bf98a5852b7]
26-04-06 00:05:19.575 [Test worker] WARN  c.s.m.d.e.GlobalExceptionHandler     [1d1ccd11-6629-4ddd-8c02-574b5d0bc763 | DELETE | /api/messages/31a27836-4170-4240-95ef-2bf98a5852b7] - DiscodeitException [MESSAGE_NOT_FOUND]: Message not found, details={messageId=31a27836-4170-4240-95ef-2bf98a5852b7}
26-04-06 00:05:19.585 [Test worker] DEBUG c.s.m.d.controller.UserController    [17430a09-09f3-4f8f-9faf-cb99359bd264 | POST | /api/users] - POST /api/users - create user: username=msgauthor
26-04-06 00:05:19.585 [Test worker] DEBUG c.s.m.d.s.basic.BasicUserService     [17430a09-09f3-4f8f-9faf-cb99359bd264 | POST | /api/users] - Creating user: username=msgauthor, email=msgauthor@test.com
26-04-06 00:05:19.586 [Test worker] DEBUG org.hibernate.SQL                    [17430a09-09f3-4f8f-9faf-cb99359bd264 | POST | /api/users] - 
    select
        u1_0.id 
    from
        users u1_0 
    where
        u1_0.email=? 
    fetch
        first ? rows only
26-04-06 00:05:19.587 [Test worker] TRACE org.hibernate.orm.jdbc.bind          [17430a09-09f3-4f8f-9faf-cb99359bd264 | POST | /api/users] - binding parameter (1:VARCHAR) <- [msgauthor@test.com]
26-04-06 00:05:19.587 [Test worker] TRACE org.hibernate.orm.jdbc.bind          [17430a09-09f3-4f8f-9faf-cb99359bd264 | POST | /api/users] - binding parameter (2:INTEGER) <- [1]
26-04-06 00:05:19.588 [Test worker] DEBUG org.hibernate.SQL                    [17430a09-09f3-4f8f-9faf-cb99359bd264 | POST | /api/users] - 
    select
        u1_0.id 
    from
        users u1_0 
    where
        u1_0.username=? 
    fetch
        first ? rows only
26-04-06 00:05:19.588 [Test worker] TRACE org.hibernate.orm.jdbc.bind          [17430a09-09f3-4f8f-9faf-cb99359bd264 | POST | /api/users] - binding parameter (1:VARCHAR) <- [msgauthor]
26-04-06 00:05:19.588 [Test worker] TRACE org.hibernate.orm.jdbc.bind          [17430a09-09f3-4f8f-9faf-cb99359bd264 | POST | /api/users] - binding parameter (2:INTEGER) <- [1]
26-04-06 00:05:19.590 [Test worker] INFO  c.s.m.d.s.basic.BasicUserService     [17430a09-09f3-4f8f-9faf-cb99359bd264 | POST | /api/users] - User created: id=9f218112-e432-4bd8-b732-43b31cb95ffe, username=msgauthor
26-04-06 00:05:19.590 [Test worker] INFO  c.s.m.d.controller.UserController    [17430a09-09f3-4f8f-9faf-cb99359bd264 | POST | /api/users] - User created via API: id=9f218112-e432-4bd8-b732-43b31cb95ffe
26-04-06 00:05:19.593 [Test worker] DEBUG c.s.m.d.controller.ChannelController [b857b0ee-6804-40e3-b8bd-b1636b417d42 | POST | /api/channels/public] - POST /api/channels/public - create public channel: name=msg-channel
26-04-06 00:05:19.593 [Test worker] DEBUG c.s.m.d.s.basic.BasicChannelService  [b857b0ee-6804-40e3-b8bd-b1636b417d42 | POST | /api/channels/public] - Creating public channel: name=msg-channel
26-04-06 00:05:19.594 [Test worker] INFO  c.s.m.d.s.basic.BasicChannelService  [b857b0ee-6804-40e3-b8bd-b1636b417d42 | POST | /api/channels/public] - Public channel created: id=6bb9c64f-de7a-48e7-a204-5aca3549b818, name=msg-channel
26-04-06 00:05:19.595 [Test worker] DEBUG org.hibernate.SQL                    [b857b0ee-6804-40e3-b8bd-b1636b417d42 | POST | /api/channels/public] - 
    select
        m1_0.created_at 
    from
        messages m1_0 
    where
        m1_0.channel_id=? 
    order by
        m1_0.created_at desc 
    fetch
        first 1 rows only
26-04-06 00:05:19.595 [Test worker] TRACE org.hibernate.orm.jdbc.bind          [b857b0ee-6804-40e3-b8bd-b1636b417d42 | POST | /api/channels/public] - binding parameter (1:UUID) <- [6bb9c64f-de7a-48e7-a204-5aca3549b818]
26-04-06 00:05:19.596 [Test worker] INFO  c.s.m.d.controller.ChannelController [b857b0ee-6804-40e3-b8bd-b1636b417d42 | POST | /api/channels/public] - Public channel created via API: id=6bb9c64f-de7a-48e7-a204-5aca3549b818
26-04-06 00:05:19.598 [Test worker] DEBUG c.s.m.d.controller.MessageController [8e44e48c-eb2b-4d72-98da-93ce31244b75 | POST | /api/messages] - POST /api/messages - create message: channelId=6bb9c64f-de7a-48e7-a204-5aca3549b818
26-04-06 00:05:19.598 [Test worker] DEBUG c.s.m.d.s.basic.BasicMessageService  [8e44e48c-eb2b-4d72-98da-93ce31244b75 | POST | /api/messages] - Creating message: channelId=6bb9c64f-de7a-48e7-a204-5aca3549b818, authorId=9f218112-e432-4bd8-b732-43b31cb95ffe
26-04-06 00:05:19.599 [Test worker] INFO  c.s.m.d.s.basic.BasicMessageService  [8e44e48c-eb2b-4d72-98da-93ce31244b75 | POST | /api/messages] - Message created: id=91a0c579-e0aa-4601-869a-e10f71733846, channelId=6bb9c64f-de7a-48e7-a204-5aca3549b818, authorId=9f218112-e432-4bd8-b732-43b31cb95ffe
26-04-06 00:05:19.599 [Test worker] INFO  c.s.m.d.controller.MessageController [8e44e48c-eb2b-4d72-98da-93ce31244b75 | POST | /api/messages] - Message created via API: id=91a0c579-e0aa-4601-869a-e10f71733846
26-04-06 00:05:19.602 [Test worker] DEBUG c.s.m.d.controller.MessageController [eeb44e90-73f6-4e59-a343-ecbe99291c49 | DELETE | /api/messages/91a0c579-e0aa-4601-869a-e10f71733846] - DELETE /api/messages/91a0c579-e0aa-4601-869a-e10f71733846
26-04-06 00:05:19.602 [Test worker] DEBUG c.s.m.d.s.basic.BasicMessageService  [eeb44e90-73f6-4e59-a343-ecbe99291c49 | DELETE | /api/messages/91a0c579-e0aa-4601-869a-e10f71733846] - Deleting message: id=91a0c579-e0aa-4601-869a-e10f71733846
26-04-06 00:05:19.607 [Test worker] DEBUG org.hibernate.SQL                    [eeb44e90-73f6-4e59-a343-ecbe99291c49 | DELETE | /api/messages/91a0c579-e0aa-4601-869a-e10f71733846] - 
    insert 
    into
        users
        (created_at, email, password, profile_id, updated_at, username, id) 
    values
        (?, ?, ?, ?, ?, ?, ?)
26-04-06 00:05:19.608 [Test worker] TRACE org.hibernate.orm.jdbc.bind          [eeb44e90-73f6-4e59-a343-ecbe99291c49 | DELETE | /api/messages/91a0c579-e0aa-4601-869a-e10f71733846] - binding parameter (1:TIMESTAMP_UTC) <- [2026-04-05T15:05:19.589987600Z]
26-04-06 00:05:19.608 [Test worker] TRACE org.hibernate.orm.jdbc.bind          [eeb44e90-73f6-4e59-a343-ecbe99291c49 | DELETE | /api/messages/91a0c579-e0aa-4601-869a-e10f71733846] - binding parameter (2:VARCHAR) <- [msgauthor@test.com]
26-04-06 00:05:19.608 [Test worker] TRACE org.hibernate.orm.jdbc.bind          [eeb44e90-73f6-4e59-a343-ecbe99291c49 | DELETE | /api/messages/91a0c579-e0aa-4601-869a-e10f71733846] - binding parameter (3:VARCHAR) <- [password123]
26-04-06 00:05:19.608 [Test worker] TRACE org.hibernate.orm.jdbc.bind          [eeb44e90-73f6-4e59-a343-ecbe99291c49 | DELETE | /api/messages/91a0c579-e0aa-4601-869a-e10f71733846] - binding parameter (4:UUID) <- [null]
26-04-06 00:05:19.608 [Test worker] TRACE org.hibernate.orm.jdbc.bind          [eeb44e90-73f6-4e59-a343-ecbe99291c49 | DELETE | /api/messages/91a0c579-e0aa-4601-869a-e10f71733846] - binding parameter (5:TIMESTAMP_UTC) <- [2026-04-05T15:05:19.589987600Z]
26-04-06 00:05:19.608 [Test worker] TRACE org.hibernate.orm.jdbc.bind          [eeb44e90-73f6-4e59-a343-ecbe99291c49 | DELETE | /api/messages/91a0c579-e0aa-4601-869a-e10f71733846] - binding parameter (6:VARCHAR) <- [msgauthor]
26-04-06 00:05:19.608 [Test worker] TRACE org.hibernate.orm.jdbc.bind          [eeb44e90-73f6-4e59-a343-ecbe99291c49 | DELETE | /api/messages/91a0c579-e0aa-4601-869a-e10f71733846] - binding parameter (7:UUID) <- [9f218112-e432-4bd8-b732-43b31cb95ffe]
26-04-06 00:05:19.608 [Test worker] DEBUG org.hibernate.SQL                    [eeb44e90-73f6-4e59-a343-ecbe99291c49 | DELETE | /api/messages/91a0c579-e0aa-4601-869a-e10f71733846] - 
    insert 
    into
        user_statuses
        (created_at, last_active_at, updated_at, user_id, id) 
    values
        (?, ?, ?, ?, ?)
26-04-06 00:05:19.610 [Test worker] TRACE org.hibernate.orm.jdbc.bind          [eeb44e90-73f6-4e59-a343-ecbe99291c49 | DELETE | /api/messages/91a0c579-e0aa-4601-869a-e10f71733846] - binding parameter (1:TIMESTAMP_UTC) <- [2026-04-05T15:05:19.590992600Z]
26-04-06 00:05:19.610 [Test worker] TRACE org.hibernate.orm.jdbc.bind          [eeb44e90-73f6-4e59-a343-ecbe99291c49 | DELETE | /api/messages/91a0c579-e0aa-4601-869a-e10f71733846] - binding parameter (2:TIMESTAMP_UTC) <- [2026-04-05T15:05:19.589987600Z]
26-04-06 00:05:19.610 [Test worker] TRACE org.hibernate.orm.jdbc.bind          [eeb44e90-73f6-4e59-a343-ecbe99291c49 | DELETE | /api/messages/91a0c579-e0aa-4601-869a-e10f71733846] - binding parameter (3:TIMESTAMP_UTC) <- [2026-04-05T15:05:19.590992600Z]
26-04-06 00:05:19.610 [Test worker] TRACE org.hibernate.orm.jdbc.bind          [eeb44e90-73f6-4e59-a343-ecbe99291c49 | DELETE | /api/messages/91a0c579-e0aa-4601-869a-e10f71733846] - binding parameter (4:UUID) <- [9f218112-e432-4bd8-b732-43b31cb95ffe]
26-04-06 00:05:19.610 [Test worker] TRACE org.hibernate.orm.jdbc.bind          [eeb44e90-73f6-4e59-a343-ecbe99291c49 | DELETE | /api/messages/91a0c579-e0aa-4601-869a-e10f71733846] - binding parameter (5:UUID) <- [467b4590-bc4f-464e-9d7e-23e4e078945e]
26-04-06 00:05:19.610 [Test worker] DEBUG org.hibernate.SQL                    [eeb44e90-73f6-4e59-a343-ecbe99291c49 | DELETE | /api/messages/91a0c579-e0aa-4601-869a-e10f71733846] - 
    insert 
    into
        channels
        (created_at, description, name, type, updated_at, id) 
    values
        (?, ?, ?, ?, ?, ?)
26-04-06 00:05:19.611 [Test worker] TRACE org.hibernate.orm.jdbc.bind          [eeb44e90-73f6-4e59-a343-ecbe99291c49 | DELETE | /api/messages/91a0c579-e0aa-4601-869a-e10f71733846] - binding parameter (1:TIMESTAMP_UTC) <- [2026-04-05T15:05:19.594992300Z]
26-04-06 00:05:19.611 [Test worker] TRACE org.hibernate.orm.jdbc.bind          [eeb44e90-73f6-4e59-a343-ecbe99291c49 | DELETE | /api/messages/91a0c579-e0aa-4601-869a-e10f71733846] - binding parameter (2:VARCHAR) <- [desc]
26-04-06 00:05:19.611 [Test worker] TRACE org.hibernate.orm.jdbc.bind          [eeb44e90-73f6-4e59-a343-ecbe99291c49 | DELETE | /api/messages/91a0c579-e0aa-4601-869a-e10f71733846] - binding parameter (3:VARCHAR) <- [msg-channel]
26-04-06 00:05:19.611 [Test worker] TRACE org.hibernate.orm.jdbc.bind          [eeb44e90-73f6-4e59-a343-ecbe99291c49 | DELETE | /api/messages/91a0c579-e0aa-4601-869a-e10f71733846] - binding parameter (4:ENUM) <- [PUBLIC]
26-04-06 00:05:19.611 [Test worker] TRACE org.hibernate.orm.jdbc.bind          [eeb44e90-73f6-4e59-a343-ecbe99291c49 | DELETE | /api/messages/91a0c579-e0aa-4601-869a-e10f71733846] - binding parameter (5:TIMESTAMP_UTC) <- [2026-04-05T15:05:19.594992300Z]
26-04-06 00:05:19.611 [Test worker] TRACE org.hibernate.orm.jdbc.bind          [eeb44e90-73f6-4e59-a343-ecbe99291c49 | DELETE | /api/messages/91a0c579-e0aa-4601-869a-e10f71733846] - binding parameter (6:UUID) <- [6bb9c64f-de7a-48e7-a204-5aca3549b818]
26-04-06 00:05:19.611 [Test worker] DEBUG org.hibernate.SQL                    [eeb44e90-73f6-4e59-a343-ecbe99291c49 | DELETE | /api/messages/91a0c579-e0aa-4601-869a-e10f71733846] - 
    insert 
    into
        messages
        (author_id, channel_id, content, created_at, updated_at, id) 
    values
        (?, ?, ?, ?, ?, ?)
26-04-06 00:05:19.612 [Test worker] TRACE org.hibernate.orm.jdbc.bind          [eeb44e90-73f6-4e59-a343-ecbe99291c49 | DELETE | /api/messages/91a0c579-e0aa-4601-869a-e10f71733846] - binding parameter (1:UUID) <- [9f218112-e432-4bd8-b732-43b31cb95ffe]
26-04-06 00:05:19.612 [Test worker] TRACE org.hibernate.orm.jdbc.bind          [eeb44e90-73f6-4e59-a343-ecbe99291c49 | DELETE | /api/messages/91a0c579-e0aa-4601-869a-e10f71733846] - binding parameter (2:UUID) <- [6bb9c64f-de7a-48e7-a204-5aca3549b818]
26-04-06 00:05:19.612 [Test worker] TRACE org.hibernate.orm.jdbc.bind          [eeb44e90-73f6-4e59-a343-ecbe99291c49 | DELETE | /api/messages/91a0c579-e0aa-4601-869a-e10f71733846] - binding parameter (3:VARCHAR) <- [To be deleted]
26-04-06 00:05:19.612 [Test worker] TRACE org.hibernate.orm.jdbc.bind          [eeb44e90-73f6-4e59-a343-ecbe99291c49 | DELETE | /api/messages/91a0c579-e0aa-4601-869a-e10f71733846] - binding parameter (4:TIMESTAMP_UTC) <- [2026-04-05T15:05:19.599993700Z]
26-04-06 00:05:19.612 [Test worker] TRACE org.hibernate.orm.jdbc.bind          [eeb44e90-73f6-4e59-a343-ecbe99291c49 | DELETE | /api/messages/91a0c579-e0aa-4601-869a-e10f71733846] - binding parameter (5:TIMESTAMP_UTC) <- [2026-04-05T15:05:19.599993700Z]
26-04-06 00:05:19.612 [Test worker] TRACE org.hibernate.orm.jdbc.bind          [eeb44e90-73f6-4e59-a343-ecbe99291c49 | DELETE | /api/messages/91a0c579-e0aa-4601-869a-e10f71733846] - binding parameter (6:UUID) <- [91a0c579-e0aa-4601-869a-e10f71733846]
26-04-06 00:05:19.618 [Test worker] DEBUG org.hibernate.SQL                    [eeb44e90-73f6-4e59-a343-ecbe99291c49 | DELETE | /api/messages/91a0c579-e0aa-4601-869a-e10f71733846] - 
    select
        count(*) 
    from
        messages m1_0 
    where
        m1_0.id=?
26-04-06 00:05:19.618 [Test worker] TRACE org.hibernate.orm.jdbc.bind          [eeb44e90-73f6-4e59-a343-ecbe99291c49 | DELETE | /api/messages/91a0c579-e0aa-4601-869a-e10f71733846] - binding parameter (1:UUID) <- [91a0c579-e0aa-4601-869a-e10f71733846]
26-04-06 00:05:19.620 [Test worker] INFO  c.s.m.d.s.basic.BasicMessageService  [eeb44e90-73f6-4e59-a343-ecbe99291c49 | DELETE | /api/messages/91a0c579-e0aa-4601-869a-e10f71733846] - Message deleted: id=91a0c579-e0aa-4601-869a-e10f71733846
26-04-06 00:05:19.629 [Test worker] DEBUG c.s.m.d.controller.UserController    [bc3a4e03-194f-4f3b-9e46-f5862e3fbd66 | POST | /api/users] - POST /api/users - create user: username=msgauthor
26-04-06 00:05:19.629 [Test worker] DEBUG c.s.m.d.s.basic.BasicUserService     [bc3a4e03-194f-4f3b-9e46-f5862e3fbd66 | POST | /api/users] - Creating user: username=msgauthor, email=msgauthor@test.com
26-04-06 00:05:19.630 [Test worker] DEBUG org.hibernate.SQL                    [bc3a4e03-194f-4f3b-9e46-f5862e3fbd66 | POST | /api/users] - 
    select
        u1_0.id 
    from
        users u1_0 
    where
        u1_0.email=? 
    fetch
        first ? rows only
26-04-06 00:05:19.631 [Test worker] TRACE org.hibernate.orm.jdbc.bind          [bc3a4e03-194f-4f3b-9e46-f5862e3fbd66 | POST | /api/users] - binding parameter (1:VARCHAR) <- [msgauthor@test.com]
26-04-06 00:05:19.631 [Test worker] TRACE org.hibernate.orm.jdbc.bind          [bc3a4e03-194f-4f3b-9e46-f5862e3fbd66 | POST | /api/users] - binding parameter (2:INTEGER) <- [1]
26-04-06 00:05:19.632 [Test worker] DEBUG org.hibernate.SQL                    [bc3a4e03-194f-4f3b-9e46-f5862e3fbd66 | POST | /api/users] - 
    select
        u1_0.id 
    from
        users u1_0 
    where
        u1_0.username=? 
    fetch
        first ? rows only
26-04-06 00:05:19.632 [Test worker] TRACE org.hibernate.orm.jdbc.bind          [bc3a4e03-194f-4f3b-9e46-f5862e3fbd66 | POST | /api/users] - binding parameter (1:VARCHAR) <- [msgauthor]
26-04-06 00:05:19.632 [Test worker] TRACE org.hibernate.orm.jdbc.bind          [bc3a4e03-194f-4f3b-9e46-f5862e3fbd66 | POST | /api/users] - binding parameter (2:INTEGER) <- [1]
26-04-06 00:05:19.633 [Test worker] INFO  c.s.m.d.s.basic.BasicUserService     [bc3a4e03-194f-4f3b-9e46-f5862e3fbd66 | POST | /api/users] - User created: id=52486668-1a3f-4554-8c7d-3606a1ad933a, username=msgauthor
26-04-06 00:05:19.634 [Test worker] INFO  c.s.m.d.controller.UserController    [bc3a4e03-194f-4f3b-9e46-f5862e3fbd66 | POST | /api/users] - User created via API: id=52486668-1a3f-4554-8c7d-3606a1ad933a
26-04-06 00:05:19.636 [Test worker] DEBUG c.s.m.d.controller.ChannelController [7f5859c1-59b8-49a5-9c98-8676de98406b | POST | /api/channels/public] - POST /api/channels/public - create public channel: name=msg-channel
26-04-06 00:05:19.636 [Test worker] DEBUG c.s.m.d.s.basic.BasicChannelService  [7f5859c1-59b8-49a5-9c98-8676de98406b | POST | /api/channels/public] - Creating public channel: name=msg-channel
26-04-06 00:05:19.637 [Test worker] INFO  c.s.m.d.s.basic.BasicChannelService  [7f5859c1-59b8-49a5-9c98-8676de98406b | POST | /api/channels/public] - Public channel created: id=d5bb06f1-61f9-4f14-9eae-92ca76ca7676, name=msg-channel
26-04-06 00:05:19.637 [Test worker] DEBUG org.hibernate.SQL                    [7f5859c1-59b8-49a5-9c98-8676de98406b | POST | /api/channels/public] - 
    select
        m1_0.created_at 
    from
        messages m1_0 
    where
        m1_0.channel_id=? 
    order by
        m1_0.created_at desc 
    fetch
        first 1 rows only
26-04-06 00:05:19.638 [Test worker] TRACE org.hibernate.orm.jdbc.bind          [7f5859c1-59b8-49a5-9c98-8676de98406b | POST | /api/channels/public] - binding parameter (1:UUID) <- [d5bb06f1-61f9-4f14-9eae-92ca76ca7676]
26-04-06 00:05:19.638 [Test worker] INFO  c.s.m.d.controller.ChannelController [7f5859c1-59b8-49a5-9c98-8676de98406b | POST | /api/channels/public] - Public channel created via API: id=d5bb06f1-61f9-4f14-9eae-92ca76ca7676
26-04-06 00:05:19.640 [Test worker] DEBUG c.s.m.d.controller.MessageController [537f8e49-8e99-4891-8ad4-a93e47802fd2 | POST | /api/messages] - POST /api/messages - create message: channelId=d5bb06f1-61f9-4f14-9eae-92ca76ca7676
26-04-06 00:05:19.640 [Test worker] DEBUG c.s.m.d.s.basic.BasicMessageService  [537f8e49-8e99-4891-8ad4-a93e47802fd2 | POST | /api/messages] - Creating message: channelId=d5bb06f1-61f9-4f14-9eae-92ca76ca7676, authorId=52486668-1a3f-4554-8c7d-3606a1ad933a
26-04-06 00:05:19.642 [Test worker] INFO  c.s.m.d.s.basic.BasicMessageService  [537f8e49-8e99-4891-8ad4-a93e47802fd2 | POST | /api/messages] - Message created: id=346e6bef-f914-42a3-a75c-1d6618b9a892, channelId=d5bb06f1-61f9-4f14-9eae-92ca76ca7676, authorId=52486668-1a3f-4554-8c7d-3606a1ad933a
26-04-06 00:05:19.642 [Test worker] INFO  c.s.m.d.controller.MessageController [537f8e49-8e99-4891-8ad4-a93e47802fd2 | POST | /api/messages] - Message created via API: id=346e6bef-f914-42a3-a75c-1d6618b9a892
26-04-06 00:05:19.651 [Test worker] DEBUG c.s.m.d.controller.UserController    [8f251668-5033-4fe6-b996-880d658f09ff | POST | /api/users] - POST /api/users - create user: username=msgauthor
26-04-06 00:05:19.651 [Test worker] DEBUG c.s.m.d.s.basic.BasicUserService     [8f251668-5033-4fe6-b996-880d658f09ff | POST | /api/users] - Creating user: username=msgauthor, email=msgauthor@test.com
26-04-06 00:05:19.652 [Test worker] DEBUG org.hibernate.SQL                    [8f251668-5033-4fe6-b996-880d658f09ff | POST | /api/users] - 
    select
        u1_0.id 
    from
        users u1_0 
    where
        u1_0.email=? 
    fetch
        first ? rows only
26-04-06 00:05:19.653 [Test worker] TRACE org.hibernate.orm.jdbc.bind          [8f251668-5033-4fe6-b996-880d658f09ff | POST | /api/users] - binding parameter (1:VARCHAR) <- [msgauthor@test.com]
26-04-06 00:05:19.653 [Test worker] TRACE org.hibernate.orm.jdbc.bind          [8f251668-5033-4fe6-b996-880d658f09ff | POST | /api/users] - binding parameter (2:INTEGER) <- [1]
26-04-06 00:05:19.654 [Test worker] DEBUG org.hibernate.SQL                    [8f251668-5033-4fe6-b996-880d658f09ff | POST | /api/users] - 
    select
        u1_0.id 
    from
        users u1_0 
    where
        u1_0.username=? 
    fetch
        first ? rows only
26-04-06 00:05:19.654 [Test worker] TRACE org.hibernate.orm.jdbc.bind          [8f251668-5033-4fe6-b996-880d658f09ff | POST | /api/users] - binding parameter (1:VARCHAR) <- [msgauthor]
26-04-06 00:05:19.654 [Test worker] TRACE org.hibernate.orm.jdbc.bind          [8f251668-5033-4fe6-b996-880d658f09ff | POST | /api/users] - binding parameter (2:INTEGER) <- [1]
26-04-06 00:05:19.655 [Test worker] INFO  c.s.m.d.s.basic.BasicUserService     [8f251668-5033-4fe6-b996-880d658f09ff | POST | /api/users] - User created: id=3f590a05-6bd8-4321-a6e9-ab246ce4b435, username=msgauthor
26-04-06 00:05:19.656 [Test worker] INFO  c.s.m.d.controller.UserController    [8f251668-5033-4fe6-b996-880d658f09ff | POST | /api/users] - User created via API: id=3f590a05-6bd8-4321-a6e9-ab246ce4b435
26-04-06 00:05:19.658 [Test worker] DEBUG c.s.m.d.controller.ChannelController [d13c115e-5bca-4f61-addf-1a8785e8d98c | POST | /api/channels/public] - POST /api/channels/public - create public channel: name=msg-channel
26-04-06 00:05:19.658 [Test worker] DEBUG c.s.m.d.s.basic.BasicChannelService  [d13c115e-5bca-4f61-addf-1a8785e8d98c | POST | /api/channels/public] - Creating public channel: name=msg-channel
26-04-06 00:05:19.658 [Test worker] INFO  c.s.m.d.s.basic.BasicChannelService  [d13c115e-5bca-4f61-addf-1a8785e8d98c | POST | /api/channels/public] - Public channel created: id=b32d85bc-70fc-49f8-971d-1fbb8fb7fee3, name=msg-channel
26-04-06 00:05:19.659 [Test worker] DEBUG org.hibernate.SQL                    [d13c115e-5bca-4f61-addf-1a8785e8d98c | POST | /api/channels/public] - 
    select
        m1_0.created_at 
    from
        messages m1_0 
    where
        m1_0.channel_id=? 
    order by
        m1_0.created_at desc 
    fetch
        first 1 rows only
26-04-06 00:05:19.660 [Test worker] TRACE org.hibernate.orm.jdbc.bind          [d13c115e-5bca-4f61-addf-1a8785e8d98c | POST | /api/channels/public] - binding parameter (1:UUID) <- [b32d85bc-70fc-49f8-971d-1fbb8fb7fee3]
26-04-06 00:05:19.660 [Test worker] INFO  c.s.m.d.controller.ChannelController [d13c115e-5bca-4f61-addf-1a8785e8d98c | POST | /api/channels/public] - Public channel created via API: id=b32d85bc-70fc-49f8-971d-1fbb8fb7fee3
26-04-06 00:05:19.662 [Test worker] DEBUG c.s.m.d.controller.MessageController [751b4f8f-cdcd-4576-ba1d-d6be042137fe | POST | /api/messages] - POST /api/messages - create message: channelId=b32d85bc-70fc-49f8-971d-1fbb8fb7fee3
26-04-06 00:05:19.662 [Test worker] DEBUG c.s.m.d.s.basic.BasicMessageService  [751b4f8f-cdcd-4576-ba1d-d6be042137fe | POST | /api/messages] - Creating message: channelId=b32d85bc-70fc-49f8-971d-1fbb8fb7fee3, authorId=3f590a05-6bd8-4321-a6e9-ab246ce4b435
26-04-06 00:05:19.664 [Test worker] INFO  c.s.m.d.s.basic.BasicMessageService  [751b4f8f-cdcd-4576-ba1d-d6be042137fe | POST | /api/messages] - Message created: id=b4f1f751-9d28-49de-b3b5-a68899de721a, channelId=b32d85bc-70fc-49f8-971d-1fbb8fb7fee3, authorId=3f590a05-6bd8-4321-a6e9-ab246ce4b435
26-04-06 00:05:19.664 [Test worker] INFO  c.s.m.d.controller.MessageController [751b4f8f-cdcd-4576-ba1d-d6be042137fe | POST | /api/messages] - Message created via API: id=b4f1f751-9d28-49de-b3b5-a68899de721a
26-04-06 00:05:19.666 [Test worker] DEBUG c.s.m.d.controller.MessageController [80cca328-2e22-4e64-be64-590aab5cdc56 | POST | /api/messages] - POST /api/messages - create message: channelId=b32d85bc-70fc-49f8-971d-1fbb8fb7fee3
26-04-06 00:05:19.666 [Test worker] DEBUG c.s.m.d.s.basic.BasicMessageService  [80cca328-2e22-4e64-be64-590aab5cdc56 | POST | /api/messages] - Creating message: channelId=b32d85bc-70fc-49f8-971d-1fbb8fb7fee3, authorId=3f590a05-6bd8-4321-a6e9-ab246ce4b435
26-04-06 00:05:19.667 [Test worker] INFO  c.s.m.d.s.basic.BasicMessageService  [80cca328-2e22-4e64-be64-590aab5cdc56 | POST | /api/messages] - Message created: id=608634a1-16a1-41f2-9ce4-50dcbe51a5b8, channelId=b32d85bc-70fc-49f8-971d-1fbb8fb7fee3, authorId=3f590a05-6bd8-4321-a6e9-ab246ce4b435
26-04-06 00:05:19.667 [Test worker] INFO  c.s.m.d.controller.MessageController [80cca328-2e22-4e64-be64-590aab5cdc56 | POST | /api/messages] - Message created via API: id=608634a1-16a1-41f2-9ce4-50dcbe51a5b8
26-04-06 00:05:19.669 [Test worker] DEBUG c.s.m.d.controller.MessageController [dbe87f02-a140-43c2-8258-b99783742686 | GET | /api/messages] - GET /api/messages?channelId=b32d85bc-70fc-49f8-971d-1fbb8fb7fee3
26-04-06 00:05:19.669 [Test worker] DEBUG c.s.m.d.s.basic.BasicMessageService  [dbe87f02-a140-43c2-8258-b99783742686 | GET | /api/messages] - Fetching messages: channelId=b32d85bc-70fc-49f8-971d-1fbb8fb7fee3, cursor=null
26-04-06 00:05:19.682 [Test worker] DEBUG org.hibernate.SQL                    [dbe87f02-a140-43c2-8258-b99783742686 | GET | /api/messages] - 
    insert 
    into
        users
        (created_at, email, password, profile_id, updated_at, username, id) 
    values
        (?, ?, ?, ?, ?, ?, ?)
26-04-06 00:05:19.682 [Test worker] TRACE org.hibernate.orm.jdbc.bind          [dbe87f02-a140-43c2-8258-b99783742686 | GET | /api/messages] - binding parameter (1:TIMESTAMP_UTC) <- [2026-04-05T15:05:19.655479500Z]
26-04-06 00:05:19.683 [Test worker] TRACE org.hibernate.orm.jdbc.bind          [dbe87f02-a140-43c2-8258-b99783742686 | GET | /api/messages] - binding parameter (2:VARCHAR) <- [msgauthor@test.com]
26-04-06 00:05:19.683 [Test worker] TRACE org.hibernate.orm.jdbc.bind          [dbe87f02-a140-43c2-8258-b99783742686 | GET | /api/messages] - binding parameter (3:VARCHAR) <- [password123]
26-04-06 00:05:19.683 [Test worker] TRACE org.hibernate.orm.jdbc.bind          [dbe87f02-a140-43c2-8258-b99783742686 | GET | /api/messages] - binding parameter (4:UUID) <- [null]
26-04-06 00:05:19.683 [Test worker] TRACE org.hibernate.orm.jdbc.bind          [dbe87f02-a140-43c2-8258-b99783742686 | GET | /api/messages] - binding parameter (5:TIMESTAMP_UTC) <- [2026-04-05T15:05:19.655479500Z]
26-04-06 00:05:19.683 [Test worker] TRACE org.hibernate.orm.jdbc.bind          [dbe87f02-a140-43c2-8258-b99783742686 | GET | /api/messages] - binding parameter (6:VARCHAR) <- [msgauthor]
26-04-06 00:05:19.683 [Test worker] TRACE org.hibernate.orm.jdbc.bind          [dbe87f02-a140-43c2-8258-b99783742686 | GET | /api/messages] - binding parameter (7:UUID) <- [3f590a05-6bd8-4321-a6e9-ab246ce4b435]
26-04-06 00:05:19.684 [Test worker] DEBUG org.hibernate.SQL                    [dbe87f02-a140-43c2-8258-b99783742686 | GET | /api/messages] - 
    insert 
    into
        user_statuses
        (created_at, last_active_at, updated_at, user_id, id) 
    values
        (?, ?, ?, ?, ?)
26-04-06 00:05:19.684 [Test worker] TRACE org.hibernate.orm.jdbc.bind          [dbe87f02-a140-43c2-8258-b99783742686 | GET | /api/messages] - binding parameter (1:TIMESTAMP_UTC) <- [2026-04-05T15:05:19.655479500Z]
26-04-06 00:05:19.684 [Test worker] TRACE org.hibernate.orm.jdbc.bind          [dbe87f02-a140-43c2-8258-b99783742686 | GET | /api/messages] - binding parameter (2:TIMESTAMP_UTC) <- [2026-04-05T15:05:19.655479500Z]
26-04-06 00:05:19.684 [Test worker] TRACE org.hibernate.orm.jdbc.bind          [dbe87f02-a140-43c2-8258-b99783742686 | GET | /api/messages] - binding parameter (3:TIMESTAMP_UTC) <- [2026-04-05T15:05:19.655479500Z]
26-04-06 00:05:19.684 [Test worker] TRACE org.hibernate.orm.jdbc.bind          [dbe87f02-a140-43c2-8258-b99783742686 | GET | /api/messages] - binding parameter (4:UUID) <- [3f590a05-6bd8-4321-a6e9-ab246ce4b435]
26-04-06 00:05:19.684 [Test worker] TRACE org.hibernate.orm.jdbc.bind          [dbe87f02-a140-43c2-8258-b99783742686 | GET | /api/messages] - binding parameter (5:UUID) <- [72b1e956-e869-4955-b037-727c2f1ae1a0]
26-04-06 00:05:19.685 [Test worker] DEBUG org.hibernate.SQL                    [dbe87f02-a140-43c2-8258-b99783742686 | GET | /api/messages] - 
    insert 
    into
        channels
        (created_at, description, name, type, updated_at, id) 
    values
        (?, ?, ?, ?, ?, ?)
26-04-06 00:05:19.685 [Test worker] TRACE org.hibernate.orm.jdbc.bind          [dbe87f02-a140-43c2-8258-b99783742686 | GET | /api/messages] - binding parameter (1:TIMESTAMP_UTC) <- [2026-04-05T15:05:19.658499500Z]
26-04-06 00:05:19.685 [Test worker] TRACE org.hibernate.orm.jdbc.bind          [dbe87f02-a140-43c2-8258-b99783742686 | GET | /api/messages] - binding parameter (2:VARCHAR) <- [desc]
26-04-06 00:05:19.686 [Test worker] TRACE org.hibernate.orm.jdbc.bind          [dbe87f02-a140-43c2-8258-b99783742686 | GET | /api/messages] - binding parameter (3:VARCHAR) <- [msg-channel]
26-04-06 00:05:19.686 [Test worker] TRACE org.hibernate.orm.jdbc.bind          [dbe87f02-a140-43c2-8258-b99783742686 | GET | /api/messages] - binding parameter (4:ENUM) <- [PUBLIC]
26-04-06 00:05:19.686 [Test worker] TRACE org.hibernate.orm.jdbc.bind          [dbe87f02-a140-43c2-8258-b99783742686 | GET | /api/messages] - binding parameter (5:TIMESTAMP_UTC) <- [2026-04-05T15:05:19.658499500Z]
26-04-06 00:05:19.686 [Test worker] TRACE org.hibernate.orm.jdbc.bind          [dbe87f02-a140-43c2-8258-b99783742686 | GET | /api/messages] - binding parameter (6:UUID) <- [b32d85bc-70fc-49f8-971d-1fbb8fb7fee3]
26-04-06 00:05:19.686 [Test worker] DEBUG org.hibernate.SQL                    [dbe87f02-a140-43c2-8258-b99783742686 | GET | /api/messages] - 
    insert 
    into
        messages
        (author_id, channel_id, content, created_at, updated_at, id) 
    values
        (?, ?, ?, ?, ?, ?)
26-04-06 00:05:19.686 [Test worker] TRACE org.hibernate.orm.jdbc.bind          [dbe87f02-a140-43c2-8258-b99783742686 | GET | /api/messages] - binding parameter (1:UUID) <- [3f590a05-6bd8-4321-a6e9-ab246ce4b435]
26-04-06 00:05:19.686 [Test worker] TRACE org.hibernate.orm.jdbc.bind          [dbe87f02-a140-43c2-8258-b99783742686 | GET | /api/messages] - binding parameter (2:UUID) <- [b32d85bc-70fc-49f8-971d-1fbb8fb7fee3]
26-04-06 00:05:19.687 [Test worker] TRACE org.hibernate.orm.jdbc.bind          [dbe87f02-a140-43c2-8258-b99783742686 | GET | /api/messages] - binding parameter (3:VARCHAR) <- [msg1]
26-04-06 00:05:19.687 [Test worker] TRACE org.hibernate.orm.jdbc.bind          [dbe87f02-a140-43c2-8258-b99783742686 | GET | /api/messages] - binding parameter (4:TIMESTAMP_UTC) <- [2026-04-05T15:05:19.663079Z]
26-04-06 00:05:19.687 [Test worker] TRACE org.hibernate.orm.jdbc.bind          [dbe87f02-a140-43c2-8258-b99783742686 | GET | /api/messages] - binding parameter (5:TIMESTAMP_UTC) <- [2026-04-05T15:05:19.663079Z]
26-04-06 00:05:19.687 [Test worker] TRACE org.hibernate.orm.jdbc.bind          [dbe87f02-a140-43c2-8258-b99783742686 | GET | /api/messages] - binding parameter (6:UUID) <- [b4f1f751-9d28-49de-b3b5-a68899de721a]
26-04-06 00:05:19.687 [Test worker] DEBUG org.hibernate.SQL                    [dbe87f02-a140-43c2-8258-b99783742686 | GET | /api/messages] - 
    insert 
    into
        messages
        (author_id, channel_id, content, created_at, updated_at, id) 
    values
        (?, ?, ?, ?, ?, ?)
26-04-06 00:05:19.687 [Test worker] TRACE org.hibernate.orm.jdbc.bind          [dbe87f02-a140-43c2-8258-b99783742686 | GET | /api/messages] - binding parameter (1:UUID) <- [3f590a05-6bd8-4321-a6e9-ab246ce4b435]
26-04-06 00:05:19.687 [Test worker] TRACE org.hibernate.orm.jdbc.bind          [dbe87f02-a140-43c2-8258-b99783742686 | GET | /api/messages] - binding parameter (2:UUID) <- [b32d85bc-70fc-49f8-971d-1fbb8fb7fee3]
26-04-06 00:05:19.687 [Test worker] TRACE org.hibernate.orm.jdbc.bind          [dbe87f02-a140-43c2-8258-b99783742686 | GET | /api/messages] - binding parameter (3:VARCHAR) <- [msg2]
26-04-06 00:05:19.687 [Test worker] TRACE org.hibernate.orm.jdbc.bind          [dbe87f02-a140-43c2-8258-b99783742686 | GET | /api/messages] - binding parameter (4:TIMESTAMP_UTC) <- [2026-04-05T15:05:19.667077600Z]
26-04-06 00:05:19.687 [Test worker] TRACE org.hibernate.orm.jdbc.bind          [dbe87f02-a140-43c2-8258-b99783742686 | GET | /api/messages] - binding parameter (5:TIMESTAMP_UTC) <- [2026-04-05T15:05:19.667077600Z]
26-04-06 00:05:19.687 [Test worker] TRACE org.hibernate.orm.jdbc.bind          [dbe87f02-a140-43c2-8258-b99783742686 | GET | /api/messages] - binding parameter (6:UUID) <- [608634a1-16a1-41f2-9ce4-50dcbe51a5b8]
26-04-06 00:05:19.688 [Test worker] DEBUG org.hibernate.SQL                    [dbe87f02-a140-43c2-8258-b99783742686 | GET | /api/messages] - 
    select
        m1_0.id,
        a1_0.id,
        a1_0.created_at,
        a1_0.email,
        a1_0.password,
        p1_0.id,
        p1_0.content_type,
        p1_0.created_at,
        p1_0.file_name,
        p1_0.size,
        s1_0.id,
        s1_0.created_at,
        s1_0.last_active_at,
        s1_0.updated_at,
        s1_0.user_id,
        a1_0.updated_at,
        a1_0.username,
        m1_0.channel_id,
        m1_0.content,
        m1_0.created_at,
        m1_0.updated_at 
    from
        messages m1_0 
    left join
        users a1_0 
            on a1_0.id=m1_0.author_id 
    join
        user_statuses s1_0 
            on a1_0.id=s1_0.user_id 
    left join
        binary_contents p1_0 
            on p1_0.id=a1_0.profile_id 
    where
        m1_0.channel_id=? 
        and m1_0.created_at<? 
    order by
        m1_0.created_at desc 
    fetch
        first ? rows only
26-04-06 00:05:19.690 [Test worker] TRACE org.hibernate.orm.jdbc.bind          [dbe87f02-a140-43c2-8258-b99783742686 | GET | /api/messages] - binding parameter (1:UUID) <- [b32d85bc-70fc-49f8-971d-1fbb8fb7fee3]
26-04-06 00:05:19.690 [Test worker] TRACE org.hibernate.orm.jdbc.bind          [dbe87f02-a140-43c2-8258-b99783742686 | GET | /api/messages] - binding parameter (2:TIMESTAMP_UTC) <- [2026-04-05T15:05:19.669081200Z]
26-04-06 00:05:19.690 [Test worker] TRACE org.hibernate.orm.jdbc.bind          [dbe87f02-a140-43c2-8258-b99783742686 | GET | /api/messages] - binding parameter (3:INTEGER) <- [51]
26-04-06 00:05:19.706 [Test worker] INFO  o.s.t.c.s.AnnotationConfigContextLoaderUtils [- | - | -] - Could not detect default configuration classes for test class [com.sprint.mission.discodeit.integration.UserIntegrationTest]: UserIntegrationTest does not declare any static, non-private, non-final, nested classes annotated with @Configuration.
26-04-06 00:05:19.708 [Test worker] INFO  o.s.b.t.c.SpringBootTestContextBootstrapper [- | - | -] - Found @SpringBootConfiguration com.sprint.mission.discodeit.DiscodeitApplication for test class com.sprint.mission.discodeit.integration.UserIntegrationTest
26-04-06 00:05:19.714 [Test worker] DEBUG c.s.m.d.controller.UserController    [f4b64f40-d371-4491-8e6b-fcc2e8d32cd1 | POST | /api/users] - POST /api/users - create user: username=deleteuser
26-04-06 00:05:19.714 [Test worker] DEBUG c.s.m.d.s.basic.BasicUserService     [f4b64f40-d371-4491-8e6b-fcc2e8d32cd1 | POST | /api/users] - Creating user: username=deleteuser, email=delete@test.com
26-04-06 00:05:19.715 [Test worker] DEBUG org.hibernate.SQL                    [f4b64f40-d371-4491-8e6b-fcc2e8d32cd1 | POST | /api/users] - 
    select
        u1_0.id 
    from
        users u1_0 
    where
        u1_0.email=? 
    fetch
        first ? rows only
26-04-06 00:05:19.716 [Test worker] TRACE org.hibernate.orm.jdbc.bind          [f4b64f40-d371-4491-8e6b-fcc2e8d32cd1 | POST | /api/users] - binding parameter (1:VARCHAR) <- [delete@test.com]
26-04-06 00:05:19.716 [Test worker] TRACE org.hibernate.orm.jdbc.bind          [f4b64f40-d371-4491-8e6b-fcc2e8d32cd1 | POST | /api/users] - binding parameter (2:INTEGER) <- [1]
26-04-06 00:05:19.717 [Test worker] DEBUG org.hibernate.SQL                    [f4b64f40-d371-4491-8e6b-fcc2e8d32cd1 | POST | /api/users] - 
    select
        u1_0.id 
    from
        users u1_0 
    where
        u1_0.username=? 
    fetch
        first ? rows only
26-04-06 00:05:19.717 [Test worker] TRACE org.hibernate.orm.jdbc.bind          [f4b64f40-d371-4491-8e6b-fcc2e8d32cd1 | POST | /api/users] - binding parameter (1:VARCHAR) <- [deleteuser]
26-04-06 00:05:19.717 [Test worker] TRACE org.hibernate.orm.jdbc.bind          [f4b64f40-d371-4491-8e6b-fcc2e8d32cd1 | POST | /api/users] - binding parameter (2:INTEGER) <- [1]
26-04-06 00:05:19.718 [Test worker] INFO  c.s.m.d.s.basic.BasicUserService     [f4b64f40-d371-4491-8e6b-fcc2e8d32cd1 | POST | /api/users] - User created: id=a8ff5785-d538-4483-b3bc-9b8b70192d32, username=deleteuser
26-04-06 00:05:19.718 [Test worker] INFO  c.s.m.d.controller.UserController    [f4b64f40-d371-4491-8e6b-fcc2e8d32cd1 | POST | /api/users] - User created via API: id=a8ff5785-d538-4483-b3bc-9b8b70192d32
26-04-06 00:05:19.720 [Test worker] DEBUG c.s.m.d.controller.UserController    [b982fcc4-977e-457f-8fb6-9775f6144c5b | DELETE | /api/users/a8ff5785-d538-4483-b3bc-9b8b70192d32] - DELETE /api/users/a8ff5785-d538-4483-b3bc-9b8b70192d32
26-04-06 00:05:19.720 [Test worker] DEBUG c.s.m.d.s.basic.BasicUserService     [b982fcc4-977e-457f-8fb6-9775f6144c5b | DELETE | /api/users/a8ff5785-d538-4483-b3bc-9b8b70192d32] - Deleting user: id=a8ff5785-d538-4483-b3bc-9b8b70192d32
26-04-06 00:05:19.722 [Test worker] DEBUG org.hibernate.SQL                    [b982fcc4-977e-457f-8fb6-9775f6144c5b | DELETE | /api/users/a8ff5785-d538-4483-b3bc-9b8b70192d32] - 
    insert 
    into
        users
        (created_at, email, password, profile_id, updated_at, username, id) 
    values
        (?, ?, ?, ?, ?, ?, ?)
26-04-06 00:05:19.722 [Test worker] TRACE org.hibernate.orm.jdbc.bind          [b982fcc4-977e-457f-8fb6-9775f6144c5b | DELETE | /api/users/a8ff5785-d538-4483-b3bc-9b8b70192d32] - binding parameter (1:TIMESTAMP_UTC) <- [2026-04-05T15:05:19.718341200Z]
26-04-06 00:05:19.723 [Test worker] TRACE org.hibernate.orm.jdbc.bind          [b982fcc4-977e-457f-8fb6-9775f6144c5b | DELETE | /api/users/a8ff5785-d538-4483-b3bc-9b8b70192d32] - binding parameter (2:VARCHAR) <- [delete@test.com]
26-04-06 00:05:19.723 [Test worker] TRACE org.hibernate.orm.jdbc.bind          [b982fcc4-977e-457f-8fb6-9775f6144c5b | DELETE | /api/users/a8ff5785-d538-4483-b3bc-9b8b70192d32] - binding parameter (3:VARCHAR) <- [password123]
26-04-06 00:05:19.723 [Test worker] TRACE org.hibernate.orm.jdbc.bind          [b982fcc4-977e-457f-8fb6-9775f6144c5b | DELETE | /api/users/a8ff5785-d538-4483-b3bc-9b8b70192d32] - binding parameter (4:UUID) <- [null]
26-04-06 00:05:19.723 [Test worker] TRACE org.hibernate.orm.jdbc.bind          [b982fcc4-977e-457f-8fb6-9775f6144c5b | DELETE | /api/users/a8ff5785-d538-4483-b3bc-9b8b70192d32] - binding parameter (5:TIMESTAMP_UTC) <- [2026-04-05T15:05:19.718341200Z]
26-04-06 00:05:19.723 [Test worker] TRACE org.hibernate.orm.jdbc.bind          [b982fcc4-977e-457f-8fb6-9775f6144c5b | DELETE | /api/users/a8ff5785-d538-4483-b3bc-9b8b70192d32] - binding parameter (6:VARCHAR) <- [deleteuser]
26-04-06 00:05:19.723 [Test worker] TRACE org.hibernate.orm.jdbc.bind          [b982fcc4-977e-457f-8fb6-9775f6144c5b | DELETE | /api/users/a8ff5785-d538-4483-b3bc-9b8b70192d32] - binding parameter (7:UUID) <- [a8ff5785-d538-4483-b3bc-9b8b70192d32]
26-04-06 00:05:19.724 [Test worker] DEBUG org.hibernate.SQL                    [b982fcc4-977e-457f-8fb6-9775f6144c5b | DELETE | /api/users/a8ff5785-d538-4483-b3bc-9b8b70192d32] - 
    insert 
    into
        user_statuses
        (created_at, last_active_at, updated_at, user_id, id) 
    values
        (?, ?, ?, ?, ?)
26-04-06 00:05:19.724 [Test worker] TRACE org.hibernate.orm.jdbc.bind          [b982fcc4-977e-457f-8fb6-9775f6144c5b | DELETE | /api/users/a8ff5785-d538-4483-b3bc-9b8b70192d32] - binding parameter (1:TIMESTAMP_UTC) <- [2026-04-05T15:05:19.718341200Z]
26-04-06 00:05:19.724 [Test worker] TRACE org.hibernate.orm.jdbc.bind          [b982fcc4-977e-457f-8fb6-9775f6144c5b | DELETE | /api/users/a8ff5785-d538-4483-b3bc-9b8b70192d32] - binding parameter (2:TIMESTAMP_UTC) <- [2026-04-05T15:05:19.718341200Z]
26-04-06 00:05:19.724 [Test worker] TRACE org.hibernate.orm.jdbc.bind          [b982fcc4-977e-457f-8fb6-9775f6144c5b | DELETE | /api/users/a8ff5785-d538-4483-b3bc-9b8b70192d32] - binding parameter (3:TIMESTAMP_UTC) <- [2026-04-05T15:05:19.718341200Z]
26-04-06 00:05:19.724 [Test worker] TRACE org.hibernate.orm.jdbc.bind          [b982fcc4-977e-457f-8fb6-9775f6144c5b | DELETE | /api/users/a8ff5785-d538-4483-b3bc-9b8b70192d32] - binding parameter (4:UUID) <- [a8ff5785-d538-4483-b3bc-9b8b70192d32]
26-04-06 00:05:19.724 [Test worker] TRACE org.hibernate.orm.jdbc.bind          [b982fcc4-977e-457f-8fb6-9775f6144c5b | DELETE | /api/users/a8ff5785-d538-4483-b3bc-9b8b70192d32] - binding parameter (5:UUID) <- [4fd23545-347a-4714-a000-e337f6d9263e]
26-04-06 00:05:19.725 [Test worker] DEBUG org.hibernate.SQL                    [b982fcc4-977e-457f-8fb6-9775f6144c5b | DELETE | /api/users/a8ff5785-d538-4483-b3bc-9b8b70192d32] - 
    select
        count(*) 
    from
        users u1_0 
    where
        u1_0.id=?
26-04-06 00:05:19.725 [Test worker] TRACE org.hibernate.orm.jdbc.bind          [b982fcc4-977e-457f-8fb6-9775f6144c5b | DELETE | /api/users/a8ff5785-d538-4483-b3bc-9b8b70192d32] - binding parameter (1:UUID) <- [a8ff5785-d538-4483-b3bc-9b8b70192d32]
26-04-06 00:05:19.726 [Test worker] INFO  c.s.m.d.s.basic.BasicUserService     [b982fcc4-977e-457f-8fb6-9775f6144c5b | DELETE | /api/users/a8ff5785-d538-4483-b3bc-9b8b70192d32] - User deleted: id=a8ff5785-d538-4483-b3bc-9b8b70192d32
26-04-06 00:05:19.731 [Test worker] DEBUG org.hibernate.SQL                    [- | - | -] - 
    delete 
    from
        user_statuses 
    where
        id=?
26-04-06 00:05:19.731 [Test worker] TRACE org.hibernate.orm.jdbc.bind          [- | - | -] - binding parameter (1:UUID) <- [4fd23545-347a-4714-a000-e337f6d9263e]
26-04-06 00:05:19.733 [Test worker] DEBUG org.hibernate.SQL                    [- | - | -] - 
    delete 
    from
        users 
    where
        id=?
26-04-06 00:05:19.733 [Test worker] TRACE org.hibernate.orm.jdbc.bind          [- | - | -] - binding parameter (1:UUID) <- [a8ff5785-d538-4483-b3bc-9b8b70192d32]
26-04-06 00:05:19.733 [Test worker] DEBUG org.hibernate.SQL                    [- | - | -] - 
    select
        count(*) 
    from
        users u1_0 
    where
        u1_0.id=?
26-04-06 00:05:19.734 [Test worker] TRACE org.hibernate.orm.jdbc.bind          [- | - | -] - binding parameter (1:UUID) <- [a8ff5785-d538-4483-b3bc-9b8b70192d32]
26-04-06 00:05:19.822 [Test worker] DEBUG c.s.m.d.controller.UserController    [1341f476-6e6f-4c84-8650-d00b0b76c7bd | POST | /api/users] - POST /api/users - create user: username=listuser
26-04-06 00:05:19.822 [Test worker] DEBUG c.s.m.d.s.basic.BasicUserService     [1341f476-6e6f-4c84-8650-d00b0b76c7bd | POST | /api/users] - Creating user: username=listuser, email=list@test.com
26-04-06 00:05:19.823 [Test worker] DEBUG org.hibernate.SQL                    [1341f476-6e6f-4c84-8650-d00b0b76c7bd | POST | /api/users] - 
    select
        u1_0.id 
    from
        users u1_0 
    where
        u1_0.email=? 
    fetch
        first ? rows only
26-04-06 00:05:19.824 [Test worker] TRACE org.hibernate.orm.jdbc.bind          [1341f476-6e6f-4c84-8650-d00b0b76c7bd | POST | /api/users] - binding parameter (1:VARCHAR) <- [list@test.com]
26-04-06 00:05:19.824 [Test worker] TRACE org.hibernate.orm.jdbc.bind          [1341f476-6e6f-4c84-8650-d00b0b76c7bd | POST | /api/users] - binding parameter (2:INTEGER) <- [1]
26-04-06 00:05:19.825 [Test worker] DEBUG org.hibernate.SQL                    [1341f476-6e6f-4c84-8650-d00b0b76c7bd | POST | /api/users] - 
    select
        u1_0.id 
    from
        users u1_0 
    where
        u1_0.username=? 
    fetch
        first ? rows only
26-04-06 00:05:19.825 [Test worker] TRACE org.hibernate.orm.jdbc.bind          [1341f476-6e6f-4c84-8650-d00b0b76c7bd | POST | /api/users] - binding parameter (1:VARCHAR) <- [listuser]
26-04-06 00:05:19.825 [Test worker] TRACE org.hibernate.orm.jdbc.bind          [1341f476-6e6f-4c84-8650-d00b0b76c7bd | POST | /api/users] - binding parameter (2:INTEGER) <- [1]
26-04-06 00:05:19.827 [Test worker] INFO  c.s.m.d.s.basic.BasicUserService     [1341f476-6e6f-4c84-8650-d00b0b76c7bd | POST | /api/users] - User created: id=2d9d4ea7-fe45-4a6d-ab46-338810b3074b, username=listuser
26-04-06 00:05:19.827 [Test worker] INFO  c.s.m.d.controller.UserController    [1341f476-6e6f-4c84-8650-d00b0b76c7bd | POST | /api/users] - User created via API: id=2d9d4ea7-fe45-4a6d-ab46-338810b3074b
26-04-06 00:05:19.828 [Test worker] DEBUG c.s.m.d.controller.UserController    [a75adbdd-2034-4c6c-9582-1d2611067cfb | GET | /api/users] - GET /api/users - findAll
26-04-06 00:05:19.828 [Test worker] DEBUG c.s.m.d.s.basic.BasicUserService     [a75adbdd-2034-4c6c-9582-1d2611067cfb | GET | /api/users] - Fetching all users
26-04-06 00:05:19.830 [Test worker] DEBUG org.hibernate.SQL                    [a75adbdd-2034-4c6c-9582-1d2611067cfb | GET | /api/users] - 
    insert 
    into
        users
        (created_at, email, password, profile_id, updated_at, username, id) 
    values
        (?, ?, ?, ?, ?, ?, ?)
26-04-06 00:05:19.830 [Test worker] TRACE org.hibernate.orm.jdbc.bind          [a75adbdd-2034-4c6c-9582-1d2611067cfb | GET | /api/users] - binding parameter (1:TIMESTAMP_UTC) <- [2026-04-05T15:05:19.826101400Z]
26-04-06 00:05:19.830 [Test worker] TRACE org.hibernate.orm.jdbc.bind          [a75adbdd-2034-4c6c-9582-1d2611067cfb | GET | /api/users] - binding parameter (2:VARCHAR) <- [list@test.com]
26-04-06 00:05:19.830 [Test worker] TRACE org.hibernate.orm.jdbc.bind          [a75adbdd-2034-4c6c-9582-1d2611067cfb | GET | /api/users] - binding parameter (3:VARCHAR) <- [password123]
26-04-06 00:05:19.830 [Test worker] TRACE org.hibernate.orm.jdbc.bind          [a75adbdd-2034-4c6c-9582-1d2611067cfb | GET | /api/users] - binding parameter (4:UUID) <- [null]
26-04-06 00:05:19.830 [Test worker] TRACE org.hibernate.orm.jdbc.bind          [a75adbdd-2034-4c6c-9582-1d2611067cfb | GET | /api/users] - binding parameter (5:TIMESTAMP_UTC) <- [2026-04-05T15:05:19.826101400Z]
26-04-06 00:05:19.830 [Test worker] TRACE org.hibernate.orm.jdbc.bind          [a75adbdd-2034-4c6c-9582-1d2611067cfb | GET | /api/users] - binding parameter (6:VARCHAR) <- [listuser]
26-04-06 00:05:19.830 [Test worker] TRACE org.hibernate.orm.jdbc.bind          [a75adbdd-2034-4c6c-9582-1d2611067cfb | GET | /api/users] - binding parameter (7:UUID) <- [2d9d4ea7-fe45-4a6d-ab46-338810b3074b]
26-04-06 00:05:19.831 [Test worker] DEBUG org.hibernate.SQL                    [a75adbdd-2034-4c6c-9582-1d2611067cfb | GET | /api/users] - 
    insert 
    into
        user_statuses
        (created_at, last_active_at, updated_at, user_id, id) 
    values
        (?, ?, ?, ?, ?)
26-04-06 00:05:19.831 [Test worker] TRACE org.hibernate.orm.jdbc.bind          [a75adbdd-2034-4c6c-9582-1d2611067cfb | GET | /api/users] - binding parameter (1:TIMESTAMP_UTC) <- [2026-04-05T15:05:19.826101400Z]
26-04-06 00:05:19.831 [Test worker] TRACE org.hibernate.orm.jdbc.bind          [a75adbdd-2034-4c6c-9582-1d2611067cfb | GET | /api/users] - binding parameter (2:TIMESTAMP_UTC) <- [2026-04-05T15:05:19.826101400Z]
26-04-06 00:05:19.831 [Test worker] TRACE org.hibernate.orm.jdbc.bind          [a75adbdd-2034-4c6c-9582-1d2611067cfb | GET | /api/users] - binding parameter (3:TIMESTAMP_UTC) <- [2026-04-05T15:05:19.826101400Z]
26-04-06 00:05:19.831 [Test worker] TRACE org.hibernate.orm.jdbc.bind          [a75adbdd-2034-4c6c-9582-1d2611067cfb | GET | /api/users] - binding parameter (4:UUID) <- [2d9d4ea7-fe45-4a6d-ab46-338810b3074b]
26-04-06 00:05:19.831 [Test worker] TRACE org.hibernate.orm.jdbc.bind          [a75adbdd-2034-4c6c-9582-1d2611067cfb | GET | /api/users] - binding parameter (5:UUID) <- [abda0d2c-ab25-4013-9202-554296368dcb]
26-04-06 00:05:19.832 [Test worker] DEBUG org.hibernate.SQL                    [a75adbdd-2034-4c6c-9582-1d2611067cfb | GET | /api/users] - 
    select
        u1_0.id,
        u1_0.created_at,
        u1_0.email,
        u1_0.password,
        p1_0.id,
        p1_0.content_type,
        p1_0.created_at,
        p1_0.file_name,
        p1_0.size,
        s1_0.id,
        s1_0.created_at,
        s1_0.last_active_at,
        s1_0.updated_at,
        s1_0.user_id,
        u1_0.updated_at,
        u1_0.username 
    from
        users u1_0 
    left join
        binary_contents p1_0 
            on p1_0.id=u1_0.profile_id 
    join
        user_statuses s1_0 
            on u1_0.id=s1_0.user_id
26-04-06 00:05:19.842 [Test worker] DEBUG c.s.m.d.controller.UserController    [1939ba4f-9f7b-4ac0-b3ff-f9f6e7456d51 | POST | /api/users] - POST /api/users - create user: username=user1
26-04-06 00:05:19.842 [Test worker] DEBUG c.s.m.d.s.basic.BasicUserService     [1939ba4f-9f7b-4ac0-b3ff-f9f6e7456d51 | POST | /api/users] - Creating user: username=user1, email=dup@test.com
26-04-06 00:05:19.843 [Test worker] DEBUG org.hibernate.SQL                    [1939ba4f-9f7b-4ac0-b3ff-f9f6e7456d51 | POST | /api/users] - 
    select
        u1_0.id 
    from
        users u1_0 
    where
        u1_0.email=? 
    fetch
        first ? rows only
26-04-06 00:05:19.843 [Test worker] TRACE org.hibernate.orm.jdbc.bind          [1939ba4f-9f7b-4ac0-b3ff-f9f6e7456d51 | POST | /api/users] - binding parameter (1:VARCHAR) <- [dup@test.com]
26-04-06 00:05:19.843 [Test worker] TRACE org.hibernate.orm.jdbc.bind          [1939ba4f-9f7b-4ac0-b3ff-f9f6e7456d51 | POST | /api/users] - binding parameter (2:INTEGER) <- [1]
26-04-06 00:05:19.844 [Test worker] DEBUG org.hibernate.SQL                    [1939ba4f-9f7b-4ac0-b3ff-f9f6e7456d51 | POST | /api/users] - 
    select
        u1_0.id 
    from
        users u1_0 
    where
        u1_0.username=? 
    fetch
        first ? rows only
26-04-06 00:05:19.844 [Test worker] TRACE org.hibernate.orm.jdbc.bind          [1939ba4f-9f7b-4ac0-b3ff-f9f6e7456d51 | POST | /api/users] - binding parameter (1:VARCHAR) <- [user1]
26-04-06 00:05:19.844 [Test worker] TRACE org.hibernate.orm.jdbc.bind          [1939ba4f-9f7b-4ac0-b3ff-f9f6e7456d51 | POST | /api/users] - binding parameter (2:INTEGER) <- [1]
26-04-06 00:05:19.846 [Test worker] INFO  c.s.m.d.s.basic.BasicUserService     [1939ba4f-9f7b-4ac0-b3ff-f9f6e7456d51 | POST | /api/users] - User created: id=b48911ef-7915-4077-8604-935c375edd90, username=user1
26-04-06 00:05:19.846 [Test worker] INFO  c.s.m.d.controller.UserController    [1939ba4f-9f7b-4ac0-b3ff-f9f6e7456d51 | POST | /api/users] - User created via API: id=b48911ef-7915-4077-8604-935c375edd90
26-04-06 00:05:19.848 [Test worker] DEBUG c.s.m.d.controller.UserController    [6156414e-3512-4c83-b5dc-184af2e03fed | POST | /api/users] - POST /api/users - create user: username=user2
26-04-06 00:05:19.848 [Test worker] DEBUG c.s.m.d.s.basic.BasicUserService     [6156414e-3512-4c83-b5dc-184af2e03fed | POST | /api/users] - Creating user: username=user2, email=dup@test.com
26-04-06 00:05:19.849 [Test worker] DEBUG org.hibernate.SQL                    [6156414e-3512-4c83-b5dc-184af2e03fed | POST | /api/users] - 
    insert 
    into
        users
        (created_at, email, password, profile_id, updated_at, username, id) 
    values
        (?, ?, ?, ?, ?, ?, ?)
26-04-06 00:05:19.850 [Test worker] TRACE org.hibernate.orm.jdbc.bind          [6156414e-3512-4c83-b5dc-184af2e03fed | POST | /api/users] - binding parameter (1:TIMESTAMP_UTC) <- [2026-04-05T15:05:19.845120100Z]
26-04-06 00:05:19.850 [Test worker] TRACE org.hibernate.orm.jdbc.bind          [6156414e-3512-4c83-b5dc-184af2e03fed | POST | /api/users] - binding parameter (2:VARCHAR) <- [dup@test.com]
26-04-06 00:05:19.850 [Test worker] TRACE org.hibernate.orm.jdbc.bind          [6156414e-3512-4c83-b5dc-184af2e03fed | POST | /api/users] - binding parameter (3:VARCHAR) <- [password123]
26-04-06 00:05:19.850 [Test worker] TRACE org.hibernate.orm.jdbc.bind          [6156414e-3512-4c83-b5dc-184af2e03fed | POST | /api/users] - binding parameter (4:UUID) <- [null]
26-04-06 00:05:19.850 [Test worker] TRACE org.hibernate.orm.jdbc.bind          [6156414e-3512-4c83-b5dc-184af2e03fed | POST | /api/users] - binding parameter (5:TIMESTAMP_UTC) <- [2026-04-05T15:05:19.845120100Z]
26-04-06 00:05:19.850 [Test worker] TRACE org.hibernate.orm.jdbc.bind          [6156414e-3512-4c83-b5dc-184af2e03fed | POST | /api/users] - binding parameter (6:VARCHAR) <- [user1]
26-04-06 00:05:19.850 [Test worker] TRACE org.hibernate.orm.jdbc.bind          [6156414e-3512-4c83-b5dc-184af2e03fed | POST | /api/users] - binding parameter (7:UUID) <- [b48911ef-7915-4077-8604-935c375edd90]
26-04-06 00:05:19.851 [Test worker] DEBUG org.hibernate.SQL                    [6156414e-3512-4c83-b5dc-184af2e03fed | POST | /api/users] - 
    insert 
    into
        user_statuses
        (created_at, last_active_at, updated_at, user_id, id) 
    values
        (?, ?, ?, ?, ?)
26-04-06 00:05:19.851 [Test worker] TRACE org.hibernate.orm.jdbc.bind          [6156414e-3512-4c83-b5dc-184af2e03fed | POST | /api/users] - binding parameter (1:TIMESTAMP_UTC) <- [2026-04-05T15:05:19.846121100Z]
26-04-06 00:05:19.851 [Test worker] TRACE org.hibernate.orm.jdbc.bind          [6156414e-3512-4c83-b5dc-184af2e03fed | POST | /api/users] - binding parameter (2:TIMESTAMP_UTC) <- [2026-04-05T15:05:19.845120100Z]
26-04-06 00:05:19.851 [Test worker] TRACE org.hibernate.orm.jdbc.bind          [6156414e-3512-4c83-b5dc-184af2e03fed | POST | /api/users] - binding parameter (3:TIMESTAMP_UTC) <- [2026-04-05T15:05:19.846121100Z]
26-04-06 00:05:19.851 [Test worker] TRACE org.hibernate.orm.jdbc.bind          [6156414e-3512-4c83-b5dc-184af2e03fed | POST | /api/users] - binding parameter (4:UUID) <- [b48911ef-7915-4077-8604-935c375edd90]
26-04-06 00:05:19.851 [Test worker] TRACE org.hibernate.orm.jdbc.bind          [6156414e-3512-4c83-b5dc-184af2e03fed | POST | /api/users] - binding parameter (5:UUID) <- [0333a1ae-c970-40aa-acff-9e422298b290]
26-04-06 00:05:19.852 [Test worker] DEBUG org.hibernate.SQL                    [6156414e-3512-4c83-b5dc-184af2e03fed | POST | /api/users] - 
    select
        u1_0.id 
    from
        users u1_0 
    where
        u1_0.email=? 
    fetch
        first ? rows only
26-04-06 00:05:19.852 [Test worker] TRACE org.hibernate.orm.jdbc.bind          [6156414e-3512-4c83-b5dc-184af2e03fed | POST | /api/users] - binding parameter (1:VARCHAR) <- [dup@test.com]
26-04-06 00:05:19.852 [Test worker] TRACE org.hibernate.orm.jdbc.bind          [6156414e-3512-4c83-b5dc-184af2e03fed | POST | /api/users] - binding parameter (2:INTEGER) <- [1]
26-04-06 00:05:19.854 [Test worker] WARN  c.s.m.d.e.GlobalExceptionHandler     [6156414e-3512-4c83-b5dc-184af2e03fed | POST | /api/users] - DiscodeitException [DUPLICATE_EMAIL]: Email already exists, details={email=dup@test.com}
26-04-06 00:05:19.861 [Test worker] DEBUG c.s.m.d.controller.UserController    [90d33f00-9970-415c-be04-7f8a06ff71c9 | POST | /api/users] - POST /api/users - create user: username=integrationuser
26-04-06 00:05:19.861 [Test worker] DEBUG c.s.m.d.s.basic.BasicUserService     [90d33f00-9970-415c-be04-7f8a06ff71c9 | POST | /api/users] - Creating user: username=integrationuser, email=integration@test.com
26-04-06 00:05:19.862 [Test worker] DEBUG org.hibernate.SQL                    [90d33f00-9970-415c-be04-7f8a06ff71c9 | POST | /api/users] - 
    select
        u1_0.id 
    from
        users u1_0 
    where
        u1_0.email=? 
    fetch
        first ? rows only
26-04-06 00:05:19.862 [Test worker] TRACE org.hibernate.orm.jdbc.bind          [90d33f00-9970-415c-be04-7f8a06ff71c9 | POST | /api/users] - binding parameter (1:VARCHAR) <- [integration@test.com]
26-04-06 00:05:19.862 [Test worker] TRACE org.hibernate.orm.jdbc.bind          [90d33f00-9970-415c-be04-7f8a06ff71c9 | POST | /api/users] - binding parameter (2:INTEGER) <- [1]
26-04-06 00:05:19.863 [Test worker] DEBUG org.hibernate.SQL                    [90d33f00-9970-415c-be04-7f8a06ff71c9 | POST | /api/users] - 
    select
        u1_0.id 
    from
        users u1_0 
    where
        u1_0.username=? 
    fetch
        first ? rows only
26-04-06 00:05:19.863 [Test worker] TRACE org.hibernate.orm.jdbc.bind          [90d33f00-9970-415c-be04-7f8a06ff71c9 | POST | /api/users] - binding parameter (1:VARCHAR) <- [integrationuser]
26-04-06 00:05:19.864 [Test worker] TRACE org.hibernate.orm.jdbc.bind          [90d33f00-9970-415c-be04-7f8a06ff71c9 | POST | /api/users] - binding parameter (2:INTEGER) <- [1]
26-04-06 00:05:19.865 [Test worker] INFO  c.s.m.d.s.basic.BasicUserService     [90d33f00-9970-415c-be04-7f8a06ff71c9 | POST | /api/users] - User created: id=43e373fc-b069-4f9e-86ad-9ba0fc14d531, username=integrationuser
26-04-06 00:05:19.865 [Test worker] INFO  c.s.m.d.controller.UserController    [90d33f00-9970-415c-be04-7f8a06ff71c9 | POST | /api/users] - User created via API: id=43e373fc-b069-4f9e-86ad-9ba0fc14d531
26-04-06 00:05:19.872 [Test worker] INFO  o.s.t.c.s.AnnotationConfigContextLoaderUtils [- | - | -] - Could not detect default configuration classes for test class [com.sprint.mission.discodeit.repository.ChannelRepositoryTest]: ChannelRepositoryTest does not declare any static, non-private, non-final, nested classes annotated with @Configuration.
26-04-06 00:05:19.885 [Test worker] INFO  o.s.b.t.c.SpringBootTestContextBootstrapper [- | - | -] - Found @SpringBootConfiguration com.sprint.mission.discodeit.DiscodeitApplication for test class com.sprint.mission.discodeit.repository.ChannelRepositoryTest
26-04-06 00:05:19.912 [Test worker] INFO  c.s.m.d.r.ChannelRepositoryTest      [- | - | -] - Starting ChannelRepositoryTest using Java 17.0.14 with PID 20512 (started by jaehoon in C:\Users\jaehoon\Desktop\9-sprint-mission\discodeit)
26-04-06 00:05:19.912 [Test worker] DEBUG c.s.m.d.r.ChannelRepositoryTest      [- | - | -] - Running with Spring Boot v3.4.0, Spring v6.2.0
26-04-06 00:05:19.912 [Test worker] INFO  c.s.m.d.r.ChannelRepositoryTest      [- | - | -] - The following 1 profile is active: "test"
26-04-06 00:05:19.993 [Test worker] INFO  o.s.d.r.c.RepositoryConfigurationDelegate [- | - | -] - Bootstrapping Spring Data JPA repositories in DEFAULT mode.
26-04-06 00:05:20.030 [Test worker] INFO  o.s.d.r.c.RepositoryConfigurationDelegate [- | - | -] - Finished Spring Data repository scanning in 36 ms. Found 6 JPA repository interfaces.
26-04-06 00:05:20.042 [Test worker] INFO  o.s.b.t.a.j.TestDatabaseAutoConfiguration$EmbeddedDataSourceBeanFactoryPostProcessor [- | - | -] - Replacing 'dataSource' DataSource bean with embedded version
26-04-06 00:05:20.062 [Test worker] INFO  o.s.j.d.e.EmbeddedDatabaseFactory    [- | - | -] - Starting embedded database: url='jdbc:h2:mem:44ad4d03-29ce-4586-96c3-f700c79a136e;DB_CLOSE_DELAY=-1;DB_CLOSE_ON_EXIT=false', username='sa'
26-04-06 00:05:20.082 [Test worker] INFO  o.h.jpa.internal.util.LogHelper      [- | - | -] - HHH000204: Processing PersistenceUnitInfo [name: default]
26-04-06 00:05:20.086 [Test worker] INFO  o.h.c.i.RegionFactoryInitiator       [- | - | -] - HHH000026: Second-level cache disabled
26-04-06 00:05:20.098 [Test worker] INFO  o.s.o.j.p.SpringPersistenceUnitInfo  [- | - | -] - No LoadTimeWeaver setup: ignoring JPA class transformer
26-04-06 00:05:20.099 [Test worker] WARN  org.hibernate.orm.deprecation        [- | - | -] - HHH90000025: H2Dialect does not need to be specified explicitly using 'hibernate.dialect' (remove the property setting and it will be selected by default)
26-04-06 00:05:20.100 [Test worker] INFO  o.hibernate.orm.connections.pooling  [- | - | -] - HHH10001005: Database info:
	Database JDBC URL [Connecting through datasource 'org.springframework.jdbc.datasource.embedded.EmbeddedDatabaseFactory$EmbeddedDataSourceProxy@734c50d8']
	Database driver: undefined/unknown
	Database version: 2.3.232
	Autocommit mode: undefined/unknown
	Isolation level: undefined/unknown
	Minimum pool size: undefined/unknown
	Maximum pool size: undefined/unknown
26-04-06 00:05:20.205 [Test worker] INFO  o.h.e.t.j.p.i.JtaPlatformInitiator   [- | - | -] - HHH000489: No JTA platform available (set 'hibernate.transaction.jta.platform' to enable JTA platform integration)
26-04-06 00:05:20.205 [Test worker] DEBUG org.hibernate.SQL                    [- | - | -] - 
    drop table if exists binary_contents cascade 
26-04-06 00:05:20.207 [Test worker] DEBUG org.hibernate.SQL                    [- | - | -] - 
    drop table if exists channels cascade 
26-04-06 00:05:20.207 [Test worker] DEBUG org.hibernate.SQL                    [- | - | -] - 
    drop table if exists message_attachments cascade 
26-04-06 00:05:20.207 [Test worker] DEBUG org.hibernate.SQL                    [- | - | -] - 
    drop table if exists messages cascade 
26-04-06 00:05:20.209 [Test worker] DEBUG org.hibernate.SQL                    [- | - | -] - 
    drop table if exists read_statuses cascade 
26-04-06 00:05:20.209 [Test worker] DEBUG org.hibernate.SQL                    [- | - | -] - 
    drop table if exists user_statuses cascade 
26-04-06 00:05:20.209 [Test worker] DEBUG org.hibernate.SQL                    [- | - | -] - 
    drop table if exists users cascade 
26-04-06 00:05:20.209 [Test worker] DEBUG org.hibernate.SQL                    [- | - | -] - 
    create table binary_contents (
        created_at timestamp with time zone not null,
        size bigint not null,
        id uuid not null,
        content_type varchar(100) not null,
        file_name varchar(255) not null,
        primary key (id)
    )
26-04-06 00:05:20.210 [Test worker] DEBUG org.hibernate.SQL                    [- | - | -] - 
    create table channels (
        created_at timestamp with time zone not null,
        updated_at timestamp with time zone,
        id uuid not null,
        name varchar(100),
        description varchar(500),
        type enum ('PRIVATE','PUBLIC') not null,
        primary key (id)
    )
26-04-06 00:05:20.212 [Test worker] DEBUG org.hibernate.SQL                    [- | - | -] - 
    create table message_attachments (
        attachment_id uuid not null unique,
        message_id uuid not null
    )
26-04-06 00:05:20.212 [Test worker] DEBUG org.hibernate.SQL                    [- | - | -] - 
    create table messages (
        created_at timestamp with time zone not null,
        updated_at timestamp with time zone,
        author_id uuid,
        channel_id uuid not null,
        id uuid not null,
        content text not null,
        primary key (id)
    )
26-04-06 00:05:20.213 [Test worker] DEBUG org.hibernate.SQL                    [- | - | -] - 
    create table read_statuses (
        created_at timestamp with time zone not null,
        last_read_at timestamp with time zone not null,
        updated_at timestamp with time zone,
        channel_id uuid not null,
        id uuid not null,
        user_id uuid not null,
        primary key (id),
        unique (user_id, channel_id)
    )
26-04-06 00:05:20.213 [Test worker] DEBUG org.hibernate.SQL                    [- | - | -] - 
    create table user_statuses (
        created_at timestamp with time zone not null,
        last_active_at timestamp with time zone not null,
        updated_at timestamp with time zone,
        id uuid not null,
        user_id uuid not null unique,
        primary key (id)
    )
26-04-06 00:05:20.214 [Test worker] DEBUG org.hibernate.SQL                    [- | - | -] - 
    create table users (
        created_at timestamp with time zone not null,
        updated_at timestamp with time zone,
        id uuid not null,
        profile_id uuid unique,
        username varchar(50) not null unique,
        password varchar(60) not null,
        email varchar(100) not null unique,
        primary key (id)
    )
26-04-06 00:05:20.215 [Test worker] DEBUG org.hibernate.SQL                    [- | - | -] - 
    alter table if exists message_attachments 
       add constraint FKsd1m8rb8jcpbcnb7rpdue7ctc 
       foreign key (attachment_id) 
       references binary_contents
26-04-06 00:05:20.216 [Test worker] DEBUG org.hibernate.SQL                    [- | - | -] - 
    alter table if exists message_attachments 
       add constraint FKj7twd218e2gqw9cmlhwvo1rth 
       foreign key (message_id) 
       references messages
26-04-06 00:05:20.217 [Test worker] DEBUG org.hibernate.SQL                    [- | - | -] - 
    alter table if exists messages 
       add constraint FKowtlim26svclkatusptbgi7u1 
       foreign key (author_id) 
       references users
26-04-06 00:05:20.217 [Test worker] DEBUG org.hibernate.SQL                    [- | - | -] - 
    alter table if exists messages 
       add constraint FK3u3ckbhwq9se1cmopk2pq05b2 
       foreign key (channel_id) 
       references channels
26-04-06 00:05:20.218 [Test worker] DEBUG org.hibernate.SQL                    [- | - | -] - 
    alter table if exists read_statuses 
       add constraint FKa38ri44ml4gfdpklx4ahqr8gd 
       foreign key (channel_id) 
       references channels
26-04-06 00:05:20.219 [Test worker] DEBUG org.hibernate.SQL                    [- | - | -] - 
    alter table if exists read_statuses 
       add constraint FKml3k4wr9sj5yxrmj6d0aoib2e 
       foreign key (user_id) 
       references users
26-04-06 00:05:20.219 [Test worker] DEBUG org.hibernate.SQL                    [- | - | -] - 
    alter table if exists user_statuses 
       add constraint FK4lfl3ei2ubchgcxrrpo3pw4mm 
       foreign key (user_id) 
       references users
26-04-06 00:05:20.220 [Test worker] DEBUG org.hibernate.SQL                    [- | - | -] - 
    alter table if exists users 
       add constraint FKtbudycgrip49xdptogmhfqnso 
       foreign key (profile_id) 
       references binary_contents
26-04-06 00:05:20.221 [Test worker] INFO  o.s.o.j.LocalContainerEntityManagerFactoryBean [- | - | -] - Initialized JPA EntityManagerFactory for persistence unit 'default'
26-04-06 00:05:20.286 [Test worker] INFO  c.s.m.d.r.ChannelRepositoryTest      [- | - | -] - Started ChannelRepositoryTest in 0.398 seconds (process running for 11.868)
26-04-06 00:05:20.294 [Test worker] DEBUG org.hibernate.SQL                    [- | - | -] - 
    insert 
    into
        channels
        (created_at, description, name, type, updated_at, id) 
    values
        (?, ?, ?, ?, ?, ?)
26-04-06 00:05:20.294 [Test worker] TRACE org.hibernate.orm.jdbc.bind          [- | - | -] - binding parameter (1:TIMESTAMP_UTC) <- [2026-04-05T15:05:20.290032100Z]
26-04-06 00:05:20.294 [Test worker] TRACE org.hibernate.orm.jdbc.bind          [- | - | -] - binding parameter (2:VARCHAR) <- [null]
26-04-06 00:05:20.294 [Test worker] TRACE org.hibernate.orm.jdbc.bind          [- | - | -] - binding parameter (3:VARCHAR) <- [null]
26-04-06 00:05:20.294 [Test worker] TRACE org.hibernate.orm.jdbc.bind          [- | - | -] - binding parameter (4:ENUM) <- [PRIVATE]
26-04-06 00:05:20.295 [Test worker] TRACE org.hibernate.orm.jdbc.bind          [- | - | -] - binding parameter (5:TIMESTAMP_UTC) <- [2026-04-05T15:05:20.290032100Z]
26-04-06 00:05:20.295 [Test worker] TRACE org.hibernate.orm.jdbc.bind          [- | - | -] - binding parameter (6:UUID) <- [1331e6d1-07d6-4916-9184-8469a7503f34]
26-04-06 00:05:20.296 [Test worker] DEBUG org.hibernate.SQL                    [- | - | -] - 
    select
        c1_0.id,
        c1_0.created_at,
        c1_0.description,
        c1_0.name,
        c1_0.type,
        c1_0.updated_at 
    from
        channels c1_0 
    where
        c1_0.type=? 
        or c1_0.id in (?)
26-04-06 00:05:20.297 [Test worker] TRACE org.hibernate.orm.jdbc.bind          [- | - | -] - binding parameter (1:ENUM) <- [PUBLIC]
26-04-06 00:05:20.297 [Test worker] TRACE org.hibernate.orm.jdbc.bind          [- | - | -] - binding parameter (2:UUID) <- [537053db-3965-4f08-aa7b-4b2414125854]
26-04-06 00:05:20.322 [Test worker] DEBUG org.hibernate.SQL                    [- | - | -] - 
    insert 
    into
        channels
        (created_at, description, name, type, updated_at, id) 
    values
        (?, ?, ?, ?, ?, ?)
26-04-06 00:05:20.323 [Test worker] TRACE org.hibernate.orm.jdbc.bind          [- | - | -] - binding parameter (1:TIMESTAMP_UTC) <- [2026-04-05T15:05:20.321260200Z]
26-04-06 00:05:20.323 [Test worker] TRACE org.hibernate.orm.jdbc.bind          [- | - | -] - binding parameter (2:VARCHAR) <- [General]
26-04-06 00:05:20.323 [Test worker] TRACE org.hibernate.orm.jdbc.bind          [- | - | -] - binding parameter (3:VARCHAR) <- [general]
26-04-06 00:05:20.323 [Test worker] TRACE org.hibernate.orm.jdbc.bind          [- | - | -] - binding parameter (4:ENUM) <- [PUBLIC]
26-04-06 00:05:20.323 [Test worker] TRACE org.hibernate.orm.jdbc.bind          [- | - | -] - binding parameter (5:TIMESTAMP_UTC) <- [2026-04-05T15:05:20.321260200Z]
26-04-06 00:05:20.323 [Test worker] TRACE org.hibernate.orm.jdbc.bind          [- | - | -] - binding parameter (6:UUID) <- [64a17067-fe6f-44d5-82af-397028d64c1a]
26-04-06 00:05:20.324 [Test worker] DEBUG org.hibernate.SQL                    [- | - | -] - 
    insert 
    into
        channels
        (created_at, description, name, type, updated_at, id) 
    values
        (?, ?, ?, ?, ?, ?)
26-04-06 00:05:20.324 [Test worker] TRACE org.hibernate.orm.jdbc.bind          [- | - | -] - binding parameter (1:TIMESTAMP_UTC) <- [2026-04-05T15:05:20.321260200Z]
26-04-06 00:05:20.324 [Test worker] TRACE org.hibernate.orm.jdbc.bind          [- | - | -] - binding parameter (2:VARCHAR) <- [null]
26-04-06 00:05:20.324 [Test worker] TRACE org.hibernate.orm.jdbc.bind          [- | - | -] - binding parameter (3:VARCHAR) <- [null]
26-04-06 00:05:20.324 [Test worker] TRACE org.hibernate.orm.jdbc.bind          [- | - | -] - binding parameter (4:ENUM) <- [PRIVATE]
26-04-06 00:05:20.325 [Test worker] TRACE org.hibernate.orm.jdbc.bind          [- | - | -] - binding parameter (5:TIMESTAMP_UTC) <- [2026-04-05T15:05:20.321260200Z]
26-04-06 00:05:20.325 [Test worker] TRACE org.hibernate.orm.jdbc.bind          [- | - | -] - binding parameter (6:UUID) <- [ca0926f0-0087-474d-8783-6b07ae373394]
26-04-06 00:05:20.325 [Test worker] DEBUG org.hibernate.SQL                    [- | - | -] - 
    select
        c1_0.id,
        c1_0.created_at,
        c1_0.description,
        c1_0.name,
        c1_0.type,
        c1_0.updated_at 
    from
        channels c1_0 
    where
        c1_0.type=? 
        or c1_0.id in (?)
26-04-06 00:05:20.325 [Test worker] TRACE org.hibernate.orm.jdbc.bind          [- | - | -] - binding parameter (1:ENUM) <- [PUBLIC]
26-04-06 00:05:20.325 [Test worker] TRACE org.hibernate.orm.jdbc.bind          [- | - | -] - binding parameter (2:UUID) <- [ca0926f0-0087-474d-8783-6b07ae373394]
26-04-06 00:05:20.333 [Test worker] INFO  o.s.t.c.s.AnnotationConfigContextLoaderUtils [- | - | -] - Could not detect default configuration classes for test class [com.sprint.mission.discodeit.repository.MessageRepositoryTest]: MessageRepositoryTest does not declare any static, non-private, non-final, nested classes annotated with @Configuration.
26-04-06 00:05:20.335 [Test worker] INFO  o.s.b.t.c.SpringBootTestContextBootstrapper [- | - | -] - Found @SpringBootConfiguration com.sprint.mission.discodeit.DiscodeitApplication for test class com.sprint.mission.discodeit.repository.MessageRepositoryTest
26-04-06 00:05:20.352 [Test worker] DEBUG org.hibernate.SQL                    [- | - | -] - 
    insert 
    into
        channels
        (created_at, description, name, type, updated_at, id) 
    values
        (?, ?, ?, ?, ?, ?)
26-04-06 00:05:20.352 [Test worker] TRACE org.hibernate.orm.jdbc.bind          [- | - | -] - binding parameter (1:TIMESTAMP_UTC) <- [2026-04-05T15:05:20.339770200Z]
26-04-06 00:05:20.353 [Test worker] TRACE org.hibernate.orm.jdbc.bind          [- | - | -] - binding parameter (2:VARCHAR) <- [General]
26-04-06 00:05:20.353 [Test worker] TRACE org.hibernate.orm.jdbc.bind          [- | - | -] - binding parameter (3:VARCHAR) <- [general]
26-04-06 00:05:20.353 [Test worker] TRACE org.hibernate.orm.jdbc.bind          [- | - | -] - binding parameter (4:ENUM) <- [PUBLIC]
26-04-06 00:05:20.353 [Test worker] TRACE org.hibernate.orm.jdbc.bind          [- | - | -] - binding parameter (5:TIMESTAMP_UTC) <- [2026-04-05T15:05:20.339770200Z]
26-04-06 00:05:20.353 [Test worker] TRACE org.hibernate.orm.jdbc.bind          [- | - | -] - binding parameter (6:UUID) <- [fb1853dd-1035-432a-acda-45aec559db98]
26-04-06 00:05:20.354 [Test worker] DEBUG org.hibernate.SQL                    [- | - | -] - 
    insert 
    into
        users
        (created_at, email, password, profile_id, updated_at, username, id) 
    values
        (?, ?, ?, ?, ?, ?, ?)
26-04-06 00:05:20.354 [Test worker] TRACE org.hibernate.orm.jdbc.bind          [- | - | -] - binding parameter (1:TIMESTAMP_UTC) <- [2026-04-05T15:05:20.340904500Z]
26-04-06 00:05:20.354 [Test worker] TRACE org.hibernate.orm.jdbc.bind          [- | - | -] - binding parameter (2:VARCHAR) <- [author@test.com]
26-04-06 00:05:20.354 [Test worker] TRACE org.hibernate.orm.jdbc.bind          [- | - | -] - binding parameter (3:VARCHAR) <- [pass]
26-04-06 00:05:20.354 [Test worker] TRACE org.hibernate.orm.jdbc.bind          [- | - | -] - binding parameter (4:UUID) <- [null]
26-04-06 00:05:20.354 [Test worker] TRACE org.hibernate.orm.jdbc.bind          [- | - | -] - binding parameter (5:TIMESTAMP_UTC) <- [2026-04-05T15:05:20.340904500Z]
26-04-06 00:05:20.354 [Test worker] TRACE org.hibernate.orm.jdbc.bind          [- | - | -] - binding parameter (6:VARCHAR) <- [author]
26-04-06 00:05:20.355 [Test worker] TRACE org.hibernate.orm.jdbc.bind          [- | - | -] - binding parameter (7:UUID) <- [1c89ef24-ce1b-4ce8-b58c-e326be554d7b]
26-04-06 00:05:20.355 [Test worker] DEBUG org.hibernate.SQL                    [- | - | -] - 
    insert 
    into
        user_statuses
        (created_at, last_active_at, updated_at, user_id, id) 
    values
        (?, ?, ?, ?, ?)
26-04-06 00:05:20.355 [Test worker] TRACE org.hibernate.orm.jdbc.bind          [- | - | -] - binding parameter (1:TIMESTAMP_UTC) <- [2026-04-05T15:05:20.343902400Z]
26-04-06 00:05:20.355 [Test worker] TRACE org.hibernate.orm.jdbc.bind          [- | - | -] - binding parameter (2:TIMESTAMP_UTC) <- [2026-04-05T15:05:20.342903600Z]
26-04-06 00:05:20.355 [Test worker] TRACE org.hibernate.orm.jdbc.bind          [- | - | -] - binding parameter (3:TIMESTAMP_UTC) <- [2026-04-05T15:05:20.343902400Z]
26-04-06 00:05:20.355 [Test worker] TRACE org.hibernate.orm.jdbc.bind          [- | - | -] - binding parameter (4:UUID) <- [1c89ef24-ce1b-4ce8-b58c-e326be554d7b]
26-04-06 00:05:20.355 [Test worker] TRACE org.hibernate.orm.jdbc.bind          [- | - | -] - binding parameter (5:UUID) <- [42ecc101-b1e5-491c-a3cd-34c41c2d394e]
26-04-06 00:05:20.356 [Test worker] DEBUG org.hibernate.SQL                    [- | - | -] - 
    insert 
    into
        messages
        (author_id, channel_id, content, created_at, updated_at, id) 
    values
        (?, ?, ?, ?, ?, ?)
26-04-06 00:05:20.356 [Test worker] TRACE org.hibernate.orm.jdbc.bind          [- | - | -] - binding parameter (1:UUID) <- [1c89ef24-ce1b-4ce8-b58c-e326be554d7b]
26-04-06 00:05:20.356 [Test worker] TRACE org.hibernate.orm.jdbc.bind          [- | - | -] - binding parameter (2:UUID) <- [fb1853dd-1035-432a-acda-45aec559db98]
26-04-06 00:05:20.356 [Test worker] TRACE org.hibernate.orm.jdbc.bind          [- | - | -] - binding parameter (3:VARCHAR) <- [msg1]
26-04-06 00:05:20.356 [Test worker] TRACE org.hibernate.orm.jdbc.bind          [- | - | -] - binding parameter (4:TIMESTAMP_UTC) <- [2026-04-05T15:05:20.346906700Z]
26-04-06 00:05:20.356 [Test worker] TRACE org.hibernate.orm.jdbc.bind          [- | - | -] - binding parameter (5:TIMESTAMP_UTC) <- [2026-04-05T15:05:20.346906700Z]
26-04-06 00:05:20.356 [Test worker] TRACE org.hibernate.orm.jdbc.bind          [- | - | -] - binding parameter (6:UUID) <- [96fa17cb-06b0-4dab-974b-ece7206a921e]
26-04-06 00:05:20.356 [Test worker] DEBUG org.hibernate.SQL                    [- | - | -] - 
    insert 
    into
        messages
        (author_id, channel_id, content, created_at, updated_at, id) 
    values
        (?, ?, ?, ?, ?, ?)
26-04-06 00:05:20.356 [Test worker] TRACE org.hibernate.orm.jdbc.bind          [- | - | -] - binding parameter (1:UUID) <- [1c89ef24-ce1b-4ce8-b58c-e326be554d7b]
26-04-06 00:05:20.356 [Test worker] TRACE org.hibernate.orm.jdbc.bind          [- | - | -] - binding parameter (2:UUID) <- [fb1853dd-1035-432a-acda-45aec559db98]
26-04-06 00:05:20.356 [Test worker] TRACE org.hibernate.orm.jdbc.bind          [- | - | -] - binding parameter (3:VARCHAR) <- [msg2]
26-04-06 00:05:20.356 [Test worker] TRACE org.hibernate.orm.jdbc.bind          [- | - | -] - binding parameter (4:TIMESTAMP_UTC) <- [2026-04-05T15:05:20.348903500Z]
26-04-06 00:05:20.356 [Test worker] TRACE org.hibernate.orm.jdbc.bind          [- | - | -] - binding parameter (5:TIMESTAMP_UTC) <- [2026-04-05T15:05:20.348903500Z]
26-04-06 00:05:20.356 [Test worker] TRACE org.hibernate.orm.jdbc.bind          [- | - | -] - binding parameter (6:UUID) <- [b6a8ce27-bcaa-4b89-83b2-aa90d9cd1ef6]
26-04-06 00:05:20.357 [Test worker] DEBUG org.hibernate.SQL                    [- | - | -] - 
    select
        m1_0.id,
        a1_0.id,
        a1_0.created_at,
        a1_0.email,
        a1_0.password,
        p1_0.id,
        p1_0.content_type,
        p1_0.created_at,
        p1_0.file_name,
        p1_0.size,
        s1_0.id,
        s1_0.created_at,
        s1_0.last_active_at,
        s1_0.updated_at,
        s1_0.user_id,
        a1_0.updated_at,
        a1_0.username,
        m1_0.channel_id,
        m1_0.content,
        m1_0.created_at,
        m1_0.updated_at 
    from
        messages m1_0 
    left join
        users a1_0 
            on a1_0.id=m1_0.author_id 
    join
        user_statuses s1_0 
            on a1_0.id=s1_0.user_id 
    left join
        binary_contents p1_0 
            on p1_0.id=a1_0.profile_id 
    where
        m1_0.channel_id=? 
        and m1_0.created_at<? 
    order by
        m1_0.created_at desc 
    fetch
        first ? rows only
26-04-06 00:05:20.357 [Test worker] TRACE org.hibernate.orm.jdbc.bind          [- | - | -] - binding parameter (1:UUID) <- [fb1853dd-1035-432a-acda-45aec559db98]
26-04-06 00:05:20.358 [Test worker] TRACE org.hibernate.orm.jdbc.bind          [- | - | -] - binding parameter (2:TIMESTAMP_UTC) <- [2026-04-05T15:05:21.348903500Z]
26-04-06 00:05:20.358 [Test worker] TRACE org.hibernate.orm.jdbc.bind          [- | - | -] - binding parameter (3:INTEGER) <- [11]
26-04-06 00:05:20.366 [Test worker] DEBUG org.hibernate.SQL                    [- | - | -] - 
    insert 
    into
        channels
        (created_at, description, name, type, updated_at, id) 
    values
        (?, ?, ?, ?, ?, ?)
26-04-06 00:05:20.367 [Test worker] TRACE org.hibernate.orm.jdbc.bind          [- | - | -] - binding parameter (1:TIMESTAMP_UTC) <- [2026-04-05T15:05:20.364457400Z]
26-04-06 00:05:20.367 [Test worker] TRACE org.hibernate.orm.jdbc.bind          [- | - | -] - binding parameter (2:VARCHAR) <- [General]
26-04-06 00:05:20.367 [Test worker] TRACE org.hibernate.orm.jdbc.bind          [- | - | -] - binding parameter (3:VARCHAR) <- [general]
26-04-06 00:05:20.367 [Test worker] TRACE org.hibernate.orm.jdbc.bind          [- | - | -] - binding parameter (4:ENUM) <- [PUBLIC]
26-04-06 00:05:20.367 [Test worker] TRACE org.hibernate.orm.jdbc.bind          [- | - | -] - binding parameter (5:TIMESTAMP_UTC) <- [2026-04-05T15:05:20.364457400Z]
26-04-06 00:05:20.367 [Test worker] TRACE org.hibernate.orm.jdbc.bind          [- | - | -] - binding parameter (6:UUID) <- [795f6d06-f0a7-4b8d-b332-042ecfb4f15d]
26-04-06 00:05:20.368 [Test worker] DEBUG org.hibernate.SQL                    [- | - | -] - 
    insert 
    into
        users
        (created_at, email, password, profile_id, updated_at, username, id) 
    values
        (?, ?, ?, ?, ?, ?, ?)
26-04-06 00:05:20.368 [Test worker] TRACE org.hibernate.orm.jdbc.bind          [- | - | -] - binding parameter (1:TIMESTAMP_UTC) <- [2026-04-05T15:05:20.364457400Z]
26-04-06 00:05:20.368 [Test worker] TRACE org.hibernate.orm.jdbc.bind          [- | - | -] - binding parameter (2:VARCHAR) <- [author@test.com]
26-04-06 00:05:20.368 [Test worker] TRACE org.hibernate.orm.jdbc.bind          [- | - | -] - binding parameter (3:VARCHAR) <- [pass]
26-04-06 00:05:20.368 [Test worker] TRACE org.hibernate.orm.jdbc.bind          [- | - | -] - binding parameter (4:UUID) <- [null]
26-04-06 00:05:20.369 [Test worker] TRACE org.hibernate.orm.jdbc.bind          [- | - | -] - binding parameter (5:TIMESTAMP_UTC) <- [2026-04-05T15:05:20.364457400Z]
26-04-06 00:05:20.369 [Test worker] TRACE org.hibernate.orm.jdbc.bind          [- | - | -] - binding parameter (6:VARCHAR) <- [author]
26-04-06 00:05:20.369 [Test worker] TRACE org.hibernate.orm.jdbc.bind          [- | - | -] - binding parameter (7:UUID) <- [19160ba7-0bd7-4819-b04d-1e2815ed0cd9]
26-04-06 00:05:20.369 [Test worker] DEBUG org.hibernate.SQL                    [- | - | -] - 
    insert 
    into
        user_statuses
        (created_at, last_active_at, updated_at, user_id, id) 
    values
        (?, ?, ?, ?, ?)
26-04-06 00:05:20.370 [Test worker] TRACE org.hibernate.orm.jdbc.bind          [- | - | -] - binding parameter (1:TIMESTAMP_UTC) <- [2026-04-05T15:05:20.364457400Z]
26-04-06 00:05:20.370 [Test worker] TRACE org.hibernate.orm.jdbc.bind          [- | - | -] - binding parameter (2:TIMESTAMP_UTC) <- [2026-04-05T15:05:20.364457400Z]
26-04-06 00:05:20.370 [Test worker] TRACE org.hibernate.orm.jdbc.bind          [- | - | -] - binding parameter (3:TIMESTAMP_UTC) <- [2026-04-05T15:05:20.364457400Z]
26-04-06 00:05:20.370 [Test worker] TRACE org.hibernate.orm.jdbc.bind          [- | - | -] - binding parameter (4:UUID) <- [19160ba7-0bd7-4819-b04d-1e2815ed0cd9]
26-04-06 00:05:20.370 [Test worker] TRACE org.hibernate.orm.jdbc.bind          [- | - | -] - binding parameter (5:UUID) <- [48da6920-e37f-48a9-8363-4fadbc7c84d9]
26-04-06 00:05:20.370 [Test worker] DEBUG org.hibernate.SQL                    [- | - | -] - 
    insert 
    into
        messages
        (author_id, channel_id, content, created_at, updated_at, id) 
    values
        (?, ?, ?, ?, ?, ?)
26-04-06 00:05:20.370 [Test worker] TRACE org.hibernate.orm.jdbc.bind          [- | - | -] - binding parameter (1:UUID) <- [19160ba7-0bd7-4819-b04d-1e2815ed0cd9]
26-04-06 00:05:20.370 [Test worker] TRACE org.hibernate.orm.jdbc.bind          [- | - | -] - binding parameter (2:UUID) <- [795f6d06-f0a7-4b8d-b332-042ecfb4f15d]
26-04-06 00:05:20.370 [Test worker] TRACE org.hibernate.orm.jdbc.bind          [- | - | -] - binding parameter (3:VARCHAR) <- [first]
26-04-06 00:05:20.370 [Test worker] TRACE org.hibernate.orm.jdbc.bind          [- | - | -] - binding parameter (4:TIMESTAMP_UTC) <- [2026-04-05T15:05:20.365455700Z]
26-04-06 00:05:20.370 [Test worker] TRACE org.hibernate.orm.jdbc.bind          [- | - | -] - binding parameter (5:TIMESTAMP_UTC) <- [2026-04-05T15:05:20.365455700Z]
26-04-06 00:05:20.370 [Test worker] TRACE org.hibernate.orm.jdbc.bind          [- | - | -] - binding parameter (6:UUID) <- [0f1a8f6c-6003-40ad-ab5c-155634cd7dbf]
26-04-06 00:05:20.371 [Test worker] DEBUG org.hibernate.SQL                    [- | - | -] - 
    insert 
    into
        messages
        (author_id, channel_id, content, created_at, updated_at, id) 
    values
        (?, ?, ?, ?, ?, ?)
26-04-06 00:05:20.371 [Test worker] TRACE org.hibernate.orm.jdbc.bind          [- | - | -] - binding parameter (1:UUID) <- [19160ba7-0bd7-4819-b04d-1e2815ed0cd9]
26-04-06 00:05:20.371 [Test worker] TRACE org.hibernate.orm.jdbc.bind          [- | - | -] - binding parameter (2:UUID) <- [795f6d06-f0a7-4b8d-b332-042ecfb4f15d]
26-04-06 00:05:20.371 [Test worker] TRACE org.hibernate.orm.jdbc.bind          [- | - | -] - binding parameter (3:VARCHAR) <- [last]
26-04-06 00:05:20.371 [Test worker] TRACE org.hibernate.orm.jdbc.bind          [- | - | -] - binding parameter (4:TIMESTAMP_UTC) <- [2026-04-05T15:05:20.365455700Z]
26-04-06 00:05:20.371 [Test worker] TRACE org.hibernate.orm.jdbc.bind          [- | - | -] - binding parameter (5:TIMESTAMP_UTC) <- [2026-04-05T15:05:20.365455700Z]
26-04-06 00:05:20.371 [Test worker] TRACE org.hibernate.orm.jdbc.bind          [- | - | -] - binding parameter (6:UUID) <- [380e17f9-fafc-4279-84f0-c572a5c26ba9]
26-04-06 00:05:20.372 [Test worker] DEBUG org.hibernate.SQL                    [- | - | -] - 
    select
        m1_0.created_at 
    from
        messages m1_0 
    where
        m1_0.channel_id=? 
    order by
        m1_0.created_at desc 
    fetch
        first 1 rows only
26-04-06 00:05:20.372 [Test worker] TRACE org.hibernate.orm.jdbc.bind          [- | - | -] - binding parameter (1:UUID) <- [795f6d06-f0a7-4b8d-b332-042ecfb4f15d]
26-04-06 00:05:20.384 [Test worker] DEBUG org.hibernate.SQL                    [- | - | -] - 
    insert 
    into
        channels
        (created_at, description, name, type, updated_at, id) 
    values
        (?, ?, ?, ?, ?, ?)
26-04-06 00:05:20.384 [Test worker] TRACE org.hibernate.orm.jdbc.bind          [- | - | -] - binding parameter (1:TIMESTAMP_UTC) <- [2026-04-05T15:05:20.378490800Z]
26-04-06 00:05:20.385 [Test worker] TRACE org.hibernate.orm.jdbc.bind          [- | - | -] - binding parameter (2:VARCHAR) <- [General]
26-04-06 00:05:20.385 [Test worker] TRACE org.hibernate.orm.jdbc.bind          [- | - | -] - binding parameter (3:VARCHAR) <- [general]
26-04-06 00:05:20.385 [Test worker] TRACE org.hibernate.orm.jdbc.bind          [- | - | -] - binding parameter (4:ENUM) <- [PUBLIC]
26-04-06 00:05:20.385 [Test worker] TRACE org.hibernate.orm.jdbc.bind          [- | - | -] - binding parameter (5:TIMESTAMP_UTC) <- [2026-04-05T15:05:20.378490800Z]
26-04-06 00:05:20.385 [Test worker] TRACE org.hibernate.orm.jdbc.bind          [- | - | -] - binding parameter (6:UUID) <- [a3806ab1-6284-4b6b-a360-930269c7b641]
26-04-06 00:05:20.386 [Test worker] DEBUG org.hibernate.SQL                    [- | - | -] - 
    insert 
    into
        users
        (created_at, email, password, profile_id, updated_at, username, id) 
    values
        (?, ?, ?, ?, ?, ?, ?)
26-04-06 00:05:20.386 [Test worker] TRACE org.hibernate.orm.jdbc.bind          [- | - | -] - binding parameter (1:TIMESTAMP_UTC) <- [2026-04-05T15:05:20.378490800Z]
26-04-06 00:05:20.386 [Test worker] TRACE org.hibernate.orm.jdbc.bind          [- | - | -] - binding parameter (2:VARCHAR) <- [author@test.com]
26-04-06 00:05:20.386 [Test worker] TRACE org.hibernate.orm.jdbc.bind          [- | - | -] - binding parameter (3:VARCHAR) <- [pass]
26-04-06 00:05:20.386 [Test worker] TRACE org.hibernate.orm.jdbc.bind          [- | - | -] - binding parameter (4:UUID) <- [null]
26-04-06 00:05:20.387 [Test worker] TRACE org.hibernate.orm.jdbc.bind          [- | - | -] - binding parameter (5:TIMESTAMP_UTC) <- [2026-04-05T15:05:20.378490800Z]
26-04-06 00:05:20.387 [Test worker] TRACE org.hibernate.orm.jdbc.bind          [- | - | -] - binding parameter (6:VARCHAR) <- [author]
26-04-06 00:05:20.387 [Test worker] TRACE org.hibernate.orm.jdbc.bind          [- | - | -] - binding parameter (7:UUID) <- [cabc0b2f-0c06-4030-8885-0d2f861cd792]
26-04-06 00:05:20.387 [Test worker] DEBUG org.hibernate.SQL                    [- | - | -] - 
    insert 
    into
        user_statuses
        (created_at, last_active_at, updated_at, user_id, id) 
    values
        (?, ?, ?, ?, ?)
26-04-06 00:05:20.387 [Test worker] TRACE org.hibernate.orm.jdbc.bind          [- | - | -] - binding parameter (1:TIMESTAMP_UTC) <- [2026-04-05T15:05:20.378490800Z]
26-04-06 00:05:20.387 [Test worker] TRACE org.hibernate.orm.jdbc.bind          [- | - | -] - binding parameter (2:TIMESTAMP_UTC) <- [2026-04-05T15:05:20.378490800Z]
26-04-06 00:05:20.387 [Test worker] TRACE org.hibernate.orm.jdbc.bind          [- | - | -] - binding parameter (3:TIMESTAMP_UTC) <- [2026-04-05T15:05:20.378490800Z]
26-04-06 00:05:20.387 [Test worker] TRACE org.hibernate.orm.jdbc.bind          [- | - | -] - binding parameter (4:UUID) <- [cabc0b2f-0c06-4030-8885-0d2f861cd792]
26-04-06 00:05:20.388 [Test worker] TRACE org.hibernate.orm.jdbc.bind          [- | - | -] - binding parameter (5:UUID) <- [666b41f9-4069-4a48-89a3-b05ba4506a14]
26-04-06 00:05:20.388 [Test worker] DEBUG org.hibernate.SQL                    [- | - | -] - 
    insert 
    into
        messages
        (author_id, channel_id, content, created_at, updated_at, id) 
    values
        (?, ?, ?, ?, ?, ?)
26-04-06 00:05:20.388 [Test worker] TRACE org.hibernate.orm.jdbc.bind          [- | - | -] - binding parameter (1:UUID) <- [cabc0b2f-0c06-4030-8885-0d2f861cd792]
26-04-06 00:05:20.388 [Test worker] TRACE org.hibernate.orm.jdbc.bind          [- | - | -] - binding parameter (2:UUID) <- [a3806ab1-6284-4b6b-a360-930269c7b641]
26-04-06 00:05:20.388 [Test worker] TRACE org.hibernate.orm.jdbc.bind          [- | - | -] - binding parameter (3:VARCHAR) <- [msg1]
26-04-06 00:05:20.388 [Test worker] TRACE org.hibernate.orm.jdbc.bind          [- | - | -] - binding parameter (4:TIMESTAMP_UTC) <- [2026-04-05T15:05:20.381003700Z]
26-04-06 00:05:20.388 [Test worker] TRACE org.hibernate.orm.jdbc.bind          [- | - | -] - binding parameter (5:TIMESTAMP_UTC) <- [2026-04-05T15:05:20.381003700Z]
26-04-06 00:05:20.388 [Test worker] TRACE org.hibernate.orm.jdbc.bind          [- | - | -] - binding parameter (6:UUID) <- [a23433f3-3ffe-476a-9e6e-509a87cbe5ed]
26-04-06 00:05:20.388 [Test worker] DEBUG org.hibernate.SQL                    [- | - | -] - 
    insert 
    into
        messages
        (author_id, channel_id, content, created_at, updated_at, id) 
    values
        (?, ?, ?, ?, ?, ?)
26-04-06 00:05:20.388 [Test worker] TRACE org.hibernate.orm.jdbc.bind          [- | - | -] - binding parameter (1:UUID) <- [cabc0b2f-0c06-4030-8885-0d2f861cd792]
26-04-06 00:05:20.388 [Test worker] TRACE org.hibernate.orm.jdbc.bind          [- | - | -] - binding parameter (2:UUID) <- [a3806ab1-6284-4b6b-a360-930269c7b641]
26-04-06 00:05:20.388 [Test worker] TRACE org.hibernate.orm.jdbc.bind          [- | - | -] - binding parameter (3:VARCHAR) <- [msg2]
26-04-06 00:05:20.389 [Test worker] TRACE org.hibernate.orm.jdbc.bind          [- | - | -] - binding parameter (4:TIMESTAMP_UTC) <- [2026-04-05T15:05:20.382002300Z]
26-04-06 00:05:20.389 [Test worker] TRACE org.hibernate.orm.jdbc.bind          [- | - | -] - binding parameter (5:TIMESTAMP_UTC) <- [2026-04-05T15:05:20.382002300Z]
26-04-06 00:05:20.389 [Test worker] TRACE org.hibernate.orm.jdbc.bind          [- | - | -] - binding parameter (6:UUID) <- [de6086e4-3c2a-4320-b025-e06cbd491dc1]
26-04-06 00:05:20.390 [Test worker] DEBUG org.hibernate.SQL                    [- | - | -] - 
    select
        m1_0.id,
        m1_0.author_id,
        m1_0.channel_id,
        m1_0.content,
        m1_0.created_at,
        m1_0.updated_at 
    from
        messages m1_0 
    where
        m1_0.channel_id=?
26-04-06 00:05:20.390 [Test worker] TRACE org.hibernate.orm.jdbc.bind          [- | - | -] - binding parameter (1:UUID) <- [a3806ab1-6284-4b6b-a360-930269c7b641]
26-04-06 00:05:20.394 [Test worker] DEBUG org.hibernate.SQL                    [- | - | -] - 
    delete 
    from
        messages 
    where
        id=?
26-04-06 00:05:20.394 [Test worker] TRACE org.hibernate.orm.jdbc.bind          [- | - | -] - binding parameter (1:UUID) <- [a23433f3-3ffe-476a-9e6e-509a87cbe5ed]
26-04-06 00:05:20.395 [Test worker] DEBUG org.hibernate.SQL                    [- | - | -] - 
    delete 
    from
        messages 
    where
        id=?
26-04-06 00:05:20.395 [Test worker] TRACE org.hibernate.orm.jdbc.bind          [- | - | -] - binding parameter (1:UUID) <- [de6086e4-3c2a-4320-b025-e06cbd491dc1]
26-04-06 00:05:20.395 [Test worker] DEBUG org.hibernate.SQL                    [- | - | -] - 
    select
        m1_0.id,
        a1_0.id,
        a1_0.created_at,
        a1_0.email,
        a1_0.password,
        p1_0.id,
        p1_0.content_type,
        p1_0.created_at,
        p1_0.file_name,
        p1_0.size,
        s1_0.id,
        s1_0.created_at,
        s1_0.last_active_at,
        s1_0.updated_at,
        s1_0.user_id,
        a1_0.updated_at,
        a1_0.username,
        m1_0.channel_id,
        m1_0.content,
        m1_0.created_at,
        m1_0.updated_at 
    from
        messages m1_0 
    left join
        users a1_0 
            on a1_0.id=m1_0.author_id 
    join
        user_statuses s1_0 
            on a1_0.id=s1_0.user_id 
    left join
        binary_contents p1_0 
            on p1_0.id=a1_0.profile_id 
    where
        m1_0.channel_id=? 
        and m1_0.created_at<? 
    order by
        m1_0.created_at desc 
    fetch
        first ? rows only
26-04-06 00:05:20.396 [Test worker] TRACE org.hibernate.orm.jdbc.bind          [- | - | -] - binding parameter (1:UUID) <- [a3806ab1-6284-4b6b-a360-930269c7b641]
26-04-06 00:05:20.396 [Test worker] TRACE org.hibernate.orm.jdbc.bind          [- | - | -] - binding parameter (2:TIMESTAMP_UTC) <- [2026-04-05T15:05:21.391037300Z]
26-04-06 00:05:20.396 [Test worker] TRACE org.hibernate.orm.jdbc.bind          [- | - | -] - binding parameter (3:INTEGER) <- [11]
26-04-06 00:05:20.402 [Test worker] DEBUG org.hibernate.SQL                    [- | - | -] - 
    select
        m1_0.created_at 
    from
        messages m1_0 
    where
        m1_0.channel_id=? 
    order by
        m1_0.created_at desc 
    fetch
        first 1 rows only
26-04-06 00:05:20.402 [Test worker] TRACE org.hibernate.orm.jdbc.bind          [- | - | -] - binding parameter (1:UUID) <- [0a460953-e45b-4d45-80df-47ac3cade9dc]
26-04-06 00:05:20.407 [Test worker] DEBUG org.hibernate.SQL                    [- | - | -] - 
    insert 
    into
        channels
        (created_at, description, name, type, updated_at, id) 
    values
        (?, ?, ?, ?, ?, ?)
26-04-06 00:05:20.407 [Test worker] TRACE org.hibernate.orm.jdbc.bind          [- | - | -] - binding parameter (1:TIMESTAMP_UTC) <- [2026-04-05T15:05:20.406097400Z]
26-04-06 00:05:20.408 [Test worker] TRACE org.hibernate.orm.jdbc.bind          [- | - | -] - binding parameter (2:VARCHAR) <- [General]
26-04-06 00:05:20.408 [Test worker] TRACE org.hibernate.orm.jdbc.bind          [- | - | -] - binding parameter (3:VARCHAR) <- [general]
26-04-06 00:05:20.408 [Test worker] TRACE org.hibernate.orm.jdbc.bind          [- | - | -] - binding parameter (4:ENUM) <- [PUBLIC]
26-04-06 00:05:20.408 [Test worker] TRACE org.hibernate.orm.jdbc.bind          [- | - | -] - binding parameter (5:TIMESTAMP_UTC) <- [2026-04-05T15:05:20.406097400Z]
26-04-06 00:05:20.408 [Test worker] TRACE org.hibernate.orm.jdbc.bind          [- | - | -] - binding parameter (6:UUID) <- [5d2ac838-8cfa-4a05-ad4c-09b634088e2b]
26-04-06 00:05:20.408 [Test worker] DEBUG org.hibernate.SQL                    [- | - | -] - 
    insert 
    into
        users
        (created_at, email, password, profile_id, updated_at, username, id) 
    values
        (?, ?, ?, ?, ?, ?, ?)
26-04-06 00:05:20.408 [Test worker] TRACE org.hibernate.orm.jdbc.bind          [- | - | -] - binding parameter (1:TIMESTAMP_UTC) <- [2026-04-05T15:05:20.406097400Z]
26-04-06 00:05:20.408 [Test worker] TRACE org.hibernate.orm.jdbc.bind          [- | - | -] - binding parameter (2:VARCHAR) <- [author@test.com]
26-04-06 00:05:20.408 [Test worker] TRACE org.hibernate.orm.jdbc.bind          [- | - | -] - binding parameter (3:VARCHAR) <- [pass]
26-04-06 00:05:20.408 [Test worker] TRACE org.hibernate.orm.jdbc.bind          [- | - | -] - binding parameter (4:UUID) <- [null]
26-04-06 00:05:20.408 [Test worker] TRACE org.hibernate.orm.jdbc.bind          [- | - | -] - binding parameter (5:TIMESTAMP_UTC) <- [2026-04-05T15:05:20.406097400Z]
26-04-06 00:05:20.408 [Test worker] TRACE org.hibernate.orm.jdbc.bind          [- | - | -] - binding parameter (6:VARCHAR) <- [author]
26-04-06 00:05:20.408 [Test worker] TRACE org.hibernate.orm.jdbc.bind          [- | - | -] - binding parameter (7:UUID) <- [1f69380c-8304-4fbf-957d-848e888df5cf]
26-04-06 00:05:20.410 [Test worker] DEBUG org.hibernate.SQL                    [- | - | -] - 
    insert 
    into
        user_statuses
        (created_at, last_active_at, updated_at, user_id, id) 
    values
        (?, ?, ?, ?, ?)
26-04-06 00:05:20.410 [Test worker] TRACE org.hibernate.orm.jdbc.bind          [- | - | -] - binding parameter (1:TIMESTAMP_UTC) <- [2026-04-05T15:05:20.406097400Z]
26-04-06 00:05:20.410 [Test worker] TRACE org.hibernate.orm.jdbc.bind          [- | - | -] - binding parameter (2:TIMESTAMP_UTC) <- [2026-04-05T15:05:20.406097400Z]
26-04-06 00:05:20.410 [Test worker] TRACE org.hibernate.orm.jdbc.bind          [- | - | -] - binding parameter (3:TIMESTAMP_UTC) <- [2026-04-05T15:05:20.406097400Z]
26-04-06 00:05:20.410 [Test worker] TRACE org.hibernate.orm.jdbc.bind          [- | - | -] - binding parameter (4:UUID) <- [1f69380c-8304-4fbf-957d-848e888df5cf]
26-04-06 00:05:20.410 [Test worker] TRACE org.hibernate.orm.jdbc.bind          [- | - | -] - binding parameter (5:UUID) <- [31784305-cf04-492b-930a-ad6afe829bdb]
26-04-06 00:05:20.410 [Test worker] DEBUG org.hibernate.SQL                    [- | - | -] - 
    insert 
    into
        messages
        (author_id, channel_id, content, created_at, updated_at, id) 
    values
        (?, ?, ?, ?, ?, ?)
26-04-06 00:05:20.410 [Test worker] TRACE org.hibernate.orm.jdbc.bind          [- | - | -] - binding parameter (1:UUID) <- [1f69380c-8304-4fbf-957d-848e888df5cf]
26-04-06 00:05:20.410 [Test worker] TRACE org.hibernate.orm.jdbc.bind          [- | - | -] - binding parameter (2:UUID) <- [5d2ac838-8cfa-4a05-ad4c-09b634088e2b]
26-04-06 00:05:20.410 [Test worker] TRACE org.hibernate.orm.jdbc.bind          [- | - | -] - binding parameter (3:VARCHAR) <- [msg1]
26-04-06 00:05:20.410 [Test worker] TRACE org.hibernate.orm.jdbc.bind          [- | - | -] - binding parameter (4:TIMESTAMP_UTC) <- [2026-04-05T15:05:20.406097400Z]
26-04-06 00:05:20.411 [Test worker] TRACE org.hibernate.orm.jdbc.bind          [- | - | -] - binding parameter (5:TIMESTAMP_UTC) <- [2026-04-05T15:05:20.406097400Z]
26-04-06 00:05:20.411 [Test worker] TRACE org.hibernate.orm.jdbc.bind          [- | - | -] - binding parameter (6:UUID) <- [4776c53f-5bd3-40bd-9cce-d2ff0ef616aa]
26-04-06 00:05:20.411 [Test worker] DEBUG org.hibernate.SQL                    [- | - | -] - 
    select
        m1_0.id,
        a1_0.id,
        a1_0.created_at,
        a1_0.email,
        a1_0.password,
        p1_0.id,
        p1_0.content_type,
        p1_0.created_at,
        p1_0.file_name,
        p1_0.size,
        s1_0.id,
        s1_0.created_at,
        s1_0.last_active_at,
        s1_0.updated_at,
        s1_0.user_id,
        a1_0.updated_at,
        a1_0.username,
        m1_0.channel_id,
        m1_0.content,
        m1_0.created_at,
        m1_0.updated_at 
    from
        messages m1_0 
    left join
        users a1_0 
            on a1_0.id=m1_0.author_id 
    join
        user_statuses s1_0 
            on a1_0.id=s1_0.user_id 
    left join
        binary_contents p1_0 
            on p1_0.id=a1_0.profile_id 
    where
        m1_0.channel_id=? 
        and m1_0.created_at<? 
    order by
        m1_0.created_at desc 
    fetch
        first ? rows only
26-04-06 00:05:20.412 [Test worker] TRACE org.hibernate.orm.jdbc.bind          [- | - | -] - binding parameter (1:UUID) <- [5d2ac838-8cfa-4a05-ad4c-09b634088e2b]
26-04-06 00:05:20.412 [Test worker] TRACE org.hibernate.orm.jdbc.bind          [- | - | -] - binding parameter (2:TIMESTAMP_UTC) <- [2026-04-05T15:04:20.407603Z]
26-04-06 00:05:20.412 [Test worker] TRACE org.hibernate.orm.jdbc.bind          [- | - | -] - binding parameter (3:INTEGER) <- [11]
26-04-06 00:05:20.416 [Test worker] INFO  o.s.t.c.s.AnnotationConfigContextLoaderUtils [- | - | -] - Could not detect default configuration classes for test class [com.sprint.mission.discodeit.repository.UserRepositoryTest]: UserRepositoryTest does not declare any static, non-private, non-final, nested classes annotated with @Configuration.
26-04-06 00:05:20.418 [Test worker] INFO  o.s.b.t.c.SpringBootTestContextBootstrapper [- | - | -] - Found @SpringBootConfiguration com.sprint.mission.discodeit.DiscodeitApplication for test class com.sprint.mission.discodeit.repository.UserRepositoryTest
26-04-06 00:05:20.422 [Test worker] DEBUG org.hibernate.SQL                    [- | - | -] - 
    select
        u1_0.id 
    from
        users u1_0 
    where
        u1_0.email=? 
    fetch
        first ? rows only
26-04-06 00:05:20.422 [Test worker] TRACE org.hibernate.orm.jdbc.bind          [- | - | -] - binding parameter (1:VARCHAR) <- [notexist@test.com]
26-04-06 00:05:20.422 [Test worker] TRACE org.hibernate.orm.jdbc.bind          [- | - | -] - binding parameter (2:INTEGER) <- [1]
26-04-06 00:05:20.428 [Test worker] DEBUG org.hibernate.SQL                    [- | - | -] - 
    insert 
    into
        users
        (created_at, email, password, profile_id, updated_at, username, id) 
    values
        (?, ?, ?, ?, ?, ?, ?)
26-04-06 00:05:20.429 [Test worker] TRACE org.hibernate.orm.jdbc.bind          [- | - | -] - binding parameter (1:TIMESTAMP_UTC) <- [2026-04-05T15:05:20.427177Z]
26-04-06 00:05:20.429 [Test worker] TRACE org.hibernate.orm.jdbc.bind          [- | - | -] - binding parameter (2:VARCHAR) <- [user1@test.com]
26-04-06 00:05:20.429 [Test worker] TRACE org.hibernate.orm.jdbc.bind          [- | - | -] - binding parameter (3:VARCHAR) <- [password123]
26-04-06 00:05:20.429 [Test worker] TRACE org.hibernate.orm.jdbc.bind          [- | - | -] - binding parameter (4:UUID) <- [null]
26-04-06 00:05:20.429 [Test worker] TRACE org.hibernate.orm.jdbc.bind          [- | - | -] - binding parameter (5:TIMESTAMP_UTC) <- [2026-04-05T15:05:20.427177Z]
26-04-06 00:05:20.429 [Test worker] TRACE org.hibernate.orm.jdbc.bind          [- | - | -] - binding parameter (6:VARCHAR) <- [user1]
26-04-06 00:05:20.429 [Test worker] TRACE org.hibernate.orm.jdbc.bind          [- | - | -] - binding parameter (7:UUID) <- [f2be6972-162a-4626-9466-4dc53c6a89e8]
26-04-06 00:05:20.430 [Test worker] DEBUG org.hibernate.SQL                    [- | - | -] - 
    insert 
    into
        user_statuses
        (created_at, last_active_at, updated_at, user_id, id) 
    values
        (?, ?, ?, ?, ?)
26-04-06 00:05:20.430 [Test worker] TRACE org.hibernate.orm.jdbc.bind          [- | - | -] - binding parameter (1:TIMESTAMP_UTC) <- [2026-04-05T15:05:20.427177Z]
26-04-06 00:05:20.430 [Test worker] TRACE org.hibernate.orm.jdbc.bind          [- | - | -] - binding parameter (2:TIMESTAMP_UTC) <- [2026-04-05T15:05:20.427177Z]
26-04-06 00:05:20.430 [Test worker] TRACE org.hibernate.orm.jdbc.bind          [- | - | -] - binding parameter (3:TIMESTAMP_UTC) <- [2026-04-05T15:05:20.427177Z]
26-04-06 00:05:20.430 [Test worker] TRACE org.hibernate.orm.jdbc.bind          [- | - | -] - binding parameter (4:UUID) <- [f2be6972-162a-4626-9466-4dc53c6a89e8]
26-04-06 00:05:20.430 [Test worker] TRACE org.hibernate.orm.jdbc.bind          [- | - | -] - binding parameter (5:UUID) <- [a21a34bb-6603-4482-959a-706addd4684c]
26-04-06 00:05:20.430 [Test worker] DEBUG org.hibernate.SQL                    [- | - | -] - 
    select
        u1_0.id 
    from
        users u1_0 
    where
        u1_0.email=? 
    fetch
        first ? rows only
26-04-06 00:05:20.430 [Test worker] TRACE org.hibernate.orm.jdbc.bind          [- | - | -] - binding parameter (1:VARCHAR) <- [user1@test.com]
26-04-06 00:05:20.430 [Test worker] TRACE org.hibernate.orm.jdbc.bind          [- | - | -] - binding parameter (2:INTEGER) <- [1]
26-04-06 00:05:20.436 [Test worker] DEBUG org.hibernate.SQL                    [- | - | -] - 
    insert 
    into
        users
        (created_at, email, password, profile_id, updated_at, username, id) 
    values
        (?, ?, ?, ?, ?, ?, ?)
26-04-06 00:05:20.437 [Test worker] TRACE org.hibernate.orm.jdbc.bind          [- | - | -] - binding parameter (1:TIMESTAMP_UTC) <- [2026-04-05T15:05:20.434546900Z]
26-04-06 00:05:20.437 [Test worker] TRACE org.hibernate.orm.jdbc.bind          [- | - | -] - binding parameter (2:VARCHAR) <- [alpha@test.com]
26-04-06 00:05:20.437 [Test worker] TRACE org.hibernate.orm.jdbc.bind          [- | - | -] - binding parameter (3:VARCHAR) <- [password123]
26-04-06 00:05:20.437 [Test worker] TRACE org.hibernate.orm.jdbc.bind          [- | - | -] - binding parameter (4:UUID) <- [null]
26-04-06 00:05:20.437 [Test worker] TRACE org.hibernate.orm.jdbc.bind          [- | - | -] - binding parameter (5:TIMESTAMP_UTC) <- [2026-04-05T15:05:20.434546900Z]
26-04-06 00:05:20.437 [Test worker] TRACE org.hibernate.orm.jdbc.bind          [- | - | -] - binding parameter (6:VARCHAR) <- [alpha]
26-04-06 00:05:20.437 [Test worker] TRACE org.hibernate.orm.jdbc.bind          [- | - | -] - binding parameter (7:UUID) <- [2295bbe1-a220-4384-aa9d-ee8a8002acc9]
26-04-06 00:05:20.438 [Test worker] DEBUG org.hibernate.SQL                    [- | - | -] - 
    insert 
    into
        user_statuses
        (created_at, last_active_at, updated_at, user_id, id) 
    values
        (?, ?, ?, ?, ?)
26-04-06 00:05:20.438 [Test worker] TRACE org.hibernate.orm.jdbc.bind          [- | - | -] - binding parameter (1:TIMESTAMP_UTC) <- [2026-04-05T15:05:20.434546900Z]
26-04-06 00:05:20.438 [Test worker] TRACE org.hibernate.orm.jdbc.bind          [- | - | -] - binding parameter (2:TIMESTAMP_UTC) <- [2026-04-05T15:05:20.434546900Z]
26-04-06 00:05:20.438 [Test worker] TRACE org.hibernate.orm.jdbc.bind          [- | - | -] - binding parameter (3:TIMESTAMP_UTC) <- [2026-04-05T15:05:20.434546900Z]
26-04-06 00:05:20.438 [Test worker] TRACE org.hibernate.orm.jdbc.bind          [- | - | -] - binding parameter (4:UUID) <- [2295bbe1-a220-4384-aa9d-ee8a8002acc9]
26-04-06 00:05:20.438 [Test worker] TRACE org.hibernate.orm.jdbc.bind          [- | - | -] - binding parameter (5:UUID) <- [ec1e0388-a3c5-49e5-8f69-7ced1382b383]
26-04-06 00:05:20.438 [Test worker] DEBUG org.hibernate.SQL                    [- | - | -] - 
    insert 
    into
        users
        (created_at, email, password, profile_id, updated_at, username, id) 
    values
        (?, ?, ?, ?, ?, ?, ?)
26-04-06 00:05:20.438 [Test worker] TRACE org.hibernate.orm.jdbc.bind          [- | - | -] - binding parameter (1:TIMESTAMP_UTC) <- [2026-04-05T15:05:20.434546900Z]
26-04-06 00:05:20.438 [Test worker] TRACE org.hibernate.orm.jdbc.bind          [- | - | -] - binding parameter (2:VARCHAR) <- [beta@test.com]
26-04-06 00:05:20.438 [Test worker] TRACE org.hibernate.orm.jdbc.bind          [- | - | -] - binding parameter (3:VARCHAR) <- [password123]
26-04-06 00:05:20.438 [Test worker] TRACE org.hibernate.orm.jdbc.bind          [- | - | -] - binding parameter (4:UUID) <- [null]
26-04-06 00:05:20.438 [Test worker] TRACE org.hibernate.orm.jdbc.bind          [- | - | -] - binding parameter (5:TIMESTAMP_UTC) <- [2026-04-05T15:05:20.434546900Z]
26-04-06 00:05:20.438 [Test worker] TRACE org.hibernate.orm.jdbc.bind          [- | - | -] - binding parameter (6:VARCHAR) <- [beta]
26-04-06 00:05:20.438 [Test worker] TRACE org.hibernate.orm.jdbc.bind          [- | - | -] - binding parameter (7:UUID) <- [b0939c49-37e4-4d02-a650-add5e54c7c58]
26-04-06 00:05:20.440 [Test worker] DEBUG org.hibernate.SQL                    [- | - | -] - 
    insert 
    into
        user_statuses
        (created_at, last_active_at, updated_at, user_id, id) 
    values
        (?, ?, ?, ?, ?)
26-04-06 00:05:20.440 [Test worker] TRACE org.hibernate.orm.jdbc.bind          [- | - | -] - binding parameter (1:TIMESTAMP_UTC) <- [2026-04-05T15:05:20.435550200Z]
26-04-06 00:05:20.440 [Test worker] TRACE org.hibernate.orm.jdbc.bind          [- | - | -] - binding parameter (2:TIMESTAMP_UTC) <- [2026-04-05T15:05:20.435550200Z]
26-04-06 00:05:20.440 [Test worker] TRACE org.hibernate.orm.jdbc.bind          [- | - | -] - binding parameter (3:TIMESTAMP_UTC) <- [2026-04-05T15:05:20.435550200Z]
26-04-06 00:05:20.440 [Test worker] TRACE org.hibernate.orm.jdbc.bind          [- | - | -] - binding parameter (4:UUID) <- [b0939c49-37e4-4d02-a650-add5e54c7c58]
26-04-06 00:05:20.440 [Test worker] TRACE org.hibernate.orm.jdbc.bind          [- | - | -] - binding parameter (5:UUID) <- [942a1d06-bd15-4864-afd3-0689654ba70f]
26-04-06 00:05:20.440 [Test worker] DEBUG org.hibernate.SQL                    [- | - | -] - 
    select
        u1_0.id,
        u1_0.created_at,
        u1_0.email,
        u1_0.password,
        p1_0.id,
        p1_0.content_type,
        p1_0.created_at,
        p1_0.file_name,
        p1_0.size,
        s1_0.id,
        s1_0.created_at,
        s1_0.last_active_at,
        s1_0.updated_at,
        s1_0.user_id,
        u1_0.updated_at,
        u1_0.username 
    from
        users u1_0 
    left join
        binary_contents p1_0 
            on p1_0.id=u1_0.profile_id 
    join
        user_statuses s1_0 
            on u1_0.id=s1_0.user_id
26-04-06 00:05:20.447 [Test worker] DEBUG org.hibernate.SQL                    [- | - | -] - 
    insert 
    into
        users
        (created_at, email, password, profile_id, updated_at, username, id) 
    values
        (?, ?, ?, ?, ?, ?, ?)
26-04-06 00:05:20.447 [Test worker] TRACE org.hibernate.orm.jdbc.bind          [- | - | -] - binding parameter (1:TIMESTAMP_UTC) <- [2026-04-05T15:05:20.445061300Z]
26-04-06 00:05:20.447 [Test worker] TRACE org.hibernate.orm.jdbc.bind          [- | - | -] - binding parameter (2:VARCHAR) <- [dup@test.com]
26-04-06 00:05:20.447 [Test worker] TRACE org.hibernate.orm.jdbc.bind          [- | - | -] - binding parameter (3:VARCHAR) <- [password123]
26-04-06 00:05:20.447 [Test worker] TRACE org.hibernate.orm.jdbc.bind          [- | - | -] - binding parameter (4:UUID) <- [null]
26-04-06 00:05:20.447 [Test worker] TRACE org.hibernate.orm.jdbc.bind          [- | - | -] - binding parameter (5:TIMESTAMP_UTC) <- [2026-04-05T15:05:20.445061300Z]
26-04-06 00:05:20.447 [Test worker] TRACE org.hibernate.orm.jdbc.bind          [- | - | -] - binding parameter (6:VARCHAR) <- [dupuser]
26-04-06 00:05:20.447 [Test worker] TRACE org.hibernate.orm.jdbc.bind          [- | - | -] - binding parameter (7:UUID) <- [9acab394-9cf2-4cc3-89a4-f5883b3e1e69]
26-04-06 00:05:20.448 [Test worker] DEBUG org.hibernate.SQL                    [- | - | -] - 
    insert 
    into
        user_statuses
        (created_at, last_active_at, updated_at, user_id, id) 
    values
        (?, ?, ?, ?, ?)
26-04-06 00:05:20.448 [Test worker] TRACE org.hibernate.orm.jdbc.bind          [- | - | -] - binding parameter (1:TIMESTAMP_UTC) <- [2026-04-05T15:05:20.445061300Z]
26-04-06 00:05:20.448 [Test worker] TRACE org.hibernate.orm.jdbc.bind          [- | - | -] - binding parameter (2:TIMESTAMP_UTC) <- [2026-04-05T15:05:20.445061300Z]
26-04-06 00:05:20.448 [Test worker] TRACE org.hibernate.orm.jdbc.bind          [- | - | -] - binding parameter (3:TIMESTAMP_UTC) <- [2026-04-05T15:05:20.445061300Z]
26-04-06 00:05:20.448 [Test worker] TRACE org.hibernate.orm.jdbc.bind          [- | - | -] - binding parameter (4:UUID) <- [9acab394-9cf2-4cc3-89a4-f5883b3e1e69]
26-04-06 00:05:20.448 [Test worker] TRACE org.hibernate.orm.jdbc.bind          [- | - | -] - binding parameter (5:UUID) <- [2305c14b-5ace-418f-85e8-787bccbc5152]
26-04-06 00:05:20.448 [Test worker] DEBUG org.hibernate.SQL                    [- | - | -] - 
    select
        u1_0.id 
    from
        users u1_0 
    where
        u1_0.username=? 
    fetch
        first ? rows only
26-04-06 00:05:20.449 [Test worker] TRACE org.hibernate.orm.jdbc.bind          [- | - | -] - binding parameter (1:VARCHAR) <- [dupuser]
26-04-06 00:05:20.449 [Test worker] TRACE org.hibernate.orm.jdbc.bind          [- | - | -] - binding parameter (2:INTEGER) <- [1]
26-04-06 00:05:20.454 [Test worker] DEBUG org.hibernate.SQL                    [- | - | -] - 
    select
        u1_0.id,
        u1_0.created_at,
        u1_0.email,
        u1_0.password,
        u1_0.profile_id,
        u1_0.updated_at,
        u1_0.username 
    from
        users u1_0 
    where
        u1_0.username=?
26-04-06 00:05:20.455 [Test worker] TRACE org.hibernate.orm.jdbc.bind          [- | - | -] - binding parameter (1:VARCHAR) <- [nobody]
26-04-06 00:05:20.463 [Test worker] DEBUG org.hibernate.SQL                    [- | - | -] - 
    insert 
    into
        users
        (created_at, email, password, profile_id, updated_at, username, id) 
    values
        (?, ?, ?, ?, ?, ?, ?)
26-04-06 00:05:20.463 [Test worker] TRACE org.hibernate.orm.jdbc.bind          [- | - | -] - binding parameter (1:TIMESTAMP_UTC) <- [2026-04-05T15:05:20.462190400Z]
26-04-06 00:05:20.464 [Test worker] TRACE org.hibernate.orm.jdbc.bind          [- | - | -] - binding parameter (2:VARCHAR) <- [findme@test.com]
26-04-06 00:05:20.464 [Test worker] TRACE org.hibernate.orm.jdbc.bind          [- | - | -] - binding parameter (3:VARCHAR) <- [password123]
26-04-06 00:05:20.464 [Test worker] TRACE org.hibernate.orm.jdbc.bind          [- | - | -] - binding parameter (4:UUID) <- [null]
26-04-06 00:05:20.464 [Test worker] TRACE org.hibernate.orm.jdbc.bind          [- | - | -] - binding parameter (5:TIMESTAMP_UTC) <- [2026-04-05T15:05:20.462190400Z]
26-04-06 00:05:20.464 [Test worker] TRACE org.hibernate.orm.jdbc.bind          [- | - | -] - binding parameter (6:VARCHAR) <- [findme]
26-04-06 00:05:20.464 [Test worker] TRACE org.hibernate.orm.jdbc.bind          [- | - | -] - binding parameter (7:UUID) <- [95e8b186-6797-4a5d-9b05-f63f9d68fb0c]
26-04-06 00:05:20.465 [Test worker] DEBUG org.hibernate.SQL                    [- | - | -] - 
    insert 
    into
        user_statuses
        (created_at, last_active_at, updated_at, user_id, id) 
    values
        (?, ?, ?, ?, ?)
26-04-06 00:05:20.465 [Test worker] TRACE org.hibernate.orm.jdbc.bind          [- | - | -] - binding parameter (1:TIMESTAMP_UTC) <- [2026-04-05T15:05:20.462190400Z]
26-04-06 00:05:20.465 [Test worker] TRACE org.hibernate.orm.jdbc.bind          [- | - | -] - binding parameter (2:TIMESTAMP_UTC) <- [2026-04-05T15:05:20.462190400Z]
26-04-06 00:05:20.465 [Test worker] TRACE org.hibernate.orm.jdbc.bind          [- | - | -] - binding parameter (3:TIMESTAMP_UTC) <- [2026-04-05T15:05:20.462190400Z]
26-04-06 00:05:20.465 [Test worker] TRACE org.hibernate.orm.jdbc.bind          [- | - | -] - binding parameter (4:UUID) <- [95e8b186-6797-4a5d-9b05-f63f9d68fb0c]
26-04-06 00:05:20.465 [Test worker] TRACE org.hibernate.orm.jdbc.bind          [- | - | -] - binding parameter (5:UUID) <- [3ba53e23-d477-450b-ba81-3bfc1d7d1e3c]
26-04-06 00:05:20.465 [Test worker] DEBUG org.hibernate.SQL                    [- | - | -] - 
    select
        u1_0.id,
        u1_0.created_at,
        u1_0.email,
        u1_0.password,
        u1_0.profile_id,
        u1_0.updated_at,
        u1_0.username 
    from
        users u1_0 
    where
        u1_0.username=?
26-04-06 00:05:20.465 [Test worker] TRACE org.hibernate.orm.jdbc.bind          [- | - | -] - binding parameter (1:VARCHAR) <- [findme]
26-04-06 00:05:20.645 [Test worker] DEBUG c.s.m.d.s.basic.BasicAuthService     [- | - | -] - Login attempt: username=testuser
26-04-06 00:05:20.651 [Test worker] DEBUG c.s.m.d.s.basic.BasicAuthService     [- | - | -] - Login attempt: username=testuser
26-04-06 00:05:20.651 [Test worker] INFO  c.s.m.d.s.basic.BasicAuthService     [- | - | -] - Login successful: username=testuser
26-04-06 00:05:20.653 [Test worker] DEBUG c.s.m.d.s.basic.BasicAuthService     [- | - | -] - Login attempt: username=nobody
26-04-06 00:05:20.868 [Test worker] DEBUG c.s.m.d.s.basic.BasicChannelService  [- | - | -] - Updating channel: id=482e78bb-96a9-441f-b72e-e0839e611fbe
26-04-06 00:05:20.878 [Test worker] DEBUG c.s.m.d.s.basic.BasicChannelService  [- | - | -] - Fetching channels for userId=93c3fc12-17fe-4110-b8b4-265232cf7eca
26-04-06 00:05:20.880 [Test worker] DEBUG c.s.m.d.s.basic.BasicChannelService  [- | - | -] - Deleting channel: id=9700add2-5eb7-4c0a-8508-0b83c953e269
26-04-06 00:05:20.880 [Test worker] INFO  c.s.m.d.s.basic.BasicChannelService  [- | - | -] - Channel deleted: id=9700add2-5eb7-4c0a-8508-0b83c953e269
26-04-06 00:05:20.898 [Test worker] DEBUG c.s.m.d.s.basic.BasicChannelService  [- | - | -] - Creating private channel: participantIds=[b4d8efb6-7cbc-435f-b020-60bd9c8ab097, faef094b-0d55-4dd4-83ac-ae078709984b]
26-04-06 00:05:20.898 [Test worker] INFO  c.s.m.d.s.basic.BasicChannelService  [- | - | -] - Private channel created: id=null
26-04-06 00:05:20.901 [Test worker] DEBUG c.s.m.d.s.basic.BasicChannelService  [- | - | -] - Deleting channel: id=d21f0e70-bc71-4bc3-bbc0-e982c4606aac
26-04-06 00:05:20.903 [Test worker] DEBUG c.s.m.d.s.basic.BasicChannelService  [- | - | -] - Creating public channel: name=general
26-04-06 00:05:20.904 [Test worker] INFO  c.s.m.d.s.basic.BasicChannelService  [- | - | -] - Public channel created: id=null, name=general
26-04-06 00:05:20.905 [Test worker] DEBUG c.s.m.d.s.basic.BasicChannelService  [- | - | -] - Updating channel: id=f936c444-a95b-4476-a313-c2154af44204
26-04-06 00:05:20.908 [Test worker] DEBUG c.s.m.d.s.basic.BasicChannelService  [- | - | -] - Updating channel: id=95c65fd6-00af-44eb-a994-a4b21289dcab
26-04-06 00:05:20.908 [Test worker] INFO  c.s.m.d.s.basic.BasicChannelService  [- | - | -] - Channel updated: id=95c65fd6-00af-44eb-a994-a4b21289dcab
26-04-06 00:05:20.910 [Test worker] DEBUG c.s.m.d.s.basic.BasicChannelService  [- | - | -] - Fetching channels for userId=596acc1b-72f5-4e20-8b92-b9d239689b28
26-04-06 00:05:21.099 [Test worker] DEBUG c.s.m.d.s.basic.BasicMessageService  [- | - | -] - Deleting message: id=f26ad899-f2ba-4510-b4d2-abf7cffbf713
26-04-06 00:05:21.099 [Test worker] INFO  c.s.m.d.s.basic.BasicMessageService  [- | - | -] - Message deleted: id=f26ad899-f2ba-4510-b4d2-abf7cffbf713
26-04-06 00:05:21.103 [Test worker] DEBUG c.s.m.d.s.basic.BasicMessageService  [- | - | -] - Updating message: id=daf139d8-8b58-4c43-b488-74ace9d56dc1
26-04-06 00:05:21.106 [Test worker] DEBUG c.s.m.d.s.basic.BasicMessageService  [- | - | -] - Deleting message: id=645528c9-d518-41d6-b191-63e28d69f3b8
26-04-06 00:05:21.108 [Test worker] DEBUG c.s.m.d.s.basic.BasicMessageService  [- | - | -] - Creating message: channelId=042c0a99-c235-4267-b726-0845569b9123, authorId=bf91e852-bb92-4e81-9f0a-7e3c8b5dbf19
26-04-06 00:05:21.110 [Test worker] DEBUG c.s.m.d.s.basic.BasicMessageService  [- | - | -] - Creating message: channelId=1af61e62-12ea-4807-aa92-4777a6576c91, authorId=fca6d23f-0b4d-46e5-b16a-30f17c279049
26-04-06 00:05:21.117 [Test worker] DEBUG c.s.m.d.s.basic.BasicMessageService  [- | - | -] - Fetching messages: channelId=7634fb54-42e7-4096-b48c-28d644b4636c, cursor=null
26-04-06 00:05:21.119 [Test worker] DEBUG c.s.m.d.s.basic.BasicMessageService  [- | - | -] - Updating message: id=7f6301a0-a0ef-48a0-818b-78c253d10638
26-04-06 00:05:21.119 [Test worker] INFO  c.s.m.d.s.basic.BasicMessageService  [- | - | -] - Message updated: id=7f6301a0-a0ef-48a0-818b-78c253d10638
26-04-06 00:05:21.122 [Test worker] DEBUG c.s.m.d.s.basic.BasicMessageService  [- | - | -] - Creating message: channelId=d5a46b07-aa5e-43d1-99de-f0d7526b0e8b, authorId=87203571-6c9d-4235-b4fe-ccad2736ddcc
26-04-06 00:05:21.122 [Test worker] INFO  c.s.m.d.s.basic.BasicMessageService  [- | - | -] - Message created: id=null, channelId=d5a46b07-aa5e-43d1-99de-f0d7526b0e8b, authorId=87203571-6c9d-4235-b4fe-ccad2736ddcc
26-04-06 00:05:21.178 [Test worker] DEBUG c.s.m.d.s.basic.BasicUserService     [- | - | -] - Deleting user: id=8376bd29-94db-49e3-a3a8-12ec20122f85
26-04-06 00:05:21.178 [Test worker] INFO  c.s.m.d.s.basic.BasicUserService     [- | - | -] - User deleted: id=8376bd29-94db-49e3-a3a8-12ec20122f85
26-04-06 00:05:21.181 [Test worker] DEBUG c.s.m.d.s.basic.BasicUserService     [- | - | -] - Deleting user: id=3aee01c1-aacf-40d1-a686-f6b0cafb6a00
26-04-06 00:05:21.182 [Test worker] DEBUG c.s.m.d.s.basic.BasicUserService     [- | - | -] - Creating user: username=testuser, email=test@example.com
26-04-06 00:05:21.183 [Test worker] DEBUG c.s.m.d.s.basic.BasicUserService     [- | - | -] - Creating user: username=testuser, email=test@example.com
26-04-06 00:05:21.185 [Test worker] DEBUG c.s.m.d.s.basic.BasicUserService     [- | - | -] - Updating user: id=7ad2100d-d764-4c2e-9d28-4120763002e0
26-04-06 00:05:21.186 [Test worker] INFO  c.s.m.d.s.basic.BasicUserService     [- | - | -] - User updated: id=7ad2100d-d764-4c2e-9d28-4120763002e0
26-04-06 00:05:21.187 [Test worker] DEBUG c.s.m.d.s.basic.BasicUserService     [- | - | -] - Creating user: username=testuser, email=test@example.com
26-04-06 00:05:21.188 [Test worker] INFO  c.s.m.d.s.basic.BasicUserService     [- | - | -] - User created: id=null, username=testuser
26-04-06 00:05:21.190 [Test worker] DEBUG c.s.m.d.s.basic.BasicUserService     [- | - | -] - Updating user: id=e73e50f0-5578-46be-a441-234ad461457a
26-04-06 00:05:21.230 [Test worker] DEBUG c.s.m.d.s.b.BasicUserStatusService   [- | - | -] - Updating UserStatus by userId=3fdacb32-1f57-4bd0-890c-8d5e7e7c3625
26-04-06 00:05:21.232 [Test worker] DEBUG c.s.m.d.s.b.BasicUserStatusService   [- | - | -] - Deleting UserStatus: id=f836d233-647d-4212-94b3-eba1fd6a855d
26-04-06 00:05:21.232 [Test worker] INFO  c.s.m.d.s.b.BasicUserStatusService   [- | - | -] - UserStatus deleted: id=f836d233-647d-4212-94b3-eba1fd6a855d
26-04-06 00:05:21.234 [Test worker] DEBUG c.s.m.d.s.b.BasicUserStatusService   [- | - | -] - Creating UserStatus for userId=7737dbf3-f3fc-48ff-8208-50afedc6c940
26-04-06 00:05:21.236 [Test worker] DEBUG c.s.m.d.s.b.BasicUserStatusService   [- | - | -] - Updating UserStatus by userId=bd4a6671-dacc-4ec6-bb1a-2997aaaeb8a6
26-04-06 00:05:21.236 [Test worker] INFO  c.s.m.d.s.b.BasicUserStatusService   [- | - | -] - UserStatus updated by userId=bd4a6671-dacc-4ec6-bb1a-2997aaaeb8a6
26-04-06 00:05:21.238 [Test worker] DEBUG c.s.m.d.s.b.BasicUserStatusService   [- | - | -] - Updating UserStatus: id=24d1610e-0f43-41f9-b88c-1d3e7695d7ef
26-04-06 00:05:21.240 [Test worker] DEBUG c.s.m.d.s.b.BasicUserStatusService   [- | - | -] - Updating UserStatus: id=7c6ba9b3-fb55-498c-8efb-ac03670e8b71
26-04-06 00:05:21.240 [Test worker] INFO  c.s.m.d.s.b.BasicUserStatusService   [- | - | -] - UserStatus updated: id=7c6ba9b3-fb55-498c-8efb-ac03670e8b71
26-04-06 00:05:21.242 [Test worker] DEBUG c.s.m.d.s.b.BasicUserStatusService   [- | - | -] - Deleting UserStatus: id=6b11106a-ef22-4d32-b46a-75e2e53c5ea7
26-04-06 00:05:21.243 [Test worker] DEBUG c.s.m.d.s.b.BasicUserStatusService   [- | - | -] - Creating UserStatus for userId=2bf9429e-7b9e-4e9c-a8c6-0e390fec889b
26-04-06 00:05:21.280 [SpringApplicationShutdownHook] INFO  o.s.o.j.LocalContainerEntityManagerFactoryBean [- | - | -] - Closing JPA EntityManagerFactory for persistence unit 'default'
26-04-06 00:05:21.493 [SpringApplicationShutdownHook] DEBUG org.hibernate.SQL                    [- | - | -] - 
    drop table if exists binary_contents cascade 
26-04-06 00:05:21.495 [SpringApplicationShutdownHook] DEBUG org.hibernate.SQL                    [- | - | -] - 
    drop table if exists channels cascade 
26-04-06 00:05:21.496 [SpringApplicationShutdownHook] DEBUG org.hibernate.SQL                    [- | - | -] - 
    drop table if exists message_attachments cascade 
26-04-06 00:05:21.496 [SpringApplicationShutdownHook] DEBUG org.hibernate.SQL                    [- | - | -] - 
    drop table if exists messages cascade 
26-04-06 00:05:21.497 [SpringApplicationShutdownHook] DEBUG org.hibernate.SQL                    [- | - | -] - 
    drop table if exists read_statuses cascade 
26-04-06 00:05:21.497 [SpringApplicationShutdownHook] DEBUG org.hibernate.SQL                    [- | - | -] - 
    drop table if exists user_statuses cascade 
26-04-06 00:05:21.498 [SpringApplicationShutdownHook] DEBUG org.hibernate.SQL                    [- | - | -] - 
    drop table if exists users cascade 
26-04-06 00:05:21.499 [SpringApplicationShutdownHook] INFO  com.zaxxer.hikari.HikariDataSource   [- | - | -] - HikariPool-1 - Shutdown initiated...
26-04-06 00:05:21.503 [SpringApplicationShutdownHook] INFO  com.zaxxer.hikari.HikariDataSource   [- | - | -] - HikariPool-1 - Shutdown completed.
26-04-06 00:05:21.507 [SpringApplicationShutdownHook] INFO  o.s.o.j.LocalContainerEntityManagerFactoryBean [- | - | -] - Closing JPA EntityManagerFactory for persistence unit 'default'
26-04-06 00:05:21.507 [SpringApplicationShutdownHook] DEBUG org.hibernate.SQL                    [- | - | -] - 
    drop table if exists binary_contents cascade 
26-04-06 00:05:21.508 [SpringApplicationShutdownHook] DEBUG org.hibernate.SQL                    [- | - | -] - 
    drop table if exists channels cascade 
26-04-06 00:05:21.508 [SpringApplicationShutdownHook] DEBUG org.hibernate.SQL                    [- | - | -] - 
    drop table if exists message_attachments cascade 
26-04-06 00:05:21.508 [SpringApplicationShutdownHook] DEBUG org.hibernate.SQL                    [- | - | -] - 
    drop table if exists messages cascade 
26-04-06 00:05:21.508 [SpringApplicationShutdownHook] DEBUG org.hibernate.SQL                    [- | - | -] - 
    drop table if exists read_statuses cascade 
26-04-06 00:05:21.509 [SpringApplicationShutdownHook] DEBUG org.hibernate.SQL                    [- | - | -] - 
    drop table if exists user_statuses cascade 
26-04-06 00:05:21.509 [SpringApplicationShutdownHook] DEBUG org.hibernate.SQL                    [- | - | -] - 
    drop table if exists users cascade 
26-04-06 00:08:01.692 [background-preinit] INFO  o.h.validator.internal.util.Version  [- | - | -] - HV000001: Hibernate Validator 8.0.1.Final
26-04-06 00:08:01.752 [Test worker] INFO  c.s.m.d.DiscodeitApplicationTests    [- | - | -] - Starting DiscodeitApplicationTests using Java 17.0.14 with PID 35372 (started by jaehoon in C:\Users\jaehoon\Desktop\9-sprint-mission\discodeit)
26-04-06 00:08:01.752 [Test worker] DEBUG c.s.m.d.DiscodeitApplicationTests    [- | - | -] - Running with Spring Boot v3.4.0, Spring v6.2.0
26-04-06 00:08:01.753 [Test worker] INFO  c.s.m.d.DiscodeitApplicationTests    [- | - | -] - The following 1 profile is active: "test"
26-04-06 00:08:02.828 [Test worker] INFO  o.s.d.r.c.RepositoryConfigurationDelegate [- | - | -] - Bootstrapping Spring Data JPA repositories in DEFAULT mode.
26-04-06 00:08:02.915 [Test worker] INFO  o.s.d.r.c.RepositoryConfigurationDelegate [- | - | -] - Finished Spring Data repository scanning in 76 ms. Found 6 JPA repository interfaces.
26-04-06 00:08:03.560 [Test worker] INFO  o.h.jpa.internal.util.LogHelper      [- | - | -] - HHH000204: Processing PersistenceUnitInfo [name: default]
26-04-06 00:08:03.652 [Test worker] INFO  org.hibernate.Version                [- | - | -] - HHH000412: Hibernate ORM core version 6.6.2.Final
26-04-06 00:08:03.695 [Test worker] INFO  o.h.c.i.RegionFactoryInitiator       [- | - | -] - HHH000026: Second-level cache disabled
26-04-06 00:08:04.037 [Test worker] INFO  o.s.o.j.p.SpringPersistenceUnitInfo  [- | - | -] - No LoadTimeWeaver setup: ignoring JPA class transformer
26-04-06 00:08:04.075 [Test worker] INFO  com.zaxxer.hikari.HikariDataSource   [- | - | -] - HikariPool-1 - Starting...
26-04-06 00:08:04.350 [Test worker] INFO  com.zaxxer.hikari.pool.HikariPool    [- | - | -] - HikariPool-1 - Added connection conn0: url=jdbc:h2:mem:testdb user=SA
26-04-06 00:08:04.352 [Test worker] INFO  com.zaxxer.hikari.HikariDataSource   [- | - | -] - HikariPool-1 - Start completed.
26-04-06 00:08:04.381 [Test worker] WARN  org.hibernate.orm.deprecation        [- | - | -] - HHH90000025: H2Dialect does not need to be specified explicitly using 'hibernate.dialect' (remove the property setting and it will be selected by default)
26-04-06 00:08:04.406 [Test worker] INFO  o.hibernate.orm.connections.pooling  [- | - | -] - HHH10001005: Database info:
	Database JDBC URL [Connecting through datasource 'HikariDataSource (HikariPool-1)']
	Database driver: undefined/unknown
	Database version: 2.3.232
	Autocommit mode: undefined/unknown
	Isolation level: undefined/unknown
	Minimum pool size: undefined/unknown
	Maximum pool size: undefined/unknown
26-04-06 00:08:05.566 [Test worker] INFO  o.h.e.t.j.p.i.JtaPlatformInitiator   [- | - | -] - HHH000489: No JTA platform available (set 'hibernate.transaction.jta.platform' to enable JTA platform integration)
26-04-06 00:08:05.586 [Test worker] DEBUG org.hibernate.SQL                    [- | - | -] - 
    drop table if exists binary_contents cascade 
26-04-06 00:08:05.591 [Test worker] DEBUG org.hibernate.SQL                    [- | - | -] - 
    drop table if exists channels cascade 
26-04-06 00:08:05.592 [Test worker] DEBUG org.hibernate.SQL                    [- | - | -] - 
    drop table if exists message_attachments cascade 
26-04-06 00:08:05.592 [Test worker] DEBUG org.hibernate.SQL                    [- | - | -] - 
    drop table if exists messages cascade 
26-04-06 00:08:05.593 [Test worker] DEBUG org.hibernate.SQL                    [- | - | -] - 
    drop table if exists read_statuses cascade 
26-04-06 00:08:05.593 [Test worker] DEBUG org.hibernate.SQL                    [- | - | -] - 
    drop table if exists user_statuses cascade 
26-04-06 00:08:05.593 [Test worker] DEBUG org.hibernate.SQL                    [- | - | -] - 
    drop table if exists users cascade 
26-04-06 00:08:05.599 [Test worker] DEBUG org.hibernate.SQL                    [- | - | -] - 
    create table binary_contents (
        created_at timestamp with time zone not null,
        size bigint not null,
        id uuid not null,
        content_type varchar(100) not null,
        file_name varchar(255) not null,
        primary key (id)
    )
26-04-06 00:08:05.608 [Test worker] DEBUG org.hibernate.SQL                    [- | - | -] - 
    create table channels (
        created_at timestamp with time zone not null,
        updated_at timestamp with time zone,
        id uuid not null,
        name varchar(100),
        description varchar(500),
        type enum ('PRIVATE','PUBLIC') not null,
        primary key (id)
    )
26-04-06 00:08:05.609 [Test worker] DEBUG org.hibernate.SQL                    [- | - | -] - 
    create table message_attachments (
        attachment_id uuid not null unique,
        message_id uuid not null
    )
26-04-06 00:08:05.610 [Test worker] DEBUG org.hibernate.SQL                    [- | - | -] - 
    create table messages (
        created_at timestamp with time zone not null,
        updated_at timestamp with time zone,
        author_id uuid,
        channel_id uuid not null,
        id uuid not null,
        content text not null,
        primary key (id)
    )
26-04-06 00:08:05.611 [Test worker] DEBUG org.hibernate.SQL                    [- | - | -] - 
    create table read_statuses (
        created_at timestamp with time zone not null,
        last_read_at timestamp with time zone not null,
        updated_at timestamp with time zone,
        channel_id uuid not null,
        id uuid not null,
        user_id uuid not null,
        primary key (id),
        unique (user_id, channel_id)
    )
26-04-06 00:08:05.613 [Test worker] DEBUG org.hibernate.SQL                    [- | - | -] - 
    create table user_statuses (
        created_at timestamp with time zone not null,
        last_active_at timestamp with time zone not null,
        updated_at timestamp with time zone,
        id uuid not null,
        user_id uuid not null unique,
        primary key (id)
    )
26-04-06 00:08:05.614 [Test worker] DEBUG org.hibernate.SQL                    [- | - | -] - 
    create table users (
        created_at timestamp with time zone not null,
        updated_at timestamp with time zone,
        id uuid not null,
        profile_id uuid unique,
        username varchar(50) not null unique,
        password varchar(60) not null,
        email varchar(100) not null unique,
        primary key (id)
    )
26-04-06 00:08:05.616 [Test worker] DEBUG org.hibernate.SQL                    [- | - | -] - 
    alter table if exists message_attachments 
       add constraint FKsd1m8rb8jcpbcnb7rpdue7ctc 
       foreign key (attachment_id) 
       references binary_contents
26-04-06 00:08:05.632 [Test worker] DEBUG org.hibernate.SQL                    [- | - | -] - 
    alter table if exists message_attachments 
       add constraint FKj7twd218e2gqw9cmlhwvo1rth 
       foreign key (message_id) 
       references messages
26-04-06 00:08:05.634 [Test worker] DEBUG org.hibernate.SQL                    [- | - | -] - 
    alter table if exists messages 
       add constraint FKowtlim26svclkatusptbgi7u1 
       foreign key (author_id) 
       references users
26-04-06 00:08:05.635 [Test worker] DEBUG org.hibernate.SQL                    [- | - | -] - 
    alter table if exists messages 
       add constraint FK3u3ckbhwq9se1cmopk2pq05b2 
       foreign key (channel_id) 
       references channels
26-04-06 00:08:05.636 [Test worker] DEBUG org.hibernate.SQL                    [- | - | -] - 
    alter table if exists read_statuses 
       add constraint FKa38ri44ml4gfdpklx4ahqr8gd 
       foreign key (channel_id) 
       references channels
26-04-06 00:08:05.637 [Test worker] DEBUG org.hibernate.SQL                    [- | - | -] - 
    alter table if exists read_statuses 
       add constraint FKml3k4wr9sj5yxrmj6d0aoib2e 
       foreign key (user_id) 
       references users
26-04-06 00:08:05.638 [Test worker] DEBUG org.hibernate.SQL                    [- | - | -] - 
    alter table if exists user_statuses 
       add constraint FK4lfl3ei2ubchgcxrrpo3pw4mm 
       foreign key (user_id) 
       references users
26-04-06 00:08:05.639 [Test worker] DEBUG org.hibernate.SQL                    [- | - | -] - 
    alter table if exists users 
       add constraint FKtbudycgrip49xdptogmhfqnso 
       foreign key (profile_id) 
       references binary_contents
26-04-06 00:08:05.643 [Test worker] INFO  o.s.o.j.LocalContainerEntityManagerFactoryBean [- | - | -] - Initialized JPA EntityManagerFactory for persistence unit 'default'
26-04-06 00:08:05.968 [Test worker] INFO  o.s.d.j.r.query.QueryEnhancerFactory [- | - | -] - Hibernate is in classpath; If applicable, HQL parser will be used.
26-04-06 00:08:06.881 [Test worker] INFO  o.s.b.a.w.s.WelcomePageHandlerMapping [- | - | -] - Adding welcome page: class path resource [static/index.html]
26-04-06 00:08:07.670 [Test worker] INFO  o.s.b.t.m.w.SpringBootMockServletContext [- | - | -] - Initializing Spring TestDispatcherServlet ''
26-04-06 00:08:07.671 [Test worker] INFO  o.s.t.w.s.TestDispatcherServlet      [- | - | -] - Initializing Servlet ''
26-04-06 00:08:07.676 [Test worker] INFO  o.s.b.a.e.web.EndpointLinksResolver  [- | - | -] - Exposing 4 endpoints beneath base path '/actuator'
26-04-06 00:08:07.690 [Test worker] INFO  o.s.t.w.s.TestDispatcherServlet      [- | - | -] - Completed initialization in 18 ms
26-04-06 00:08:07.758 [Test worker] INFO  c.s.m.d.DiscodeitApplicationTests    [- | - | -] - Started DiscodeitApplicationTests in 6.574 seconds (process running for 8.025)
26-04-06 00:08:08.173 [Test worker] INFO  o.s.t.c.s.AnnotationConfigContextLoaderUtils [- | - | -] - Could not detect default configuration classes for test class [com.sprint.mission.discodeit.controller.ChannelControllerTest]: ChannelControllerTest does not declare any static, non-private, non-final, nested classes annotated with @Configuration.
26-04-06 00:08:08.199 [Test worker] INFO  o.s.b.t.c.SpringBootTestContextBootstrapper [- | - | -] - Found @SpringBootConfiguration com.sprint.mission.discodeit.DiscodeitApplication for test class com.sprint.mission.discodeit.controller.ChannelControllerTest
26-04-06 00:08:08.225 [Test worker] INFO  c.s.m.d.c.ChannelControllerTest      [- | - | -] - Starting ChannelControllerTest using Java 17.0.14 with PID 35372 (started by jaehoon in C:\Users\jaehoon\Desktop\9-sprint-mission\discodeit)
26-04-06 00:08:08.225 [Test worker] DEBUG c.s.m.d.c.ChannelControllerTest      [- | - | -] - Running with Spring Boot v3.4.0, Spring v6.2.0
26-04-06 00:08:08.225 [Test worker] INFO  c.s.m.d.c.ChannelControllerTest      [- | - | -] - The following 1 profile is active: "dev"
26-04-06 00:08:08.538 [Test worker] INFO  o.s.b.a.w.s.WelcomePageHandlerMapping [- | - | -] - Adding welcome page: class path resource [static/index.html]
26-04-06 00:08:08.631 [Test worker] INFO  o.s.b.t.m.w.SpringBootMockServletContext [- | - | -] - Initializing Spring TestDispatcherServlet ''
26-04-06 00:08:08.632 [Test worker] INFO  o.s.t.w.s.TestDispatcherServlet      [- | - | -] - Initializing Servlet ''
26-04-06 00:08:08.632 [Test worker] INFO  o.s.t.w.s.TestDispatcherServlet      [- | - | -] - Completed initialization in 0 ms
26-04-06 00:08:08.644 [Test worker] INFO  c.s.m.d.c.ChannelControllerTest      [- | - | -] - Started ChannelControllerTest in 0.442 seconds (process running for 8.91)
26-04-06 00:08:08.787 [Test worker] DEBUG c.s.m.d.controller.ChannelController [4c5dd838-576b-41fc-80b8-79ba87687ce0 | DELETE | /api/channels/5f60a127-b583-4db1-a1f6-b7dd711b632e] - DELETE /api/channels/5f60a127-b583-4db1-a1f6-b7dd711b632e
26-04-06 00:08:09.045 [Test worker] DEBUG c.s.m.d.controller.ChannelController [729fcf5a-c83b-45db-a7cb-1f3b1bd2dced | POST | /api/channels/public] - POST /api/channels/public - create public channel: name=general
26-04-06 00:08:09.047 [Test worker] INFO  c.s.m.d.controller.ChannelController [729fcf5a-c83b-45db-a7cb-1f3b1bd2dced | POST | /api/channels/public] - Public channel created via API: id=34dd5189-10c8-4fc2-993c-2bbcee8229f0
26-04-06 00:08:09.163 [Test worker] WARN  c.s.m.d.e.GlobalExceptionHandler     [6836f558-344a-4fd1-a150-97b92131f1d4 | POST | /api/channels/public] - Validation failed: {name=Channel name is required}
26-04-06 00:08:09.191 [Test worker] DEBUG c.s.m.d.controller.ChannelController [8a4bdf6b-b365-4e83-8b86-cc19fa2d9095 | DELETE | /api/channels/9a980c42-d902-49f2-8db2-d1c0c6caf5e9] - DELETE /api/channels/9a980c42-d902-49f2-8db2-d1c0c6caf5e9
26-04-06 00:08:09.193 [Test worker] WARN  c.s.m.d.e.GlobalExceptionHandler     [8a4bdf6b-b365-4e83-8b86-cc19fa2d9095 | DELETE | /api/channels/9a980c42-d902-49f2-8db2-d1c0c6caf5e9] - DiscodeitException [CHANNEL_NOT_FOUND]: Channel not found, details={channelId=9a980c42-d902-49f2-8db2-d1c0c6caf5e9}
26-04-06 00:08:09.204 [Test worker] DEBUG c.s.m.d.controller.ChannelController [0fcaae87-e22c-4413-9d91-fd6e7ee22a02 | GET | /api/channels] - GET /api/channels?userId=a0973a50-9338-4f07-b486-2eae6c6fc475
26-04-06 00:08:09.224 [Test worker] INFO  o.s.t.c.s.AnnotationConfigContextLoaderUtils [- | - | -] - Could not detect default configuration classes for test class [com.sprint.mission.discodeit.controller.MessageControllerTest]: MessageControllerTest does not declare any static, non-private, non-final, nested classes annotated with @Configuration.
26-04-06 00:08:09.235 [Test worker] INFO  o.s.b.t.c.SpringBootTestContextBootstrapper [- | - | -] - Found @SpringBootConfiguration com.sprint.mission.discodeit.DiscodeitApplication for test class com.sprint.mission.discodeit.controller.MessageControllerTest
26-04-06 00:08:09.278 [Test worker] INFO  c.s.m.d.c.MessageControllerTest      [- | - | -] - Starting MessageControllerTest using Java 17.0.14 with PID 35372 (started by jaehoon in C:\Users\jaehoon\Desktop\9-sprint-mission\discodeit)
26-04-06 00:08:09.278 [Test worker] DEBUG c.s.m.d.c.MessageControllerTest      [- | - | -] - Running with Spring Boot v3.4.0, Spring v6.2.0
26-04-06 00:08:09.278 [Test worker] INFO  c.s.m.d.c.MessageControllerTest      [- | - | -] - The following 1 profile is active: "dev"
26-04-06 00:08:09.501 [Test worker] INFO  o.s.b.a.w.s.WelcomePageHandlerMapping [- | - | -] - Adding welcome page: class path resource [static/index.html]
26-04-06 00:08:09.545 [Test worker] INFO  o.s.b.t.m.w.SpringBootMockServletContext [- | - | -] - Initializing Spring TestDispatcherServlet ''
26-04-06 00:08:09.545 [Test worker] INFO  o.s.t.w.s.TestDispatcherServlet      [- | - | -] - Initializing Servlet ''
26-04-06 00:08:09.546 [Test worker] INFO  o.s.t.w.s.TestDispatcherServlet      [- | - | -] - Completed initialization in 1 ms
26-04-06 00:08:09.550 [Test worker] INFO  c.s.m.d.c.MessageControllerTest      [- | - | -] - Started MessageControllerTest in 0.312 seconds (process running for 9.816)
26-04-06 00:08:09.555 [Test worker] DEBUG c.s.m.d.controller.MessageController [7102ef04-a7e2-40a3-90ff-a103dc284021 | DELETE | /api/messages/0b655049-38c7-47b3-b465-c7b330e0e90b] - DELETE /api/messages/0b655049-38c7-47b3-b465-c7b330e0e90b
26-04-06 00:08:09.567 [Test worker] DEBUG c.s.m.d.controller.MessageController [08c2a43d-2ecc-4af2-a199-2cc38c56c0a9 | GET | /api/messages] - GET /api/messages?channelId=c5911f65-7289-4f02-a27e-9a5ae783406c
26-04-06 00:08:09.596 [Test worker] WARN  c.s.m.d.e.GlobalExceptionHandler     [3cff9584-8d8a-4767-9daa-c01cd9007ded | POST | /api/messages] - Validation failed: {content=Content is required}
26-04-06 00:08:09.608 [Test worker] DEBUG c.s.m.d.controller.MessageController [c8484ed5-6564-4b16-ac39-879445935113 | PATCH | /api/messages/e94250c7-ef06-4c9a-bc9b-35d039ccd4f8] - PATCH /api/messages/e94250c7-ef06-4c9a-bc9b-35d039ccd4f8
26-04-06 00:08:09.617 [Test worker] DEBUG c.s.m.d.controller.MessageController [80480976-f4b4-405f-8dea-3c6f27cafff1 | DELETE | /api/messages/ffb6ae0c-66d6-46c7-8394-c79a572421d1] - DELETE /api/messages/ffb6ae0c-66d6-46c7-8394-c79a572421d1
26-04-06 00:08:09.618 [Test worker] WARN  c.s.m.d.e.GlobalExceptionHandler     [80480976-f4b4-405f-8dea-3c6f27cafff1 | DELETE | /api/messages/ffb6ae0c-66d6-46c7-8394-c79a572421d1] - DiscodeitException [MESSAGE_NOT_FOUND]: Message not found, details={messageId=ffb6ae0c-66d6-46c7-8394-c79a572421d1}
26-04-06 00:08:09.623 [Test worker] DEBUG c.s.m.d.controller.MessageController [098cf028-00ab-4a11-a686-184892f7f349 | POST | /api/messages] - POST /api/messages - create message: channelId=920afa53-aa43-445e-96bb-ee4d382cbe0b
26-04-06 00:08:09.624 [Test worker] INFO  c.s.m.d.controller.MessageController [098cf028-00ab-4a11-a686-184892f7f349 | POST | /api/messages] - Message created via API: id=ee3da5bc-ce2b-478c-af45-74a537c3b6e8
26-04-06 00:08:09.631 [Test worker] INFO  o.s.t.c.s.AnnotationConfigContextLoaderUtils [- | - | -] - Could not detect default configuration classes for test class [com.sprint.mission.discodeit.controller.UserControllerTest]: UserControllerTest does not declare any static, non-private, non-final, nested classes annotated with @Configuration.
26-04-06 00:08:09.640 [Test worker] INFO  o.s.b.t.c.SpringBootTestContextBootstrapper [- | - | -] - Found @SpringBootConfiguration com.sprint.mission.discodeit.DiscodeitApplication for test class com.sprint.mission.discodeit.controller.UserControllerTest
26-04-06 00:08:09.672 [Test worker] INFO  c.s.m.d.c.UserControllerTest         [- | - | -] - Starting UserControllerTest using Java 17.0.14 with PID 35372 (started by jaehoon in C:\Users\jaehoon\Desktop\9-sprint-mission\discodeit)
26-04-06 00:08:09.672 [Test worker] DEBUG c.s.m.d.c.UserControllerTest         [- | - | -] - Running with Spring Boot v3.4.0, Spring v6.2.0
26-04-06 00:08:09.672 [Test worker] INFO  c.s.m.d.c.UserControllerTest         [- | - | -] - The following 1 profile is active: "dev"
26-04-06 00:08:09.927 [Test worker] INFO  o.s.b.a.w.s.WelcomePageHandlerMapping [- | - | -] - Adding welcome page: class path resource [static/index.html]
26-04-06 00:08:09.962 [Test worker] INFO  o.s.b.t.m.w.SpringBootMockServletContext [- | - | -] - Initializing Spring TestDispatcherServlet ''
26-04-06 00:08:09.964 [Test worker] INFO  o.s.t.w.s.TestDispatcherServlet      [- | - | -] - Initializing Servlet ''
26-04-06 00:08:09.964 [Test worker] INFO  o.s.t.w.s.TestDispatcherServlet      [- | - | -] - Completed initialization in 0 ms
26-04-06 00:08:09.968 [Test worker] INFO  c.s.m.d.c.UserControllerTest         [- | - | -] - Started UserControllerTest in 0.325 seconds (process running for 10.234)
26-04-06 00:08:09.973 [Test worker] DEBUG c.s.m.d.controller.UserController    [390ffa6a-702c-40f3-b56d-c8356915dcfb | DELETE | /api/users/805622cc-a91a-40d8-9d7a-0b81cb217da7] - DELETE /api/users/805622cc-a91a-40d8-9d7a-0b81cb217da7
26-04-06 00:08:09.989 [Test worker] WARN  c.s.m.d.e.GlobalExceptionHandler     [87256188-a4b3-4fde-943b-2c65a9752677 | POST | /api/users] - Validation failed: {password=Password must be at least 6 characters, email=Email must be valid, username=Username is required}
26-04-06 00:08:09.998 [Test worker] DEBUG c.s.m.d.controller.UserController    [b5ca8448-78b9-4547-b691-6d7e0bd7b820 | DELETE | /api/users/b7f1dbad-b721-4a1d-a373-ebe528c60b63] - DELETE /api/users/b7f1dbad-b721-4a1d-a373-ebe528c60b63
26-04-06 00:08:09.999 [Test worker] WARN  c.s.m.d.e.GlobalExceptionHandler     [b5ca8448-78b9-4547-b691-6d7e0bd7b820 | DELETE | /api/users/b7f1dbad-b721-4a1d-a373-ebe528c60b63] - DiscodeitException [USER_NOT_FOUND]: User not found, details={userId=b7f1dbad-b721-4a1d-a373-ebe528c60b63}
26-04-06 00:08:10.013 [Test worker] DEBUG c.s.m.d.controller.UserController    [93774a34-b392-4883-ac92-ea3a37352f17 | POST | /api/users] - POST /api/users - create user: username=testuser
26-04-06 00:08:10.014 [Test worker] INFO  c.s.m.d.controller.UserController    [93774a34-b392-4883-ac92-ea3a37352f17 | POST | /api/users] - User created via API: id=f5bd960a-7108-4969-9020-284c93a3d147
26-04-06 00:08:10.024 [Test worker] DEBUG c.s.m.d.controller.UserController    [3694fd40-d5c6-4a92-ab96-9fbf306f33ad | GET | /api/users] - GET /api/users - findAll
26-04-06 00:08:10.032 [Test worker] INFO  o.s.t.c.s.AnnotationConfigContextLoaderUtils [- | - | -] - Could not detect default configuration classes for test class [com.sprint.mission.discodeit.integration.ChannelIntegrationTest]: ChannelIntegrationTest does not declare any static, non-private, non-final, nested classes annotated with @Configuration.
26-04-06 00:08:10.045 [Test worker] INFO  o.s.b.t.c.SpringBootTestContextBootstrapper [- | - | -] - Found @SpringBootConfiguration com.sprint.mission.discodeit.DiscodeitApplication for test class com.sprint.mission.discodeit.integration.ChannelIntegrationTest
26-04-06 00:08:10.082 [Test worker] DEBUG c.s.m.d.controller.ChannelController [bbb0061f-f8a8-402d-a365-2148b973fe86 | DELETE | /api/channels/7b5289b7-73b3-43ae-9e90-f045d008634d] - DELETE /api/channels/7b5289b7-73b3-43ae-9e90-f045d008634d
26-04-06 00:08:10.087 [Test worker] DEBUG c.s.m.d.s.basic.BasicChannelService  [bbb0061f-f8a8-402d-a365-2148b973fe86 | DELETE | /api/channels/7b5289b7-73b3-43ae-9e90-f045d008634d] - Deleting channel: id=7b5289b7-73b3-43ae-9e90-f045d008634d
26-04-06 00:08:10.279 [Test worker] DEBUG org.hibernate.SQL                    [bbb0061f-f8a8-402d-a365-2148b973fe86 | DELETE | /api/channels/7b5289b7-73b3-43ae-9e90-f045d008634d] - 
    select
        count(*) 
    from
        channels c1_0 
    where
        c1_0.id=?
26-04-06 00:08:10.296 [Test worker] TRACE org.hibernate.orm.jdbc.bind          [bbb0061f-f8a8-402d-a365-2148b973fe86 | DELETE | /api/channels/7b5289b7-73b3-43ae-9e90-f045d008634d] - binding parameter (1:UUID) <- [7b5289b7-73b3-43ae-9e90-f045d008634d]
26-04-06 00:08:10.374 [Test worker] WARN  c.s.m.d.e.GlobalExceptionHandler     [bbb0061f-f8a8-402d-a365-2148b973fe86 | DELETE | /api/channels/7b5289b7-73b3-43ae-9e90-f045d008634d] - DiscodeitException [CHANNEL_NOT_FOUND]: Channel not found, details={channelId=7b5289b7-73b3-43ae-9e90-f045d008634d}
26-04-06 00:08:10.401 [Test worker] DEBUG c.s.m.d.controller.ChannelController [601e67d0-2150-4dfb-8a57-6ad5ca026e55 | POST | /api/channels/public] - POST /api/channels/public - create public channel: name=general
26-04-06 00:08:10.401 [Test worker] DEBUG c.s.m.d.s.basic.BasicChannelService  [601e67d0-2150-4dfb-8a57-6ad5ca026e55 | POST | /api/channels/public] - Creating public channel: name=general
26-04-06 00:08:10.461 [Test worker] INFO  c.s.m.d.s.basic.BasicChannelService  [601e67d0-2150-4dfb-8a57-6ad5ca026e55 | POST | /api/channels/public] - Public channel created: id=4459b6fe-6ea4-4c0e-bbdc-ce05023e4ed8, name=general
26-04-06 00:08:10.485 [Test worker] DEBUG org.hibernate.SQL                    [601e67d0-2150-4dfb-8a57-6ad5ca026e55 | POST | /api/channels/public] - 
    select
        m1_0.created_at 
    from
        messages m1_0 
    where
        m1_0.channel_id=? 
    order by
        m1_0.created_at desc 
    fetch
        first 1 rows only
26-04-06 00:08:10.486 [Test worker] TRACE org.hibernate.orm.jdbc.bind          [601e67d0-2150-4dfb-8a57-6ad5ca026e55 | POST | /api/channels/public] - binding parameter (1:UUID) <- [4459b6fe-6ea4-4c0e-bbdc-ce05023e4ed8]
26-04-06 00:08:10.487 [Test worker] INFO  c.s.m.d.controller.ChannelController [601e67d0-2150-4dfb-8a57-6ad5ca026e55 | POST | /api/channels/public] - Public channel created via API: id=4459b6fe-6ea4-4c0e-bbdc-ce05023e4ed8
26-04-06 00:08:10.499 [Test worker] DEBUG c.s.m.d.controller.ChannelController [09909237-f664-45cb-bbdc-16dbcc36b6ec | POST | /api/channels/public] - POST /api/channels/public - create public channel: name=to-delete
26-04-06 00:08:10.499 [Test worker] DEBUG c.s.m.d.s.basic.BasicChannelService  [09909237-f664-45cb-bbdc-16dbcc36b6ec | POST | /api/channels/public] - Creating public channel: name=to-delete
26-04-06 00:08:10.500 [Test worker] INFO  c.s.m.d.s.basic.BasicChannelService  [09909237-f664-45cb-bbdc-16dbcc36b6ec | POST | /api/channels/public] - Public channel created: id=01191d7d-b068-48f2-a13e-9962cb13dde6, name=to-delete
26-04-06 00:08:10.502 [Test worker] DEBUG org.hibernate.SQL                    [09909237-f664-45cb-bbdc-16dbcc36b6ec | POST | /api/channels/public] - 
    select
        m1_0.created_at 
    from
        messages m1_0 
    where
        m1_0.channel_id=? 
    order by
        m1_0.created_at desc 
    fetch
        first 1 rows only
26-04-06 00:08:10.502 [Test worker] TRACE org.hibernate.orm.jdbc.bind          [09909237-f664-45cb-bbdc-16dbcc36b6ec | POST | /api/channels/public] - binding parameter (1:UUID) <- [01191d7d-b068-48f2-a13e-9962cb13dde6]
26-04-06 00:08:10.504 [Test worker] INFO  c.s.m.d.controller.ChannelController [09909237-f664-45cb-bbdc-16dbcc36b6ec | POST | /api/channels/public] - Public channel created via API: id=01191d7d-b068-48f2-a13e-9962cb13dde6
26-04-06 00:08:10.512 [Test worker] DEBUG c.s.m.d.controller.ChannelController [f422e52e-ccb5-4723-bf03-1531c1a7fdb3 | DELETE | /api/channels/01191d7d-b068-48f2-a13e-9962cb13dde6] - DELETE /api/channels/01191d7d-b068-48f2-a13e-9962cb13dde6
26-04-06 00:08:10.513 [Test worker] DEBUG c.s.m.d.s.basic.BasicChannelService  [f422e52e-ccb5-4723-bf03-1531c1a7fdb3 | DELETE | /api/channels/01191d7d-b068-48f2-a13e-9962cb13dde6] - Deleting channel: id=01191d7d-b068-48f2-a13e-9962cb13dde6
26-04-06 00:08:10.530 [Test worker] DEBUG org.hibernate.SQL                    [f422e52e-ccb5-4723-bf03-1531c1a7fdb3 | DELETE | /api/channels/01191d7d-b068-48f2-a13e-9962cb13dde6] - 
    insert 
    into
        channels
        (created_at, description, name, type, updated_at, id) 
    values
        (?, ?, ?, ?, ?, ?)
26-04-06 00:08:10.533 [Test worker] TRACE org.hibernate.orm.jdbc.bind          [f422e52e-ccb5-4723-bf03-1531c1a7fdb3 | DELETE | /api/channels/01191d7d-b068-48f2-a13e-9962cb13dde6] - binding parameter (1:TIMESTAMP_UTC) <- [2026-04-05T15:08:10.500788700Z]
26-04-06 00:08:10.534 [Test worker] TRACE org.hibernate.orm.jdbc.bind          [f422e52e-ccb5-4723-bf03-1531c1a7fdb3 | DELETE | /api/channels/01191d7d-b068-48f2-a13e-9962cb13dde6] - binding parameter (2:VARCHAR) <- [description]
26-04-06 00:08:10.535 [Test worker] TRACE org.hibernate.orm.jdbc.bind          [f422e52e-ccb5-4723-bf03-1531c1a7fdb3 | DELETE | /api/channels/01191d7d-b068-48f2-a13e-9962cb13dde6] - binding parameter (3:VARCHAR) <- [to-delete]
26-04-06 00:08:10.535 [Test worker] TRACE org.hibernate.orm.jdbc.bind          [f422e52e-ccb5-4723-bf03-1531c1a7fdb3 | DELETE | /api/channels/01191d7d-b068-48f2-a13e-9962cb13dde6] - binding parameter (4:ENUM) <- [PUBLIC]
26-04-06 00:08:10.535 [Test worker] TRACE org.hibernate.orm.jdbc.bind          [f422e52e-ccb5-4723-bf03-1531c1a7fdb3 | DELETE | /api/channels/01191d7d-b068-48f2-a13e-9962cb13dde6] - binding parameter (5:TIMESTAMP_UTC) <- [2026-04-05T15:08:10.500788700Z]
26-04-06 00:08:10.535 [Test worker] TRACE org.hibernate.orm.jdbc.bind          [f422e52e-ccb5-4723-bf03-1531c1a7fdb3 | DELETE | /api/channels/01191d7d-b068-48f2-a13e-9962cb13dde6] - binding parameter (6:UUID) <- [01191d7d-b068-48f2-a13e-9962cb13dde6]
26-04-06 00:08:10.540 [Test worker] DEBUG org.hibernate.SQL                    [f422e52e-ccb5-4723-bf03-1531c1a7fdb3 | DELETE | /api/channels/01191d7d-b068-48f2-a13e-9962cb13dde6] - 
    select
        count(*) 
    from
        channels c1_0 
    where
        c1_0.id=?
26-04-06 00:08:10.541 [Test worker] TRACE org.hibernate.orm.jdbc.bind          [f422e52e-ccb5-4723-bf03-1531c1a7fdb3 | DELETE | /api/channels/01191d7d-b068-48f2-a13e-9962cb13dde6] - binding parameter (1:UUID) <- [01191d7d-b068-48f2-a13e-9962cb13dde6]
26-04-06 00:08:10.574 [Test worker] DEBUG org.hibernate.SQL                    [f422e52e-ccb5-4723-bf03-1531c1a7fdb3 | DELETE | /api/channels/01191d7d-b068-48f2-a13e-9962cb13dde6] - 
    select
        m1_0.id,
        m1_0.author_id,
        m1_0.channel_id,
        m1_0.content,
        m1_0.created_at,
        m1_0.updated_at 
    from
        messages m1_0 
    where
        m1_0.channel_id=?
26-04-06 00:08:10.574 [Test worker] TRACE org.hibernate.orm.jdbc.bind          [f422e52e-ccb5-4723-bf03-1531c1a7fdb3 | DELETE | /api/channels/01191d7d-b068-48f2-a13e-9962cb13dde6] - binding parameter (1:UUID) <- [01191d7d-b068-48f2-a13e-9962cb13dde6]
26-04-06 00:08:10.599 [Test worker] DEBUG org.hibernate.SQL                    [f422e52e-ccb5-4723-bf03-1531c1a7fdb3 | DELETE | /api/channels/01191d7d-b068-48f2-a13e-9962cb13dde6] - 
    select
        rs1_0.id,
        rs1_0.channel_id,
        rs1_0.created_at,
        rs1_0.last_read_at,
        rs1_0.updated_at,
        rs1_0.user_id 
    from
        read_statuses rs1_0 
    where
        rs1_0.channel_id=?
26-04-06 00:08:10.600 [Test worker] TRACE org.hibernate.orm.jdbc.bind          [f422e52e-ccb5-4723-bf03-1531c1a7fdb3 | DELETE | /api/channels/01191d7d-b068-48f2-a13e-9962cb13dde6] - binding parameter (1:UUID) <- [01191d7d-b068-48f2-a13e-9962cb13dde6]
26-04-06 00:08:10.614 [Test worker] INFO  c.s.m.d.s.basic.BasicChannelService  [f422e52e-ccb5-4723-bf03-1531c1a7fdb3 | DELETE | /api/channels/01191d7d-b068-48f2-a13e-9962cb13dde6] - Channel deleted: id=01191d7d-b068-48f2-a13e-9962cb13dde6
26-04-06 00:08:10.630 [Test worker] DEBUG c.s.m.d.controller.UserController    [1a2d5d59-ca1a-44ca-b784-e89693d25b77 | POST | /api/users] - POST /api/users - create user: username=chanuser
26-04-06 00:08:10.630 [Test worker] DEBUG c.s.m.d.s.basic.BasicUserService     [1a2d5d59-ca1a-44ca-b784-e89693d25b77 | POST | /api/users] - Creating user: username=chanuser, email=chanuser@test.com
26-04-06 00:08:10.634 [Test worker] DEBUG org.hibernate.SQL                    [1a2d5d59-ca1a-44ca-b784-e89693d25b77 | POST | /api/users] - 
    select
        u1_0.id 
    from
        users u1_0 
    where
        u1_0.email=? 
    fetch
        first ? rows only
26-04-06 00:08:10.635 [Test worker] TRACE org.hibernate.orm.jdbc.bind          [1a2d5d59-ca1a-44ca-b784-e89693d25b77 | POST | /api/users] - binding parameter (1:VARCHAR) <- [chanuser@test.com]
26-04-06 00:08:10.635 [Test worker] TRACE org.hibernate.orm.jdbc.bind          [1a2d5d59-ca1a-44ca-b784-e89693d25b77 | POST | /api/users] - binding parameter (2:INTEGER) <- [1]
26-04-06 00:08:10.637 [Test worker] DEBUG org.hibernate.SQL                    [1a2d5d59-ca1a-44ca-b784-e89693d25b77 | POST | /api/users] - 
    select
        u1_0.id 
    from
        users u1_0 
    where
        u1_0.username=? 
    fetch
        first ? rows only
26-04-06 00:08:10.638 [Test worker] TRACE org.hibernate.orm.jdbc.bind          [1a2d5d59-ca1a-44ca-b784-e89693d25b77 | POST | /api/users] - binding parameter (1:VARCHAR) <- [chanuser]
26-04-06 00:08:10.638 [Test worker] TRACE org.hibernate.orm.jdbc.bind          [1a2d5d59-ca1a-44ca-b784-e89693d25b77 | POST | /api/users] - binding parameter (2:INTEGER) <- [1]
26-04-06 00:08:10.645 [Test worker] INFO  c.s.m.d.s.basic.BasicUserService     [1a2d5d59-ca1a-44ca-b784-e89693d25b77 | POST | /api/users] - User created: id=8b9351ce-c443-4315-aca7-e272121d6611, username=chanuser
26-04-06 00:08:10.646 [Test worker] INFO  c.s.m.d.controller.UserController    [1a2d5d59-ca1a-44ca-b784-e89693d25b77 | POST | /api/users] - User created via API: id=8b9351ce-c443-4315-aca7-e272121d6611
26-04-06 00:08:10.651 [Test worker] DEBUG c.s.m.d.controller.ChannelController [65717d04-25d6-47b9-96f2-63844ebfa267 | POST | /api/channels/public] - POST /api/channels/public - create public channel: name=public-channel
26-04-06 00:08:10.651 [Test worker] DEBUG c.s.m.d.s.basic.BasicChannelService  [65717d04-25d6-47b9-96f2-63844ebfa267 | POST | /api/channels/public] - Creating public channel: name=public-channel
26-04-06 00:08:10.652 [Test worker] INFO  c.s.m.d.s.basic.BasicChannelService  [65717d04-25d6-47b9-96f2-63844ebfa267 | POST | /api/channels/public] - Public channel created: id=5adf2988-2ffe-4ae5-b3cc-dd80c1358cfe, name=public-channel
26-04-06 00:08:10.652 [Test worker] DEBUG org.hibernate.SQL                    [65717d04-25d6-47b9-96f2-63844ebfa267 | POST | /api/channels/public] - 
    select
        m1_0.created_at 
    from
        messages m1_0 
    where
        m1_0.channel_id=? 
    order by
        m1_0.created_at desc 
    fetch
        first 1 rows only
26-04-06 00:08:10.654 [Test worker] TRACE org.hibernate.orm.jdbc.bind          [65717d04-25d6-47b9-96f2-63844ebfa267 | POST | /api/channels/public] - binding parameter (1:UUID) <- [5adf2988-2ffe-4ae5-b3cc-dd80c1358cfe]
26-04-06 00:08:10.654 [Test worker] INFO  c.s.m.d.controller.ChannelController [65717d04-25d6-47b9-96f2-63844ebfa267 | POST | /api/channels/public] - Public channel created via API: id=5adf2988-2ffe-4ae5-b3cc-dd80c1358cfe
26-04-06 00:08:10.656 [Test worker] DEBUG c.s.m.d.controller.ChannelController [f472fb63-925d-482c-8dc3-acb93f212440 | GET | /api/channels] - GET /api/channels?userId=8b9351ce-c443-4315-aca7-e272121d6611
26-04-06 00:08:10.657 [Test worker] DEBUG c.s.m.d.s.basic.BasicChannelService  [f472fb63-925d-482c-8dc3-acb93f212440 | GET | /api/channels] - Fetching channels for userId=8b9351ce-c443-4315-aca7-e272121d6611
26-04-06 00:08:10.658 [Test worker] DEBUG org.hibernate.SQL                    [f472fb63-925d-482c-8dc3-acb93f212440 | GET | /api/channels] - 
    select
        rs1_0.id,
        rs1_0.channel_id,
        rs1_0.created_at,
        rs1_0.last_read_at,
        rs1_0.updated_at,
        rs1_0.user_id 
    from
        read_statuses rs1_0 
    where
        rs1_0.user_id=?
26-04-06 00:08:10.659 [Test worker] TRACE org.hibernate.orm.jdbc.bind          [f472fb63-925d-482c-8dc3-acb93f212440 | GET | /api/channels] - binding parameter (1:UUID) <- [8b9351ce-c443-4315-aca7-e272121d6611]
26-04-06 00:08:10.664 [Test worker] DEBUG org.hibernate.SQL                    [f472fb63-925d-482c-8dc3-acb93f212440 | GET | /api/channels] - 
    insert 
    into
        users
        (created_at, email, password, profile_id, updated_at, username, id) 
    values
        (?, ?, ?, ?, ?, ?, ?)
26-04-06 00:08:10.664 [Test worker] TRACE org.hibernate.orm.jdbc.bind          [f472fb63-925d-482c-8dc3-acb93f212440 | GET | /api/channels] - binding parameter (1:TIMESTAMP_UTC) <- [2026-04-05T15:08:10.640084100Z]
26-04-06 00:08:10.664 [Test worker] TRACE org.hibernate.orm.jdbc.bind          [f472fb63-925d-482c-8dc3-acb93f212440 | GET | /api/channels] - binding parameter (2:VARCHAR) <- [chanuser@test.com]
26-04-06 00:08:10.664 [Test worker] TRACE org.hibernate.orm.jdbc.bind          [f472fb63-925d-482c-8dc3-acb93f212440 | GET | /api/channels] - binding parameter (3:VARCHAR) <- [password123]
26-04-06 00:08:10.664 [Test worker] TRACE org.hibernate.orm.jdbc.bind          [f472fb63-925d-482c-8dc3-acb93f212440 | GET | /api/channels] - binding parameter (4:UUID) <- [null]
26-04-06 00:08:10.664 [Test worker] TRACE org.hibernate.orm.jdbc.bind          [f472fb63-925d-482c-8dc3-acb93f212440 | GET | /api/channels] - binding parameter (5:TIMESTAMP_UTC) <- [2026-04-05T15:08:10.640084100Z]
26-04-06 00:08:10.665 [Test worker] TRACE org.hibernate.orm.jdbc.bind          [f472fb63-925d-482c-8dc3-acb93f212440 | GET | /api/channels] - binding parameter (6:VARCHAR) <- [chanuser]
26-04-06 00:08:10.665 [Test worker] TRACE org.hibernate.orm.jdbc.bind          [f472fb63-925d-482c-8dc3-acb93f212440 | GET | /api/channels] - binding parameter (7:UUID) <- [8b9351ce-c443-4315-aca7-e272121d6611]
26-04-06 00:08:10.665 [Test worker] DEBUG org.hibernate.SQL                    [f472fb63-925d-482c-8dc3-acb93f212440 | GET | /api/channels] - 
    insert 
    into
        user_statuses
        (created_at, last_active_at, updated_at, user_id, id) 
    values
        (?, ?, ?, ?, ?)
26-04-06 00:08:10.665 [Test worker] TRACE org.hibernate.orm.jdbc.bind          [f472fb63-925d-482c-8dc3-acb93f212440 | GET | /api/channels] - binding parameter (1:TIMESTAMP_UTC) <- [2026-04-05T15:08:10.643083100Z]
26-04-06 00:08:10.666 [Test worker] TRACE org.hibernate.orm.jdbc.bind          [f472fb63-925d-482c-8dc3-acb93f212440 | GET | /api/channels] - binding parameter (2:TIMESTAMP_UTC) <- [2026-04-05T15:08:10.639083Z]
26-04-06 00:08:10.666 [Test worker] TRACE org.hibernate.orm.jdbc.bind          [f472fb63-925d-482c-8dc3-acb93f212440 | GET | /api/channels] - binding parameter (3:TIMESTAMP_UTC) <- [2026-04-05T15:08:10.643083100Z]
26-04-06 00:08:10.666 [Test worker] TRACE org.hibernate.orm.jdbc.bind          [f472fb63-925d-482c-8dc3-acb93f212440 | GET | /api/channels] - binding parameter (4:UUID) <- [8b9351ce-c443-4315-aca7-e272121d6611]
26-04-06 00:08:10.666 [Test worker] TRACE org.hibernate.orm.jdbc.bind          [f472fb63-925d-482c-8dc3-acb93f212440 | GET | /api/channels] - binding parameter (5:UUID) <- [731e847e-ef1e-47e4-8e48-9a2f18dbd0b7]
26-04-06 00:08:10.667 [Test worker] DEBUG org.hibernate.SQL                    [f472fb63-925d-482c-8dc3-acb93f212440 | GET | /api/channels] - 
    insert 
    into
        channels
        (created_at, description, name, type, updated_at, id) 
    values
        (?, ?, ?, ?, ?, ?)
26-04-06 00:08:10.667 [Test worker] TRACE org.hibernate.orm.jdbc.bind          [f472fb63-925d-482c-8dc3-acb93f212440 | GET | /api/channels] - binding parameter (1:TIMESTAMP_UTC) <- [2026-04-05T15:08:10.651600300Z]
26-04-06 00:08:10.667 [Test worker] TRACE org.hibernate.orm.jdbc.bind          [f472fb63-925d-482c-8dc3-acb93f212440 | GET | /api/channels] - binding parameter (2:VARCHAR) <- [description]
26-04-06 00:08:10.667 [Test worker] TRACE org.hibernate.orm.jdbc.bind          [f472fb63-925d-482c-8dc3-acb93f212440 | GET | /api/channels] - binding parameter (3:VARCHAR) <- [public-channel]
26-04-06 00:08:10.667 [Test worker] TRACE org.hibernate.orm.jdbc.bind          [f472fb63-925d-482c-8dc3-acb93f212440 | GET | /api/channels] - binding parameter (4:ENUM) <- [PUBLIC]
26-04-06 00:08:10.667 [Test worker] TRACE org.hibernate.orm.jdbc.bind          [f472fb63-925d-482c-8dc3-acb93f212440 | GET | /api/channels] - binding parameter (5:TIMESTAMP_UTC) <- [2026-04-05T15:08:10.651600300Z]
26-04-06 00:08:10.667 [Test worker] TRACE org.hibernate.orm.jdbc.bind          [f472fb63-925d-482c-8dc3-acb93f212440 | GET | /api/channels] - binding parameter (6:UUID) <- [5adf2988-2ffe-4ae5-b3cc-dd80c1358cfe]
26-04-06 00:08:10.668 [Test worker] DEBUG org.hibernate.SQL                    [f472fb63-925d-482c-8dc3-acb93f212440 | GET | /api/channels] - 
    select
        c1_0.id,
        c1_0.created_at,
        c1_0.description,
        c1_0.name,
        c1_0.type,
        c1_0.updated_at 
    from
        channels c1_0 
    where
        c1_0.type=? 
        or c1_0.id in (?)
26-04-06 00:08:10.669 [Test worker] TRACE org.hibernate.orm.jdbc.bind          [f472fb63-925d-482c-8dc3-acb93f212440 | GET | /api/channels] - binding parameter (1:ENUM) <- [PUBLIC]
26-04-06 00:08:10.669 [Test worker] TRACE org.hibernate.orm.jdbc.bind          [f472fb63-925d-482c-8dc3-acb93f212440 | GET | /api/channels] - binding parameter (2:UUID) <- [null]
26-04-06 00:08:10.670 [Test worker] DEBUG org.hibernate.SQL                    [f472fb63-925d-482c-8dc3-acb93f212440 | GET | /api/channels] - 
    select
        m1_0.created_at 
    from
        messages m1_0 
    where
        m1_0.channel_id=? 
    order by
        m1_0.created_at desc 
    fetch
        first 1 rows only
26-04-06 00:08:10.670 [Test worker] TRACE org.hibernate.orm.jdbc.bind          [f472fb63-925d-482c-8dc3-acb93f212440 | GET | /api/channels] - binding parameter (1:UUID) <- [5adf2988-2ffe-4ae5-b3cc-dd80c1358cfe]
26-04-06 00:08:10.686 [Test worker] DEBUG c.s.m.d.controller.ChannelController [0e092242-a9d3-4771-9d00-57e47df4df10 | POST | /api/channels/public] - POST /api/channels/public - create public channel: name=old-name
26-04-06 00:08:10.686 [Test worker] DEBUG c.s.m.d.s.basic.BasicChannelService  [0e092242-a9d3-4771-9d00-57e47df4df10 | POST | /api/channels/public] - Creating public channel: name=old-name
26-04-06 00:08:10.687 [Test worker] INFO  c.s.m.d.s.basic.BasicChannelService  [0e092242-a9d3-4771-9d00-57e47df4df10 | POST | /api/channels/public] - Public channel created: id=3ddc7d20-57d7-42d3-8fbb-3dc4999bf672, name=old-name
26-04-06 00:08:10.688 [Test worker] DEBUG org.hibernate.SQL                    [0e092242-a9d3-4771-9d00-57e47df4df10 | POST | /api/channels/public] - 
    select
        m1_0.created_at 
    from
        messages m1_0 
    where
        m1_0.channel_id=? 
    order by
        m1_0.created_at desc 
    fetch
        first 1 rows only
26-04-06 00:08:10.688 [Test worker] TRACE org.hibernate.orm.jdbc.bind          [0e092242-a9d3-4771-9d00-57e47df4df10 | POST | /api/channels/public] - binding parameter (1:UUID) <- [3ddc7d20-57d7-42d3-8fbb-3dc4999bf672]
26-04-06 00:08:10.688 [Test worker] INFO  c.s.m.d.controller.ChannelController [0e092242-a9d3-4771-9d00-57e47df4df10 | POST | /api/channels/public] - Public channel created via API: id=3ddc7d20-57d7-42d3-8fbb-3dc4999bf672
26-04-06 00:08:10.693 [Test worker] DEBUG c.s.m.d.controller.ChannelController [ff0af216-a7c8-489f-b991-7c02ee499497 | PATCH | /api/channels/3ddc7d20-57d7-42d3-8fbb-3dc4999bf672] - PATCH /api/channels/3ddc7d20-57d7-42d3-8fbb-3dc4999bf672
26-04-06 00:08:10.693 [Test worker] DEBUG c.s.m.d.s.basic.BasicChannelService  [ff0af216-a7c8-489f-b991-7c02ee499497 | PATCH | /api/channels/3ddc7d20-57d7-42d3-8fbb-3dc4999bf672] - Updating channel: id=3ddc7d20-57d7-42d3-8fbb-3dc4999bf672
26-04-06 00:08:10.694 [Test worker] INFO  c.s.m.d.s.basic.BasicChannelService  [ff0af216-a7c8-489f-b991-7c02ee499497 | PATCH | /api/channels/3ddc7d20-57d7-42d3-8fbb-3dc4999bf672] - Channel updated: id=3ddc7d20-57d7-42d3-8fbb-3dc4999bf672
26-04-06 00:08:10.698 [Test worker] DEBUG org.hibernate.SQL                    [ff0af216-a7c8-489f-b991-7c02ee499497 | PATCH | /api/channels/3ddc7d20-57d7-42d3-8fbb-3dc4999bf672] - 
    select
        m1_0.created_at 
    from
        messages m1_0 
    where
        m1_0.channel_id=? 
    order by
        m1_0.created_at desc 
    fetch
        first 1 rows only
26-04-06 00:08:10.699 [Test worker] TRACE org.hibernate.orm.jdbc.bind          [ff0af216-a7c8-489f-b991-7c02ee499497 | PATCH | /api/channels/3ddc7d20-57d7-42d3-8fbb-3dc4999bf672] - binding parameter (1:UUID) <- [3ddc7d20-57d7-42d3-8fbb-3dc4999bf672]
26-04-06 00:08:10.706 [Test worker] INFO  o.s.t.c.s.AnnotationConfigContextLoaderUtils [- | - | -] - Could not detect default configuration classes for test class [com.sprint.mission.discodeit.integration.MessageIntegrationTest]: MessageIntegrationTest does not declare any static, non-private, non-final, nested classes annotated with @Configuration.
26-04-06 00:08:10.708 [Test worker] INFO  o.s.b.t.c.SpringBootTestContextBootstrapper [- | - | -] - Found @SpringBootConfiguration com.sprint.mission.discodeit.DiscodeitApplication for test class com.sprint.mission.discodeit.integration.MessageIntegrationTest
26-04-06 00:08:10.716 [Test worker] DEBUG c.s.m.d.controller.UserController    [effeb47b-1ed6-42a9-a5cc-7e5fca42d00f | POST | /api/users] - POST /api/users - create user: username=msgauthor
26-04-06 00:08:10.716 [Test worker] DEBUG c.s.m.d.s.basic.BasicUserService     [effeb47b-1ed6-42a9-a5cc-7e5fca42d00f | POST | /api/users] - Creating user: username=msgauthor, email=msgauthor@test.com
26-04-06 00:08:10.717 [Test worker] DEBUG org.hibernate.SQL                    [effeb47b-1ed6-42a9-a5cc-7e5fca42d00f | POST | /api/users] - 
    select
        u1_0.id 
    from
        users u1_0 
    where
        u1_0.email=? 
    fetch
        first ? rows only
26-04-06 00:08:10.718 [Test worker] TRACE org.hibernate.orm.jdbc.bind          [effeb47b-1ed6-42a9-a5cc-7e5fca42d00f | POST | /api/users] - binding parameter (1:VARCHAR) <- [msgauthor@test.com]
26-04-06 00:08:10.718 [Test worker] TRACE org.hibernate.orm.jdbc.bind          [effeb47b-1ed6-42a9-a5cc-7e5fca42d00f | POST | /api/users] - binding parameter (2:INTEGER) <- [1]
26-04-06 00:08:10.719 [Test worker] DEBUG org.hibernate.SQL                    [effeb47b-1ed6-42a9-a5cc-7e5fca42d00f | POST | /api/users] - 
    select
        u1_0.id 
    from
        users u1_0 
    where
        u1_0.username=? 
    fetch
        first ? rows only
26-04-06 00:08:10.719 [Test worker] TRACE org.hibernate.orm.jdbc.bind          [effeb47b-1ed6-42a9-a5cc-7e5fca42d00f | POST | /api/users] - binding parameter (1:VARCHAR) <- [msgauthor]
26-04-06 00:08:10.719 [Test worker] TRACE org.hibernate.orm.jdbc.bind          [effeb47b-1ed6-42a9-a5cc-7e5fca42d00f | POST | /api/users] - binding parameter (2:INTEGER) <- [1]
26-04-06 00:08:10.720 [Test worker] INFO  c.s.m.d.s.basic.BasicUserService     [effeb47b-1ed6-42a9-a5cc-7e5fca42d00f | POST | /api/users] - User created: id=83c67579-8fdb-4086-8541-0747055365a9, username=msgauthor
26-04-06 00:08:10.720 [Test worker] INFO  c.s.m.d.controller.UserController    [effeb47b-1ed6-42a9-a5cc-7e5fca42d00f | POST | /api/users] - User created via API: id=83c67579-8fdb-4086-8541-0747055365a9
26-04-06 00:08:10.723 [Test worker] DEBUG c.s.m.d.controller.ChannelController [310f955e-0809-4d44-9aab-c10cbf19e5d3 | POST | /api/channels/public] - POST /api/channels/public - create public channel: name=msg-channel
26-04-06 00:08:10.723 [Test worker] DEBUG c.s.m.d.s.basic.BasicChannelService  [310f955e-0809-4d44-9aab-c10cbf19e5d3 | POST | /api/channels/public] - Creating public channel: name=msg-channel
26-04-06 00:08:10.723 [Test worker] INFO  c.s.m.d.s.basic.BasicChannelService  [310f955e-0809-4d44-9aab-c10cbf19e5d3 | POST | /api/channels/public] - Public channel created: id=60d03701-843f-46aa-977d-1a2762cb39a5, name=msg-channel
26-04-06 00:08:10.725 [Test worker] DEBUG org.hibernate.SQL                    [310f955e-0809-4d44-9aab-c10cbf19e5d3 | POST | /api/channels/public] - 
    select
        m1_0.created_at 
    from
        messages m1_0 
    where
        m1_0.channel_id=? 
    order by
        m1_0.created_at desc 
    fetch
        first 1 rows only
26-04-06 00:08:10.725 [Test worker] TRACE org.hibernate.orm.jdbc.bind          [310f955e-0809-4d44-9aab-c10cbf19e5d3 | POST | /api/channels/public] - binding parameter (1:UUID) <- [60d03701-843f-46aa-977d-1a2762cb39a5]
26-04-06 00:08:10.726 [Test worker] INFO  c.s.m.d.controller.ChannelController [310f955e-0809-4d44-9aab-c10cbf19e5d3 | POST | /api/channels/public] - Public channel created via API: id=60d03701-843f-46aa-977d-1a2762cb39a5
26-04-06 00:08:10.732 [Test worker] DEBUG c.s.m.d.controller.MessageController [5f32486a-26ff-4419-a065-e42f8f15dee0 | POST | /api/messages] - POST /api/messages - create message: channelId=60d03701-843f-46aa-977d-1a2762cb39a5
26-04-06 00:08:10.734 [Test worker] DEBUG c.s.m.d.s.basic.BasicMessageService  [5f32486a-26ff-4419-a065-e42f8f15dee0 | POST | /api/messages] - Creating message: channelId=60d03701-843f-46aa-977d-1a2762cb39a5, authorId=83c67579-8fdb-4086-8541-0747055365a9
26-04-06 00:08:10.754 [Test worker] INFO  c.s.m.d.s.basic.BasicMessageService  [5f32486a-26ff-4419-a065-e42f8f15dee0 | POST | /api/messages] - Message created: id=1c1809ef-f7bc-4882-a1a5-476fad69cacf, channelId=60d03701-843f-46aa-977d-1a2762cb39a5, authorId=83c67579-8fdb-4086-8541-0747055365a9
26-04-06 00:08:10.755 [Test worker] INFO  c.s.m.d.controller.MessageController [5f32486a-26ff-4419-a065-e42f8f15dee0 | POST | /api/messages] - Message created via API: id=1c1809ef-f7bc-4882-a1a5-476fad69cacf
26-04-06 00:08:10.762 [Test worker] DEBUG c.s.m.d.controller.MessageController [83feaecc-571b-4b1d-90c9-691fc29e617a | PATCH | /api/messages/1c1809ef-f7bc-4882-a1a5-476fad69cacf] - PATCH /api/messages/1c1809ef-f7bc-4882-a1a5-476fad69cacf
26-04-06 00:08:10.763 [Test worker] DEBUG c.s.m.d.s.basic.BasicMessageService  [83feaecc-571b-4b1d-90c9-691fc29e617a | PATCH | /api/messages/1c1809ef-f7bc-4882-a1a5-476fad69cacf] - Updating message: id=1c1809ef-f7bc-4882-a1a5-476fad69cacf
26-04-06 00:08:10.764 [Test worker] INFO  c.s.m.d.s.basic.BasicMessageService  [83feaecc-571b-4b1d-90c9-691fc29e617a | PATCH | /api/messages/1c1809ef-f7bc-4882-a1a5-476fad69cacf] - Message updated: id=1c1809ef-f7bc-4882-a1a5-476fad69cacf
26-04-06 00:08:10.772 [Test worker] DEBUG c.s.m.d.controller.UserController    [6bb0a136-f605-4b7f-a3d6-2d81b8979c21 | POST | /api/users] - POST /api/users - create user: username=msgauthor
26-04-06 00:08:10.772 [Test worker] DEBUG c.s.m.d.s.basic.BasicUserService     [6bb0a136-f605-4b7f-a3d6-2d81b8979c21 | POST | /api/users] - Creating user: username=msgauthor, email=msgauthor@test.com
26-04-06 00:08:10.775 [Test worker] DEBUG org.hibernate.SQL                    [6bb0a136-f605-4b7f-a3d6-2d81b8979c21 | POST | /api/users] - 
    select
        u1_0.id 
    from
        users u1_0 
    where
        u1_0.email=? 
    fetch
        first ? rows only
26-04-06 00:08:10.775 [Test worker] TRACE org.hibernate.orm.jdbc.bind          [6bb0a136-f605-4b7f-a3d6-2d81b8979c21 | POST | /api/users] - binding parameter (1:VARCHAR) <- [msgauthor@test.com]
26-04-06 00:08:10.775 [Test worker] TRACE org.hibernate.orm.jdbc.bind          [6bb0a136-f605-4b7f-a3d6-2d81b8979c21 | POST | /api/users] - binding parameter (2:INTEGER) <- [1]
26-04-06 00:08:10.777 [Test worker] DEBUG org.hibernate.SQL                    [6bb0a136-f605-4b7f-a3d6-2d81b8979c21 | POST | /api/users] - 
    select
        u1_0.id 
    from
        users u1_0 
    where
        u1_0.username=? 
    fetch
        first ? rows only
26-04-06 00:08:10.777 [Test worker] TRACE org.hibernate.orm.jdbc.bind          [6bb0a136-f605-4b7f-a3d6-2d81b8979c21 | POST | /api/users] - binding parameter (1:VARCHAR) <- [msgauthor]
26-04-06 00:08:10.777 [Test worker] TRACE org.hibernate.orm.jdbc.bind          [6bb0a136-f605-4b7f-a3d6-2d81b8979c21 | POST | /api/users] - binding parameter (2:INTEGER) <- [1]
26-04-06 00:08:10.778 [Test worker] INFO  c.s.m.d.s.basic.BasicUserService     [6bb0a136-f605-4b7f-a3d6-2d81b8979c21 | POST | /api/users] - User created: id=2ade872d-36b9-462a-970f-ee01289489a7, username=msgauthor
26-04-06 00:08:10.779 [Test worker] INFO  c.s.m.d.controller.UserController    [6bb0a136-f605-4b7f-a3d6-2d81b8979c21 | POST | /api/users] - User created via API: id=2ade872d-36b9-462a-970f-ee01289489a7
26-04-06 00:08:10.781 [Test worker] DEBUG c.s.m.d.controller.ChannelController [c57e8fec-cfda-4416-bd33-970c35417aed | POST | /api/channels/public] - POST /api/channels/public - create public channel: name=msg-channel
26-04-06 00:08:10.781 [Test worker] DEBUG c.s.m.d.s.basic.BasicChannelService  [c57e8fec-cfda-4416-bd33-970c35417aed | POST | /api/channels/public] - Creating public channel: name=msg-channel
26-04-06 00:08:10.782 [Test worker] INFO  c.s.m.d.s.basic.BasicChannelService  [c57e8fec-cfda-4416-bd33-970c35417aed | POST | /api/channels/public] - Public channel created: id=6bcdfa45-17c9-457a-8bcf-84a4bcf0d2f0, name=msg-channel
26-04-06 00:08:10.782 [Test worker] DEBUG org.hibernate.SQL                    [c57e8fec-cfda-4416-bd33-970c35417aed | POST | /api/channels/public] - 
    select
        m1_0.created_at 
    from
        messages m1_0 
    where
        m1_0.channel_id=? 
    order by
        m1_0.created_at desc 
    fetch
        first 1 rows only
26-04-06 00:08:10.783 [Test worker] TRACE org.hibernate.orm.jdbc.bind          [c57e8fec-cfda-4416-bd33-970c35417aed | POST | /api/channels/public] - binding parameter (1:UUID) <- [6bcdfa45-17c9-457a-8bcf-84a4bcf0d2f0]
26-04-06 00:08:10.783 [Test worker] INFO  c.s.m.d.controller.ChannelController [c57e8fec-cfda-4416-bd33-970c35417aed | POST | /api/channels/public] - Public channel created via API: id=6bcdfa45-17c9-457a-8bcf-84a4bcf0d2f0
26-04-06 00:08:10.785 [Test worker] DEBUG c.s.m.d.controller.MessageController [ac88e5ae-ae9d-4f82-91fb-cc39c3e40a00 | DELETE | /api/messages/dc27878e-a2e6-49e1-9f70-e0889b5defcf] - DELETE /api/messages/dc27878e-a2e6-49e1-9f70-e0889b5defcf
26-04-06 00:08:10.785 [Test worker] DEBUG c.s.m.d.s.basic.BasicMessageService  [ac88e5ae-ae9d-4f82-91fb-cc39c3e40a00 | DELETE | /api/messages/dc27878e-a2e6-49e1-9f70-e0889b5defcf] - Deleting message: id=dc27878e-a2e6-49e1-9f70-e0889b5defcf
26-04-06 00:08:10.788 [Test worker] DEBUG org.hibernate.SQL                    [ac88e5ae-ae9d-4f82-91fb-cc39c3e40a00 | DELETE | /api/messages/dc27878e-a2e6-49e1-9f70-e0889b5defcf] - 
    select
        count(*) 
    from
        messages m1_0 
    where
        m1_0.id=?
26-04-06 00:08:10.789 [Test worker] TRACE org.hibernate.orm.jdbc.bind          [ac88e5ae-ae9d-4f82-91fb-cc39c3e40a00 | DELETE | /api/messages/dc27878e-a2e6-49e1-9f70-e0889b5defcf] - binding parameter (1:UUID) <- [dc27878e-a2e6-49e1-9f70-e0889b5defcf]
26-04-06 00:08:10.790 [Test worker] WARN  c.s.m.d.e.GlobalExceptionHandler     [ac88e5ae-ae9d-4f82-91fb-cc39c3e40a00 | DELETE | /api/messages/dc27878e-a2e6-49e1-9f70-e0889b5defcf] - DiscodeitException [MESSAGE_NOT_FOUND]: Message not found, details={messageId=dc27878e-a2e6-49e1-9f70-e0889b5defcf}
26-04-06 00:08:10.797 [Test worker] DEBUG c.s.m.d.controller.UserController    [572ccbed-d902-4bb3-b70f-868887b9fd00 | POST | /api/users] - POST /api/users - create user: username=msgauthor
26-04-06 00:08:10.797 [Test worker] DEBUG c.s.m.d.s.basic.BasicUserService     [572ccbed-d902-4bb3-b70f-868887b9fd00 | POST | /api/users] - Creating user: username=msgauthor, email=msgauthor@test.com
26-04-06 00:08:10.798 [Test worker] DEBUG org.hibernate.SQL                    [572ccbed-d902-4bb3-b70f-868887b9fd00 | POST | /api/users] - 
    select
        u1_0.id 
    from
        users u1_0 
    where
        u1_0.email=? 
    fetch
        first ? rows only
26-04-06 00:08:10.798 [Test worker] TRACE org.hibernate.orm.jdbc.bind          [572ccbed-d902-4bb3-b70f-868887b9fd00 | POST | /api/users] - binding parameter (1:VARCHAR) <- [msgauthor@test.com]
26-04-06 00:08:10.798 [Test worker] TRACE org.hibernate.orm.jdbc.bind          [572ccbed-d902-4bb3-b70f-868887b9fd00 | POST | /api/users] - binding parameter (2:INTEGER) <- [1]
26-04-06 00:08:10.799 [Test worker] DEBUG org.hibernate.SQL                    [572ccbed-d902-4bb3-b70f-868887b9fd00 | POST | /api/users] - 
    select
        u1_0.id 
    from
        users u1_0 
    where
        u1_0.username=? 
    fetch
        first ? rows only
26-04-06 00:08:10.800 [Test worker] TRACE org.hibernate.orm.jdbc.bind          [572ccbed-d902-4bb3-b70f-868887b9fd00 | POST | /api/users] - binding parameter (1:VARCHAR) <- [msgauthor]
26-04-06 00:08:10.800 [Test worker] TRACE org.hibernate.orm.jdbc.bind          [572ccbed-d902-4bb3-b70f-868887b9fd00 | POST | /api/users] - binding parameter (2:INTEGER) <- [1]
26-04-06 00:08:10.801 [Test worker] INFO  c.s.m.d.s.basic.BasicUserService     [572ccbed-d902-4bb3-b70f-868887b9fd00 | POST | /api/users] - User created: id=e2a4d93c-b891-44c7-ab02-174371ceca4c, username=msgauthor
26-04-06 00:08:10.801 [Test worker] INFO  c.s.m.d.controller.UserController    [572ccbed-d902-4bb3-b70f-868887b9fd00 | POST | /api/users] - User created via API: id=e2a4d93c-b891-44c7-ab02-174371ceca4c
26-04-06 00:08:10.802 [Test worker] DEBUG c.s.m.d.controller.ChannelController [9e45bc5c-de1a-46aa-bc1f-b0a6bd939f74 | POST | /api/channels/public] - POST /api/channels/public - create public channel: name=msg-channel
26-04-06 00:08:10.804 [Test worker] DEBUG c.s.m.d.s.basic.BasicChannelService  [9e45bc5c-de1a-46aa-bc1f-b0a6bd939f74 | POST | /api/channels/public] - Creating public channel: name=msg-channel
26-04-06 00:08:10.804 [Test worker] INFO  c.s.m.d.s.basic.BasicChannelService  [9e45bc5c-de1a-46aa-bc1f-b0a6bd939f74 | POST | /api/channels/public] - Public channel created: id=ddfd0b19-6aea-4358-bce3-60c1d2ece0b8, name=msg-channel
26-04-06 00:08:10.805 [Test worker] DEBUG org.hibernate.SQL                    [9e45bc5c-de1a-46aa-bc1f-b0a6bd939f74 | POST | /api/channels/public] - 
    select
        m1_0.created_at 
    from
        messages m1_0 
    where
        m1_0.channel_id=? 
    order by
        m1_0.created_at desc 
    fetch
        first 1 rows only
26-04-06 00:08:10.806 [Test worker] TRACE org.hibernate.orm.jdbc.bind          [9e45bc5c-de1a-46aa-bc1f-b0a6bd939f74 | POST | /api/channels/public] - binding parameter (1:UUID) <- [ddfd0b19-6aea-4358-bce3-60c1d2ece0b8]
26-04-06 00:08:10.806 [Test worker] INFO  c.s.m.d.controller.ChannelController [9e45bc5c-de1a-46aa-bc1f-b0a6bd939f74 | POST | /api/channels/public] - Public channel created via API: id=ddfd0b19-6aea-4358-bce3-60c1d2ece0b8
26-04-06 00:08:10.808 [Test worker] DEBUG c.s.m.d.controller.MessageController [3528cbda-fd10-4026-8991-101d6f4336db | POST | /api/messages] - POST /api/messages - create message: channelId=ddfd0b19-6aea-4358-bce3-60c1d2ece0b8
26-04-06 00:08:10.808 [Test worker] DEBUG c.s.m.d.s.basic.BasicMessageService  [3528cbda-fd10-4026-8991-101d6f4336db | POST | /api/messages] - Creating message: channelId=ddfd0b19-6aea-4358-bce3-60c1d2ece0b8, authorId=e2a4d93c-b891-44c7-ab02-174371ceca4c
26-04-06 00:08:10.810 [Test worker] INFO  c.s.m.d.s.basic.BasicMessageService  [3528cbda-fd10-4026-8991-101d6f4336db | POST | /api/messages] - Message created: id=1d9d2542-e645-430b-ae52-511c87638f89, channelId=ddfd0b19-6aea-4358-bce3-60c1d2ece0b8, authorId=e2a4d93c-b891-44c7-ab02-174371ceca4c
26-04-06 00:08:10.810 [Test worker] INFO  c.s.m.d.controller.MessageController [3528cbda-fd10-4026-8991-101d6f4336db | POST | /api/messages] - Message created via API: id=1d9d2542-e645-430b-ae52-511c87638f89
26-04-06 00:08:10.811 [Test worker] DEBUG c.s.m.d.controller.MessageController [d0810822-34ee-4929-9adb-740ef2a3dca4 | DELETE | /api/messages/1d9d2542-e645-430b-ae52-511c87638f89] - DELETE /api/messages/1d9d2542-e645-430b-ae52-511c87638f89
26-04-06 00:08:10.811 [Test worker] DEBUG c.s.m.d.s.basic.BasicMessageService  [d0810822-34ee-4929-9adb-740ef2a3dca4 | DELETE | /api/messages/1d9d2542-e645-430b-ae52-511c87638f89] - Deleting message: id=1d9d2542-e645-430b-ae52-511c87638f89
26-04-06 00:08:10.816 [Test worker] DEBUG org.hibernate.SQL                    [d0810822-34ee-4929-9adb-740ef2a3dca4 | DELETE | /api/messages/1d9d2542-e645-430b-ae52-511c87638f89] - 
    insert 
    into
        users
        (created_at, email, password, profile_id, updated_at, username, id) 
    values
        (?, ?, ?, ?, ?, ?, ?)
26-04-06 00:08:10.817 [Test worker] TRACE org.hibernate.orm.jdbc.bind          [d0810822-34ee-4929-9adb-740ef2a3dca4 | DELETE | /api/messages/1d9d2542-e645-430b-ae52-511c87638f89] - binding parameter (1:TIMESTAMP_UTC) <- [2026-04-05T15:08:10.800702200Z]
26-04-06 00:08:10.817 [Test worker] TRACE org.hibernate.orm.jdbc.bind          [d0810822-34ee-4929-9adb-740ef2a3dca4 | DELETE | /api/messages/1d9d2542-e645-430b-ae52-511c87638f89] - binding parameter (2:VARCHAR) <- [msgauthor@test.com]
26-04-06 00:08:10.817 [Test worker] TRACE org.hibernate.orm.jdbc.bind          [d0810822-34ee-4929-9adb-740ef2a3dca4 | DELETE | /api/messages/1d9d2542-e645-430b-ae52-511c87638f89] - binding parameter (3:VARCHAR) <- [password123]
26-04-06 00:08:10.817 [Test worker] TRACE org.hibernate.orm.jdbc.bind          [d0810822-34ee-4929-9adb-740ef2a3dca4 | DELETE | /api/messages/1d9d2542-e645-430b-ae52-511c87638f89] - binding parameter (4:UUID) <- [null]
26-04-06 00:08:10.817 [Test worker] TRACE org.hibernate.orm.jdbc.bind          [d0810822-34ee-4929-9adb-740ef2a3dca4 | DELETE | /api/messages/1d9d2542-e645-430b-ae52-511c87638f89] - binding parameter (5:TIMESTAMP_UTC) <- [2026-04-05T15:08:10.800702200Z]
26-04-06 00:08:10.817 [Test worker] TRACE org.hibernate.orm.jdbc.bind          [d0810822-34ee-4929-9adb-740ef2a3dca4 | DELETE | /api/messages/1d9d2542-e645-430b-ae52-511c87638f89] - binding parameter (6:VARCHAR) <- [msgauthor]
26-04-06 00:08:10.817 [Test worker] TRACE org.hibernate.orm.jdbc.bind          [d0810822-34ee-4929-9adb-740ef2a3dca4 | DELETE | /api/messages/1d9d2542-e645-430b-ae52-511c87638f89] - binding parameter (7:UUID) <- [e2a4d93c-b891-44c7-ab02-174371ceca4c]
26-04-06 00:08:10.818 [Test worker] DEBUG org.hibernate.SQL                    [d0810822-34ee-4929-9adb-740ef2a3dca4 | DELETE | /api/messages/1d9d2542-e645-430b-ae52-511c87638f89] - 
    insert 
    into
        user_statuses
        (created_at, last_active_at, updated_at, user_id, id) 
    values
        (?, ?, ?, ?, ?)
26-04-06 00:08:10.818 [Test worker] TRACE org.hibernate.orm.jdbc.bind          [d0810822-34ee-4929-9adb-740ef2a3dca4 | DELETE | /api/messages/1d9d2542-e645-430b-ae52-511c87638f89] - binding parameter (1:TIMESTAMP_UTC) <- [2026-04-05T15:08:10.800702200Z]
26-04-06 00:08:10.818 [Test worker] TRACE org.hibernate.orm.jdbc.bind          [d0810822-34ee-4929-9adb-740ef2a3dca4 | DELETE | /api/messages/1d9d2542-e645-430b-ae52-511c87638f89] - binding parameter (2:TIMESTAMP_UTC) <- [2026-04-05T15:08:10.800702200Z]
26-04-06 00:08:10.818 [Test worker] TRACE org.hibernate.orm.jdbc.bind          [d0810822-34ee-4929-9adb-740ef2a3dca4 | DELETE | /api/messages/1d9d2542-e645-430b-ae52-511c87638f89] - binding parameter (3:TIMESTAMP_UTC) <- [2026-04-05T15:08:10.800702200Z]
26-04-06 00:08:10.818 [Test worker] TRACE org.hibernate.orm.jdbc.bind          [d0810822-34ee-4929-9adb-740ef2a3dca4 | DELETE | /api/messages/1d9d2542-e645-430b-ae52-511c87638f89] - binding parameter (4:UUID) <- [e2a4d93c-b891-44c7-ab02-174371ceca4c]
26-04-06 00:08:10.819 [Test worker] TRACE org.hibernate.orm.jdbc.bind          [d0810822-34ee-4929-9adb-740ef2a3dca4 | DELETE | /api/messages/1d9d2542-e645-430b-ae52-511c87638f89] - binding parameter (5:UUID) <- [0aabff25-df2b-483c-b86b-f4c3da763d89]
26-04-06 00:08:10.819 [Test worker] DEBUG org.hibernate.SQL                    [d0810822-34ee-4929-9adb-740ef2a3dca4 | DELETE | /api/messages/1d9d2542-e645-430b-ae52-511c87638f89] - 
    insert 
    into
        channels
        (created_at, description, name, type, updated_at, id) 
    values
        (?, ?, ?, ?, ?, ?)
26-04-06 00:08:10.820 [Test worker] TRACE org.hibernate.orm.jdbc.bind          [d0810822-34ee-4929-9adb-740ef2a3dca4 | DELETE | /api/messages/1d9d2542-e645-430b-ae52-511c87638f89] - binding parameter (1:TIMESTAMP_UTC) <- [2026-04-05T15:08:10.804324800Z]
26-04-06 00:08:10.820 [Test worker] TRACE org.hibernate.orm.jdbc.bind          [d0810822-34ee-4929-9adb-740ef2a3dca4 | DELETE | /api/messages/1d9d2542-e645-430b-ae52-511c87638f89] - binding parameter (2:VARCHAR) <- [desc]
26-04-06 00:08:10.820 [Test worker] TRACE org.hibernate.orm.jdbc.bind          [d0810822-34ee-4929-9adb-740ef2a3dca4 | DELETE | /api/messages/1d9d2542-e645-430b-ae52-511c87638f89] - binding parameter (3:VARCHAR) <- [msg-channel]
26-04-06 00:08:10.820 [Test worker] TRACE org.hibernate.orm.jdbc.bind          [d0810822-34ee-4929-9adb-740ef2a3dca4 | DELETE | /api/messages/1d9d2542-e645-430b-ae52-511c87638f89] - binding parameter (4:ENUM) <- [PUBLIC]
26-04-06 00:08:10.820 [Test worker] TRACE org.hibernate.orm.jdbc.bind          [d0810822-34ee-4929-9adb-740ef2a3dca4 | DELETE | /api/messages/1d9d2542-e645-430b-ae52-511c87638f89] - binding parameter (5:TIMESTAMP_UTC) <- [2026-04-05T15:08:10.804324800Z]
26-04-06 00:08:10.820 [Test worker] TRACE org.hibernate.orm.jdbc.bind          [d0810822-34ee-4929-9adb-740ef2a3dca4 | DELETE | /api/messages/1d9d2542-e645-430b-ae52-511c87638f89] - binding parameter (6:UUID) <- [ddfd0b19-6aea-4358-bce3-60c1d2ece0b8]
26-04-06 00:08:10.821 [Test worker] DEBUG org.hibernate.SQL                    [d0810822-34ee-4929-9adb-740ef2a3dca4 | DELETE | /api/messages/1d9d2542-e645-430b-ae52-511c87638f89] - 
    insert 
    into
        messages
        (author_id, channel_id, content, created_at, updated_at, id) 
    values
        (?, ?, ?, ?, ?, ?)
26-04-06 00:08:10.821 [Test worker] TRACE org.hibernate.orm.jdbc.bind          [d0810822-34ee-4929-9adb-740ef2a3dca4 | DELETE | /api/messages/1d9d2542-e645-430b-ae52-511c87638f89] - binding parameter (1:UUID) <- [e2a4d93c-b891-44c7-ab02-174371ceca4c]
26-04-06 00:08:10.821 [Test worker] TRACE org.hibernate.orm.jdbc.bind          [d0810822-34ee-4929-9adb-740ef2a3dca4 | DELETE | /api/messages/1d9d2542-e645-430b-ae52-511c87638f89] - binding parameter (2:UUID) <- [ddfd0b19-6aea-4358-bce3-60c1d2ece0b8]
26-04-06 00:08:10.821 [Test worker] TRACE org.hibernate.orm.jdbc.bind          [d0810822-34ee-4929-9adb-740ef2a3dca4 | DELETE | /api/messages/1d9d2542-e645-430b-ae52-511c87638f89] - binding parameter (3:VARCHAR) <- [To be deleted]
26-04-06 00:08:10.821 [Test worker] TRACE org.hibernate.orm.jdbc.bind          [d0810822-34ee-4929-9adb-740ef2a3dca4 | DELETE | /api/messages/1d9d2542-e645-430b-ae52-511c87638f89] - binding parameter (4:TIMESTAMP_UTC) <- [2026-04-05T15:08:10.809217500Z]
26-04-06 00:08:10.821 [Test worker] TRACE org.hibernate.orm.jdbc.bind          [d0810822-34ee-4929-9adb-740ef2a3dca4 | DELETE | /api/messages/1d9d2542-e645-430b-ae52-511c87638f89] - binding parameter (5:TIMESTAMP_UTC) <- [2026-04-05T15:08:10.809217500Z]
26-04-06 00:08:10.821 [Test worker] TRACE org.hibernate.orm.jdbc.bind          [d0810822-34ee-4929-9adb-740ef2a3dca4 | DELETE | /api/messages/1d9d2542-e645-430b-ae52-511c87638f89] - binding parameter (6:UUID) <- [1d9d2542-e645-430b-ae52-511c87638f89]
26-04-06 00:08:10.827 [Test worker] DEBUG org.hibernate.SQL                    [d0810822-34ee-4929-9adb-740ef2a3dca4 | DELETE | /api/messages/1d9d2542-e645-430b-ae52-511c87638f89] - 
    select
        count(*) 
    from
        messages m1_0 
    where
        m1_0.id=?
26-04-06 00:08:10.828 [Test worker] TRACE org.hibernate.orm.jdbc.bind          [d0810822-34ee-4929-9adb-740ef2a3dca4 | DELETE | /api/messages/1d9d2542-e645-430b-ae52-511c87638f89] - binding parameter (1:UUID) <- [1d9d2542-e645-430b-ae52-511c87638f89]
26-04-06 00:08:10.829 [Test worker] INFO  c.s.m.d.s.basic.BasicMessageService  [d0810822-34ee-4929-9adb-740ef2a3dca4 | DELETE | /api/messages/1d9d2542-e645-430b-ae52-511c87638f89] - Message deleted: id=1d9d2542-e645-430b-ae52-511c87638f89
26-04-06 00:08:10.838 [Test worker] DEBUG c.s.m.d.controller.UserController    [81b48aa8-e7c4-49c1-b7bd-b3d2a8d102d2 | POST | /api/users] - POST /api/users - create user: username=msgauthor
26-04-06 00:08:10.838 [Test worker] DEBUG c.s.m.d.s.basic.BasicUserService     [81b48aa8-e7c4-49c1-b7bd-b3d2a8d102d2 | POST | /api/users] - Creating user: username=msgauthor, email=msgauthor@test.com
26-04-06 00:08:10.839 [Test worker] DEBUG org.hibernate.SQL                    [81b48aa8-e7c4-49c1-b7bd-b3d2a8d102d2 | POST | /api/users] - 
    select
        u1_0.id 
    from
        users u1_0 
    where
        u1_0.email=? 
    fetch
        first ? rows only
26-04-06 00:08:10.839 [Test worker] TRACE org.hibernate.orm.jdbc.bind          [81b48aa8-e7c4-49c1-b7bd-b3d2a8d102d2 | POST | /api/users] - binding parameter (1:VARCHAR) <- [msgauthor@test.com]
26-04-06 00:08:10.840 [Test worker] TRACE org.hibernate.orm.jdbc.bind          [81b48aa8-e7c4-49c1-b7bd-b3d2a8d102d2 | POST | /api/users] - binding parameter (2:INTEGER) <- [1]
26-04-06 00:08:10.841 [Test worker] DEBUG org.hibernate.SQL                    [81b48aa8-e7c4-49c1-b7bd-b3d2a8d102d2 | POST | /api/users] - 
    select
        u1_0.id 
    from
        users u1_0 
    where
        u1_0.username=? 
    fetch
        first ? rows only
26-04-06 00:08:10.841 [Test worker] TRACE org.hibernate.orm.jdbc.bind          [81b48aa8-e7c4-49c1-b7bd-b3d2a8d102d2 | POST | /api/users] - binding parameter (1:VARCHAR) <- [msgauthor]
26-04-06 00:08:10.841 [Test worker] TRACE org.hibernate.orm.jdbc.bind          [81b48aa8-e7c4-49c1-b7bd-b3d2a8d102d2 | POST | /api/users] - binding parameter (2:INTEGER) <- [1]
26-04-06 00:08:10.842 [Test worker] INFO  c.s.m.d.s.basic.BasicUserService     [81b48aa8-e7c4-49c1-b7bd-b3d2a8d102d2 | POST | /api/users] - User created: id=031360a0-0aa7-457d-b240-2c3ebd81209b, username=msgauthor
26-04-06 00:08:10.842 [Test worker] INFO  c.s.m.d.controller.UserController    [81b48aa8-e7c4-49c1-b7bd-b3d2a8d102d2 | POST | /api/users] - User created via API: id=031360a0-0aa7-457d-b240-2c3ebd81209b
26-04-06 00:08:10.844 [Test worker] DEBUG c.s.m.d.controller.ChannelController [27bfd7d3-fb3c-4b5f-b049-b6ba8f06c206 | POST | /api/channels/public] - POST /api/channels/public - create public channel: name=msg-channel
26-04-06 00:08:10.844 [Test worker] DEBUG c.s.m.d.s.basic.BasicChannelService  [27bfd7d3-fb3c-4b5f-b049-b6ba8f06c206 | POST | /api/channels/public] - Creating public channel: name=msg-channel
26-04-06 00:08:10.845 [Test worker] INFO  c.s.m.d.s.basic.BasicChannelService  [27bfd7d3-fb3c-4b5f-b049-b6ba8f06c206 | POST | /api/channels/public] - Public channel created: id=a87930de-1a0a-4a37-b059-c02471bda68b, name=msg-channel
26-04-06 00:08:10.845 [Test worker] DEBUG org.hibernate.SQL                    [27bfd7d3-fb3c-4b5f-b049-b6ba8f06c206 | POST | /api/channels/public] - 
    select
        m1_0.created_at 
    from
        messages m1_0 
    where
        m1_0.channel_id=? 
    order by
        m1_0.created_at desc 
    fetch
        first 1 rows only
26-04-06 00:08:10.846 [Test worker] TRACE org.hibernate.orm.jdbc.bind          [27bfd7d3-fb3c-4b5f-b049-b6ba8f06c206 | POST | /api/channels/public] - binding parameter (1:UUID) <- [a87930de-1a0a-4a37-b059-c02471bda68b]
26-04-06 00:08:10.846 [Test worker] INFO  c.s.m.d.controller.ChannelController [27bfd7d3-fb3c-4b5f-b049-b6ba8f06c206 | POST | /api/channels/public] - Public channel created via API: id=a87930de-1a0a-4a37-b059-c02471bda68b
26-04-06 00:08:10.848 [Test worker] DEBUG c.s.m.d.controller.MessageController [ebfb8a57-833b-4ac9-81f4-193062eb2443 | POST | /api/messages] - POST /api/messages - create message: channelId=a87930de-1a0a-4a37-b059-c02471bda68b
26-04-06 00:08:10.848 [Test worker] DEBUG c.s.m.d.s.basic.BasicMessageService  [ebfb8a57-833b-4ac9-81f4-193062eb2443 | POST | /api/messages] - Creating message: channelId=a87930de-1a0a-4a37-b059-c02471bda68b, authorId=031360a0-0aa7-457d-b240-2c3ebd81209b
26-04-06 00:08:10.849 [Test worker] INFO  c.s.m.d.s.basic.BasicMessageService  [ebfb8a57-833b-4ac9-81f4-193062eb2443 | POST | /api/messages] - Message created: id=67494132-675b-4b52-851d-f9a82d6f00fa, channelId=a87930de-1a0a-4a37-b059-c02471bda68b, authorId=031360a0-0aa7-457d-b240-2c3ebd81209b
26-04-06 00:08:10.850 [Test worker] INFO  c.s.m.d.controller.MessageController [ebfb8a57-833b-4ac9-81f4-193062eb2443 | POST | /api/messages] - Message created via API: id=67494132-675b-4b52-851d-f9a82d6f00fa
26-04-06 00:08:10.859 [Test worker] DEBUG c.s.m.d.controller.UserController    [6400de14-5f9b-46bd-8ba7-68c1cb8ff514 | POST | /api/users] - POST /api/users - create user: username=msgauthor
26-04-06 00:08:10.860 [Test worker] DEBUG c.s.m.d.s.basic.BasicUserService     [6400de14-5f9b-46bd-8ba7-68c1cb8ff514 | POST | /api/users] - Creating user: username=msgauthor, email=msgauthor@test.com
26-04-06 00:08:10.861 [Test worker] DEBUG org.hibernate.SQL                    [6400de14-5f9b-46bd-8ba7-68c1cb8ff514 | POST | /api/users] - 
    select
        u1_0.id 
    from
        users u1_0 
    where
        u1_0.email=? 
    fetch
        first ? rows only
26-04-06 00:08:10.861 [Test worker] TRACE org.hibernate.orm.jdbc.bind          [6400de14-5f9b-46bd-8ba7-68c1cb8ff514 | POST | /api/users] - binding parameter (1:VARCHAR) <- [msgauthor@test.com]
26-04-06 00:08:10.862 [Test worker] TRACE org.hibernate.orm.jdbc.bind          [6400de14-5f9b-46bd-8ba7-68c1cb8ff514 | POST | /api/users] - binding parameter (2:INTEGER) <- [1]
26-04-06 00:08:10.863 [Test worker] DEBUG org.hibernate.SQL                    [6400de14-5f9b-46bd-8ba7-68c1cb8ff514 | POST | /api/users] - 
    select
        u1_0.id 
    from
        users u1_0 
    where
        u1_0.username=? 
    fetch
        first ? rows only
26-04-06 00:08:10.864 [Test worker] TRACE org.hibernate.orm.jdbc.bind          [6400de14-5f9b-46bd-8ba7-68c1cb8ff514 | POST | /api/users] - binding parameter (1:VARCHAR) <- [msgauthor]
26-04-06 00:08:10.864 [Test worker] TRACE org.hibernate.orm.jdbc.bind          [6400de14-5f9b-46bd-8ba7-68c1cb8ff514 | POST | /api/users] - binding parameter (2:INTEGER) <- [1]
26-04-06 00:08:10.865 [Test worker] INFO  c.s.m.d.s.basic.BasicUserService     [6400de14-5f9b-46bd-8ba7-68c1cb8ff514 | POST | /api/users] - User created: id=a6070794-0816-4df6-87c9-4efa09eeac54, username=msgauthor
26-04-06 00:08:10.865 [Test worker] INFO  c.s.m.d.controller.UserController    [6400de14-5f9b-46bd-8ba7-68c1cb8ff514 | POST | /api/users] - User created via API: id=a6070794-0816-4df6-87c9-4efa09eeac54
26-04-06 00:08:10.868 [Test worker] DEBUG c.s.m.d.controller.ChannelController [4849f8fb-de80-4a38-8eb0-707987c0ac7b | POST | /api/channels/public] - POST /api/channels/public - create public channel: name=msg-channel
26-04-06 00:08:10.868 [Test worker] DEBUG c.s.m.d.s.basic.BasicChannelService  [4849f8fb-de80-4a38-8eb0-707987c0ac7b | POST | /api/channels/public] - Creating public channel: name=msg-channel
26-04-06 00:08:10.868 [Test worker] INFO  c.s.m.d.s.basic.BasicChannelService  [4849f8fb-de80-4a38-8eb0-707987c0ac7b | POST | /api/channels/public] - Public channel created: id=7d05dd98-c14d-46e3-a0ea-37f2b6aeff61, name=msg-channel
26-04-06 00:08:10.869 [Test worker] DEBUG org.hibernate.SQL                    [4849f8fb-de80-4a38-8eb0-707987c0ac7b | POST | /api/channels/public] - 
    select
        m1_0.created_at 
    from
        messages m1_0 
    where
        m1_0.channel_id=? 
    order by
        m1_0.created_at desc 
    fetch
        first 1 rows only
26-04-06 00:08:10.869 [Test worker] TRACE org.hibernate.orm.jdbc.bind          [4849f8fb-de80-4a38-8eb0-707987c0ac7b | POST | /api/channels/public] - binding parameter (1:UUID) <- [7d05dd98-c14d-46e3-a0ea-37f2b6aeff61]
26-04-06 00:08:10.870 [Test worker] INFO  c.s.m.d.controller.ChannelController [4849f8fb-de80-4a38-8eb0-707987c0ac7b | POST | /api/channels/public] - Public channel created via API: id=7d05dd98-c14d-46e3-a0ea-37f2b6aeff61
26-04-06 00:08:10.871 [Test worker] DEBUG c.s.m.d.controller.MessageController [0618d99d-cd9c-4ab6-81fe-c20c8cc5eefa | POST | /api/messages] - POST /api/messages - create message: channelId=7d05dd98-c14d-46e3-a0ea-37f2b6aeff61
26-04-06 00:08:10.872 [Test worker] DEBUG c.s.m.d.s.basic.BasicMessageService  [0618d99d-cd9c-4ab6-81fe-c20c8cc5eefa | POST | /api/messages] - Creating message: channelId=7d05dd98-c14d-46e3-a0ea-37f2b6aeff61, authorId=a6070794-0816-4df6-87c9-4efa09eeac54
26-04-06 00:08:10.874 [Test worker] INFO  c.s.m.d.s.basic.BasicMessageService  [0618d99d-cd9c-4ab6-81fe-c20c8cc5eefa | POST | /api/messages] - Message created: id=64106662-b2fc-446e-bfd9-71fa38ccfb9a, channelId=7d05dd98-c14d-46e3-a0ea-37f2b6aeff61, authorId=a6070794-0816-4df6-87c9-4efa09eeac54
26-04-06 00:08:10.874 [Test worker] INFO  c.s.m.d.controller.MessageController [0618d99d-cd9c-4ab6-81fe-c20c8cc5eefa | POST | /api/messages] - Message created via API: id=64106662-b2fc-446e-bfd9-71fa38ccfb9a
26-04-06 00:08:10.876 [Test worker] DEBUG c.s.m.d.controller.MessageController [8c39f757-3a30-40d8-ab87-918fe83fcdac | POST | /api/messages] - POST /api/messages - create message: channelId=7d05dd98-c14d-46e3-a0ea-37f2b6aeff61
26-04-06 00:08:10.876 [Test worker] DEBUG c.s.m.d.s.basic.BasicMessageService  [8c39f757-3a30-40d8-ab87-918fe83fcdac | POST | /api/messages] - Creating message: channelId=7d05dd98-c14d-46e3-a0ea-37f2b6aeff61, authorId=a6070794-0816-4df6-87c9-4efa09eeac54
26-04-06 00:08:10.877 [Test worker] INFO  c.s.m.d.s.basic.BasicMessageService  [8c39f757-3a30-40d8-ab87-918fe83fcdac | POST | /api/messages] - Message created: id=8b0bd1ed-d878-4edb-98c8-f65458754166, channelId=7d05dd98-c14d-46e3-a0ea-37f2b6aeff61, authorId=a6070794-0816-4df6-87c9-4efa09eeac54
26-04-06 00:08:10.877 [Test worker] INFO  c.s.m.d.controller.MessageController [8c39f757-3a30-40d8-ab87-918fe83fcdac | POST | /api/messages] - Message created via API: id=8b0bd1ed-d878-4edb-98c8-f65458754166
26-04-06 00:08:10.879 [Test worker] DEBUG c.s.m.d.controller.MessageController [4a434093-be87-4e21-81e5-0db75aa279dd | GET | /api/messages] - GET /api/messages?channelId=7d05dd98-c14d-46e3-a0ea-37f2b6aeff61
26-04-06 00:08:10.879 [Test worker] DEBUG c.s.m.d.s.basic.BasicMessageService  [4a434093-be87-4e21-81e5-0db75aa279dd | GET | /api/messages] - Fetching messages: channelId=7d05dd98-c14d-46e3-a0ea-37f2b6aeff61, cursor=null
26-04-06 00:08:10.893 [Test worker] DEBUG org.hibernate.SQL                    [4a434093-be87-4e21-81e5-0db75aa279dd | GET | /api/messages] - 
    insert 
    into
        users
        (created_at, email, password, profile_id, updated_at, username, id) 
    values
        (?, ?, ?, ?, ?, ?, ?)
26-04-06 00:08:10.893 [Test worker] TRACE org.hibernate.orm.jdbc.bind          [4a434093-be87-4e21-81e5-0db75aa279dd | GET | /api/messages] - binding parameter (1:TIMESTAMP_UTC) <- [2026-04-05T15:08:10.865285200Z]
26-04-06 00:08:10.893 [Test worker] TRACE org.hibernate.orm.jdbc.bind          [4a434093-be87-4e21-81e5-0db75aa279dd | GET | /api/messages] - binding parameter (2:VARCHAR) <- [msgauthor@test.com]
26-04-06 00:08:10.893 [Test worker] TRACE org.hibernate.orm.jdbc.bind          [4a434093-be87-4e21-81e5-0db75aa279dd | GET | /api/messages] - binding parameter (3:VARCHAR) <- [password123]
26-04-06 00:08:10.893 [Test worker] TRACE org.hibernate.orm.jdbc.bind          [4a434093-be87-4e21-81e5-0db75aa279dd | GET | /api/messages] - binding parameter (4:UUID) <- [null]
26-04-06 00:08:10.893 [Test worker] TRACE org.hibernate.orm.jdbc.bind          [4a434093-be87-4e21-81e5-0db75aa279dd | GET | /api/messages] - binding parameter (5:TIMESTAMP_UTC) <- [2026-04-05T15:08:10.865285200Z]
26-04-06 00:08:10.894 [Test worker] TRACE org.hibernate.orm.jdbc.bind          [4a434093-be87-4e21-81e5-0db75aa279dd | GET | /api/messages] - binding parameter (6:VARCHAR) <- [msgauthor]
26-04-06 00:08:10.894 [Test worker] TRACE org.hibernate.orm.jdbc.bind          [4a434093-be87-4e21-81e5-0db75aa279dd | GET | /api/messages] - binding parameter (7:UUID) <- [a6070794-0816-4df6-87c9-4efa09eeac54]
26-04-06 00:08:10.894 [Test worker] DEBUG org.hibernate.SQL                    [4a434093-be87-4e21-81e5-0db75aa279dd | GET | /api/messages] - 
    insert 
    into
        user_statuses
        (created_at, last_active_at, updated_at, user_id, id) 
    values
        (?, ?, ?, ?, ?)
26-04-06 00:08:10.894 [Test worker] TRACE org.hibernate.orm.jdbc.bind          [4a434093-be87-4e21-81e5-0db75aa279dd | GET | /api/messages] - binding parameter (1:TIMESTAMP_UTC) <- [2026-04-05T15:08:10.865285200Z]
26-04-06 00:08:10.894 [Test worker] TRACE org.hibernate.orm.jdbc.bind          [4a434093-be87-4e21-81e5-0db75aa279dd | GET | /api/messages] - binding parameter (2:TIMESTAMP_UTC) <- [2026-04-05T15:08:10.864229500Z]
26-04-06 00:08:10.894 [Test worker] TRACE org.hibernate.orm.jdbc.bind          [4a434093-be87-4e21-81e5-0db75aa279dd | GET | /api/messages] - binding parameter (3:TIMESTAMP_UTC) <- [2026-04-05T15:08:10.865285200Z]
26-04-06 00:08:10.894 [Test worker] TRACE org.hibernate.orm.jdbc.bind          [4a434093-be87-4e21-81e5-0db75aa279dd | GET | /api/messages] - binding parameter (4:UUID) <- [a6070794-0816-4df6-87c9-4efa09eeac54]
26-04-06 00:08:10.894 [Test worker] TRACE org.hibernate.orm.jdbc.bind          [4a434093-be87-4e21-81e5-0db75aa279dd | GET | /api/messages] - binding parameter (5:UUID) <- [d2afd423-a58f-4656-b951-d2c3251e74d0]
26-04-06 00:08:10.895 [Test worker] DEBUG org.hibernate.SQL                    [4a434093-be87-4e21-81e5-0db75aa279dd | GET | /api/messages] - 
    insert 
    into
        channels
        (created_at, description, name, type, updated_at, id) 
    values
        (?, ?, ?, ?, ?, ?)
26-04-06 00:08:10.895 [Test worker] TRACE org.hibernate.orm.jdbc.bind          [4a434093-be87-4e21-81e5-0db75aa279dd | GET | /api/messages] - binding parameter (1:TIMESTAMP_UTC) <- [2026-04-05T15:08:10.868288800Z]
26-04-06 00:08:10.895 [Test worker] TRACE org.hibernate.orm.jdbc.bind          [4a434093-be87-4e21-81e5-0db75aa279dd | GET | /api/messages] - binding parameter (2:VARCHAR) <- [desc]
26-04-06 00:08:10.896 [Test worker] TRACE org.hibernate.orm.jdbc.bind          [4a434093-be87-4e21-81e5-0db75aa279dd | GET | /api/messages] - binding parameter (3:VARCHAR) <- [msg-channel]
26-04-06 00:08:10.896 [Test worker] TRACE org.hibernate.orm.jdbc.bind          [4a434093-be87-4e21-81e5-0db75aa279dd | GET | /api/messages] - binding parameter (4:ENUM) <- [PUBLIC]
26-04-06 00:08:10.896 [Test worker] TRACE org.hibernate.orm.jdbc.bind          [4a434093-be87-4e21-81e5-0db75aa279dd | GET | /api/messages] - binding parameter (5:TIMESTAMP_UTC) <- [2026-04-05T15:08:10.868288800Z]
26-04-06 00:08:10.896 [Test worker] TRACE org.hibernate.orm.jdbc.bind          [4a434093-be87-4e21-81e5-0db75aa279dd | GET | /api/messages] - binding parameter (6:UUID) <- [7d05dd98-c14d-46e3-a0ea-37f2b6aeff61]
26-04-06 00:08:10.896 [Test worker] DEBUG org.hibernate.SQL                    [4a434093-be87-4e21-81e5-0db75aa279dd | GET | /api/messages] - 
    insert 
    into
        messages
        (author_id, channel_id, content, created_at, updated_at, id) 
    values
        (?, ?, ?, ?, ?, ?)
26-04-06 00:08:10.896 [Test worker] TRACE org.hibernate.orm.jdbc.bind          [4a434093-be87-4e21-81e5-0db75aa279dd | GET | /api/messages] - binding parameter (1:UUID) <- [a6070794-0816-4df6-87c9-4efa09eeac54]
26-04-06 00:08:10.897 [Test worker] TRACE org.hibernate.orm.jdbc.bind          [4a434093-be87-4e21-81e5-0db75aa279dd | GET | /api/messages] - binding parameter (2:UUID) <- [7d05dd98-c14d-46e3-a0ea-37f2b6aeff61]
26-04-06 00:08:10.897 [Test worker] TRACE org.hibernate.orm.jdbc.bind          [4a434093-be87-4e21-81e5-0db75aa279dd | GET | /api/messages] - binding parameter (3:VARCHAR) <- [msg1]
26-04-06 00:08:10.897 [Test worker] TRACE org.hibernate.orm.jdbc.bind          [4a434093-be87-4e21-81e5-0db75aa279dd | GET | /api/messages] - binding parameter (4:TIMESTAMP_UTC) <- [2026-04-05T15:08:10.874963900Z]
26-04-06 00:08:10.897 [Test worker] TRACE org.hibernate.orm.jdbc.bind          [4a434093-be87-4e21-81e5-0db75aa279dd | GET | /api/messages] - binding parameter (5:TIMESTAMP_UTC) <- [2026-04-05T15:08:10.874963900Z]
26-04-06 00:08:10.897 [Test worker] TRACE org.hibernate.orm.jdbc.bind          [4a434093-be87-4e21-81e5-0db75aa279dd | GET | /api/messages] - binding parameter (6:UUID) <- [64106662-b2fc-446e-bfd9-71fa38ccfb9a]
26-04-06 00:08:10.897 [Test worker] DEBUG org.hibernate.SQL                    [4a434093-be87-4e21-81e5-0db75aa279dd | GET | /api/messages] - 
    insert 
    into
        messages
        (author_id, channel_id, content, created_at, updated_at, id) 
    values
        (?, ?, ?, ?, ?, ?)
26-04-06 00:08:10.898 [Test worker] TRACE org.hibernate.orm.jdbc.bind          [4a434093-be87-4e21-81e5-0db75aa279dd | GET | /api/messages] - binding parameter (1:UUID) <- [a6070794-0816-4df6-87c9-4efa09eeac54]
26-04-06 00:08:10.898 [Test worker] TRACE org.hibernate.orm.jdbc.bind          [4a434093-be87-4e21-81e5-0db75aa279dd | GET | /api/messages] - binding parameter (2:UUID) <- [7d05dd98-c14d-46e3-a0ea-37f2b6aeff61]
26-04-06 00:08:10.898 [Test worker] TRACE org.hibernate.orm.jdbc.bind          [4a434093-be87-4e21-81e5-0db75aa279dd | GET | /api/messages] - binding parameter (3:VARCHAR) <- [msg2]
26-04-06 00:08:10.898 [Test worker] TRACE org.hibernate.orm.jdbc.bind          [4a434093-be87-4e21-81e5-0db75aa279dd | GET | /api/messages] - binding parameter (4:TIMESTAMP_UTC) <- [2026-04-05T15:08:10.877965400Z]
26-04-06 00:08:10.898 [Test worker] TRACE org.hibernate.orm.jdbc.bind          [4a434093-be87-4e21-81e5-0db75aa279dd | GET | /api/messages] - binding parameter (5:TIMESTAMP_UTC) <- [2026-04-05T15:08:10.877965400Z]
26-04-06 00:08:10.898 [Test worker] TRACE org.hibernate.orm.jdbc.bind          [4a434093-be87-4e21-81e5-0db75aa279dd | GET | /api/messages] - binding parameter (6:UUID) <- [8b0bd1ed-d878-4edb-98c8-f65458754166]
26-04-06 00:08:10.899 [Test worker] DEBUG org.hibernate.SQL                    [4a434093-be87-4e21-81e5-0db75aa279dd | GET | /api/messages] - 
    select
        m1_0.id,
        a1_0.id,
        a1_0.created_at,
        a1_0.email,
        a1_0.password,
        p1_0.id,
        p1_0.content_type,
        p1_0.created_at,
        p1_0.file_name,
        p1_0.size,
        s1_0.id,
        s1_0.created_at,
        s1_0.last_active_at,
        s1_0.updated_at,
        s1_0.user_id,
        a1_0.updated_at,
        a1_0.username,
        m1_0.channel_id,
        m1_0.content,
        m1_0.created_at,
        m1_0.updated_at 
    from
        messages m1_0 
    left join
        users a1_0 
            on a1_0.id=m1_0.author_id 
    join
        user_statuses s1_0 
            on a1_0.id=s1_0.user_id 
    left join
        binary_contents p1_0 
            on p1_0.id=a1_0.profile_id 
    where
        m1_0.channel_id=? 
        and m1_0.created_at<? 
    order by
        m1_0.created_at desc 
    fetch
        first ? rows only
26-04-06 00:08:10.901 [Test worker] TRACE org.hibernate.orm.jdbc.bind          [4a434093-be87-4e21-81e5-0db75aa279dd | GET | /api/messages] - binding parameter (1:UUID) <- [7d05dd98-c14d-46e3-a0ea-37f2b6aeff61]
26-04-06 00:08:10.901 [Test worker] TRACE org.hibernate.orm.jdbc.bind          [4a434093-be87-4e21-81e5-0db75aa279dd | GET | /api/messages] - binding parameter (2:TIMESTAMP_UTC) <- [2026-04-05T15:08:10.879963500Z]
26-04-06 00:08:10.901 [Test worker] TRACE org.hibernate.orm.jdbc.bind          [4a434093-be87-4e21-81e5-0db75aa279dd | GET | /api/messages] - binding parameter (3:INTEGER) <- [51]
26-04-06 00:08:10.917 [Test worker] INFO  o.s.t.c.s.AnnotationConfigContextLoaderUtils [- | - | -] - Could not detect default configuration classes for test class [com.sprint.mission.discodeit.integration.UserIntegrationTest]: UserIntegrationTest does not declare any static, non-private, non-final, nested classes annotated with @Configuration.
26-04-06 00:08:10.919 [Test worker] INFO  o.s.b.t.c.SpringBootTestContextBootstrapper [- | - | -] - Found @SpringBootConfiguration com.sprint.mission.discodeit.DiscodeitApplication for test class com.sprint.mission.discodeit.integration.UserIntegrationTest
26-04-06 00:08:10.924 [Test worker] DEBUG c.s.m.d.controller.UserController    [87a00b61-ed3e-4001-8e1b-cd791afc9537 | POST | /api/users] - POST /api/users - create user: username=deleteuser
26-04-06 00:08:10.924 [Test worker] DEBUG c.s.m.d.s.basic.BasicUserService     [87a00b61-ed3e-4001-8e1b-cd791afc9537 | POST | /api/users] - Creating user: username=deleteuser, email=delete@test.com
26-04-06 00:08:10.925 [Test worker] DEBUG org.hibernate.SQL                    [87a00b61-ed3e-4001-8e1b-cd791afc9537 | POST | /api/users] - 
    select
        u1_0.id 
    from
        users u1_0 
    where
        u1_0.email=? 
    fetch
        first ? rows only
26-04-06 00:08:10.926 [Test worker] TRACE org.hibernate.orm.jdbc.bind          [87a00b61-ed3e-4001-8e1b-cd791afc9537 | POST | /api/users] - binding parameter (1:VARCHAR) <- [delete@test.com]
26-04-06 00:08:10.926 [Test worker] TRACE org.hibernate.orm.jdbc.bind          [87a00b61-ed3e-4001-8e1b-cd791afc9537 | POST | /api/users] - binding parameter (2:INTEGER) <- [1]
26-04-06 00:08:10.929 [Test worker] DEBUG org.hibernate.SQL                    [87a00b61-ed3e-4001-8e1b-cd791afc9537 | POST | /api/users] - 
    select
        u1_0.id 
    from
        users u1_0 
    where
        u1_0.username=? 
    fetch
        first ? rows only
26-04-06 00:08:10.929 [Test worker] TRACE org.hibernate.orm.jdbc.bind          [87a00b61-ed3e-4001-8e1b-cd791afc9537 | POST | /api/users] - binding parameter (1:VARCHAR) <- [deleteuser]
26-04-06 00:08:10.929 [Test worker] TRACE org.hibernate.orm.jdbc.bind          [87a00b61-ed3e-4001-8e1b-cd791afc9537 | POST | /api/users] - binding parameter (2:INTEGER) <- [1]
26-04-06 00:08:10.930 [Test worker] INFO  c.s.m.d.s.basic.BasicUserService     [87a00b61-ed3e-4001-8e1b-cd791afc9537 | POST | /api/users] - User created: id=fe41418d-0e6d-4c52-b9fb-64aa483a439a, username=deleteuser
26-04-06 00:08:10.930 [Test worker] INFO  c.s.m.d.controller.UserController    [87a00b61-ed3e-4001-8e1b-cd791afc9537 | POST | /api/users] - User created via API: id=fe41418d-0e6d-4c52-b9fb-64aa483a439a
26-04-06 00:08:10.932 [Test worker] DEBUG c.s.m.d.controller.UserController    [c22ac70b-79c0-4ed7-b2f5-a4e34d658828 | DELETE | /api/users/fe41418d-0e6d-4c52-b9fb-64aa483a439a] - DELETE /api/users/fe41418d-0e6d-4c52-b9fb-64aa483a439a
26-04-06 00:08:10.932 [Test worker] DEBUG c.s.m.d.s.basic.BasicUserService     [c22ac70b-79c0-4ed7-b2f5-a4e34d658828 | DELETE | /api/users/fe41418d-0e6d-4c52-b9fb-64aa483a439a] - Deleting user: id=fe41418d-0e6d-4c52-b9fb-64aa483a439a
26-04-06 00:08:10.934 [Test worker] DEBUG org.hibernate.SQL                    [c22ac70b-79c0-4ed7-b2f5-a4e34d658828 | DELETE | /api/users/fe41418d-0e6d-4c52-b9fb-64aa483a439a] - 
    insert 
    into
        users
        (created_at, email, password, profile_id, updated_at, username, id) 
    values
        (?, ?, ?, ?, ?, ?, ?)
26-04-06 00:08:10.935 [Test worker] TRACE org.hibernate.orm.jdbc.bind          [c22ac70b-79c0-4ed7-b2f5-a4e34d658828 | DELETE | /api/users/fe41418d-0e6d-4c52-b9fb-64aa483a439a] - binding parameter (1:TIMESTAMP_UTC) <- [2026-04-05T15:08:10.930309800Z]
26-04-06 00:08:10.935 [Test worker] TRACE org.hibernate.orm.jdbc.bind          [c22ac70b-79c0-4ed7-b2f5-a4e34d658828 | DELETE | /api/users/fe41418d-0e6d-4c52-b9fb-64aa483a439a] - binding parameter (2:VARCHAR) <- [delete@test.com]
26-04-06 00:08:10.935 [Test worker] TRACE org.hibernate.orm.jdbc.bind          [c22ac70b-79c0-4ed7-b2f5-a4e34d658828 | DELETE | /api/users/fe41418d-0e6d-4c52-b9fb-64aa483a439a] - binding parameter (3:VARCHAR) <- [password123]
26-04-06 00:08:10.935 [Test worker] TRACE org.hibernate.orm.jdbc.bind          [c22ac70b-79c0-4ed7-b2f5-a4e34d658828 | DELETE | /api/users/fe41418d-0e6d-4c52-b9fb-64aa483a439a] - binding parameter (4:UUID) <- [null]
26-04-06 00:08:10.935 [Test worker] TRACE org.hibernate.orm.jdbc.bind          [c22ac70b-79c0-4ed7-b2f5-a4e34d658828 | DELETE | /api/users/fe41418d-0e6d-4c52-b9fb-64aa483a439a] - binding parameter (5:TIMESTAMP_UTC) <- [2026-04-05T15:08:10.930309800Z]
26-04-06 00:08:10.935 [Test worker] TRACE org.hibernate.orm.jdbc.bind          [c22ac70b-79c0-4ed7-b2f5-a4e34d658828 | DELETE | /api/users/fe41418d-0e6d-4c52-b9fb-64aa483a439a] - binding parameter (6:VARCHAR) <- [deleteuser]
26-04-06 00:08:10.935 [Test worker] TRACE org.hibernate.orm.jdbc.bind          [c22ac70b-79c0-4ed7-b2f5-a4e34d658828 | DELETE | /api/users/fe41418d-0e6d-4c52-b9fb-64aa483a439a] - binding parameter (7:UUID) <- [fe41418d-0e6d-4c52-b9fb-64aa483a439a]
26-04-06 00:08:10.935 [Test worker] DEBUG org.hibernate.SQL                    [c22ac70b-79c0-4ed7-b2f5-a4e34d658828 | DELETE | /api/users/fe41418d-0e6d-4c52-b9fb-64aa483a439a] - 
    insert 
    into
        user_statuses
        (created_at, last_active_at, updated_at, user_id, id) 
    values
        (?, ?, ?, ?, ?)
26-04-06 00:08:10.936 [Test worker] TRACE org.hibernate.orm.jdbc.bind          [c22ac70b-79c0-4ed7-b2f5-a4e34d658828 | DELETE | /api/users/fe41418d-0e6d-4c52-b9fb-64aa483a439a] - binding parameter (1:TIMESTAMP_UTC) <- [2026-04-05T15:08:10.930309800Z]
26-04-06 00:08:10.936 [Test worker] TRACE org.hibernate.orm.jdbc.bind          [c22ac70b-79c0-4ed7-b2f5-a4e34d658828 | DELETE | /api/users/fe41418d-0e6d-4c52-b9fb-64aa483a439a] - binding parameter (2:TIMESTAMP_UTC) <- [2026-04-05T15:08:10.929305Z]
26-04-06 00:08:10.936 [Test worker] TRACE org.hibernate.orm.jdbc.bind          [c22ac70b-79c0-4ed7-b2f5-a4e34d658828 | DELETE | /api/users/fe41418d-0e6d-4c52-b9fb-64aa483a439a] - binding parameter (3:TIMESTAMP_UTC) <- [2026-04-05T15:08:10.930309800Z]
26-04-06 00:08:10.936 [Test worker] TRACE org.hibernate.orm.jdbc.bind          [c22ac70b-79c0-4ed7-b2f5-a4e34d658828 | DELETE | /api/users/fe41418d-0e6d-4c52-b9fb-64aa483a439a] - binding parameter (4:UUID) <- [fe41418d-0e6d-4c52-b9fb-64aa483a439a]
26-04-06 00:08:10.936 [Test worker] TRACE org.hibernate.orm.jdbc.bind          [c22ac70b-79c0-4ed7-b2f5-a4e34d658828 | DELETE | /api/users/fe41418d-0e6d-4c52-b9fb-64aa483a439a] - binding parameter (5:UUID) <- [00bc48e1-69f7-4966-bb08-d13ce13a6689]
26-04-06 00:08:10.936 [Test worker] DEBUG org.hibernate.SQL                    [c22ac70b-79c0-4ed7-b2f5-a4e34d658828 | DELETE | /api/users/fe41418d-0e6d-4c52-b9fb-64aa483a439a] - 
    select
        count(*) 
    from
        users u1_0 
    where
        u1_0.id=?
26-04-06 00:08:10.937 [Test worker] TRACE org.hibernate.orm.jdbc.bind          [c22ac70b-79c0-4ed7-b2f5-a4e34d658828 | DELETE | /api/users/fe41418d-0e6d-4c52-b9fb-64aa483a439a] - binding parameter (1:UUID) <- [fe41418d-0e6d-4c52-b9fb-64aa483a439a]
26-04-06 00:08:10.938 [Test worker] INFO  c.s.m.d.s.basic.BasicUserService     [c22ac70b-79c0-4ed7-b2f5-a4e34d658828 | DELETE | /api/users/fe41418d-0e6d-4c52-b9fb-64aa483a439a] - User deleted: id=fe41418d-0e6d-4c52-b9fb-64aa483a439a
26-04-06 00:08:10.942 [Test worker] DEBUG org.hibernate.SQL                    [- | - | -] - 
    delete 
    from
        user_statuses 
    where
        id=?
26-04-06 00:08:10.942 [Test worker] TRACE org.hibernate.orm.jdbc.bind          [- | - | -] - binding parameter (1:UUID) <- [00bc48e1-69f7-4966-bb08-d13ce13a6689]
26-04-06 00:08:10.946 [Test worker] DEBUG org.hibernate.SQL                    [- | - | -] - 
    delete 
    from
        users 
    where
        id=?
26-04-06 00:08:10.946 [Test worker] TRACE org.hibernate.orm.jdbc.bind          [- | - | -] - binding parameter (1:UUID) <- [fe41418d-0e6d-4c52-b9fb-64aa483a439a]
26-04-06 00:08:10.947 [Test worker] DEBUG org.hibernate.SQL                    [- | - | -] - 
    select
        count(*) 
    from
        users u1_0 
    where
        u1_0.id=?
26-04-06 00:08:10.947 [Test worker] TRACE org.hibernate.orm.jdbc.bind          [- | - | -] - binding parameter (1:UUID) <- [fe41418d-0e6d-4c52-b9fb-64aa483a439a]
26-04-06 00:08:11.074 [Test worker] DEBUG c.s.m.d.controller.UserController    [d2042e4a-7937-43d8-a0be-7e007e1d3a34 | POST | /api/users] - POST /api/users - create user: username=listuser
26-04-06 00:08:11.075 [Test worker] DEBUG c.s.m.d.s.basic.BasicUserService     [d2042e4a-7937-43d8-a0be-7e007e1d3a34 | POST | /api/users] - Creating user: username=listuser, email=list@test.com
26-04-06 00:08:11.076 [Test worker] DEBUG org.hibernate.SQL                    [d2042e4a-7937-43d8-a0be-7e007e1d3a34 | POST | /api/users] - 
    select
        u1_0.id 
    from
        users u1_0 
    where
        u1_0.email=? 
    fetch
        first ? rows only
26-04-06 00:08:11.076 [Test worker] TRACE org.hibernate.orm.jdbc.bind          [d2042e4a-7937-43d8-a0be-7e007e1d3a34 | POST | /api/users] - binding parameter (1:VARCHAR) <- [list@test.com]
26-04-06 00:08:11.076 [Test worker] TRACE org.hibernate.orm.jdbc.bind          [d2042e4a-7937-43d8-a0be-7e007e1d3a34 | POST | /api/users] - binding parameter (2:INTEGER) <- [1]
26-04-06 00:08:11.077 [Test worker] DEBUG org.hibernate.SQL                    [d2042e4a-7937-43d8-a0be-7e007e1d3a34 | POST | /api/users] - 
    select
        u1_0.id 
    from
        users u1_0 
    where
        u1_0.username=? 
    fetch
        first ? rows only
26-04-06 00:08:11.077 [Test worker] TRACE org.hibernate.orm.jdbc.bind          [d2042e4a-7937-43d8-a0be-7e007e1d3a34 | POST | /api/users] - binding parameter (1:VARCHAR) <- [listuser]
26-04-06 00:08:11.077 [Test worker] TRACE org.hibernate.orm.jdbc.bind          [d2042e4a-7937-43d8-a0be-7e007e1d3a34 | POST | /api/users] - binding parameter (2:INTEGER) <- [1]
26-04-06 00:08:11.078 [Test worker] INFO  c.s.m.d.s.basic.BasicUserService     [d2042e4a-7937-43d8-a0be-7e007e1d3a34 | POST | /api/users] - User created: id=887f3e30-986f-4dc5-9c49-df53776c1b81, username=listuser
26-04-06 00:08:11.078 [Test worker] INFO  c.s.m.d.controller.UserController    [d2042e4a-7937-43d8-a0be-7e007e1d3a34 | POST | /api/users] - User created via API: id=887f3e30-986f-4dc5-9c49-df53776c1b81
26-04-06 00:08:11.080 [Test worker] DEBUG c.s.m.d.controller.UserController    [d19c36b6-3823-4630-9979-3dd8962df02a | GET | /api/users] - GET /api/users - findAll
26-04-06 00:08:11.080 [Test worker] DEBUG c.s.m.d.s.basic.BasicUserService     [d19c36b6-3823-4630-9979-3dd8962df02a | GET | /api/users] - Fetching all users
26-04-06 00:08:11.081 [Test worker] DEBUG org.hibernate.SQL                    [d19c36b6-3823-4630-9979-3dd8962df02a | GET | /api/users] - 
    insert 
    into
        users
        (created_at, email, password, profile_id, updated_at, username, id) 
    values
        (?, ?, ?, ?, ?, ?, ?)
26-04-06 00:08:11.081 [Test worker] TRACE org.hibernate.orm.jdbc.bind          [d19c36b6-3823-4630-9979-3dd8962df02a | GET | /api/users] - binding parameter (1:TIMESTAMP_UTC) <- [2026-04-05T15:08:11.078139200Z]
26-04-06 00:08:11.081 [Test worker] TRACE org.hibernate.orm.jdbc.bind          [d19c36b6-3823-4630-9979-3dd8962df02a | GET | /api/users] - binding parameter (2:VARCHAR) <- [list@test.com]
26-04-06 00:08:11.081 [Test worker] TRACE org.hibernate.orm.jdbc.bind          [d19c36b6-3823-4630-9979-3dd8962df02a | GET | /api/users] - binding parameter (3:VARCHAR) <- [password123]
26-04-06 00:08:11.082 [Test worker] TRACE org.hibernate.orm.jdbc.bind          [d19c36b6-3823-4630-9979-3dd8962df02a | GET | /api/users] - binding parameter (4:UUID) <- [null]
26-04-06 00:08:11.082 [Test worker] TRACE org.hibernate.orm.jdbc.bind          [d19c36b6-3823-4630-9979-3dd8962df02a | GET | /api/users] - binding parameter (5:TIMESTAMP_UTC) <- [2026-04-05T15:08:11.078139200Z]
26-04-06 00:08:11.082 [Test worker] TRACE org.hibernate.orm.jdbc.bind          [d19c36b6-3823-4630-9979-3dd8962df02a | GET | /api/users] - binding parameter (6:VARCHAR) <- [listuser]
26-04-06 00:08:11.082 [Test worker] TRACE org.hibernate.orm.jdbc.bind          [d19c36b6-3823-4630-9979-3dd8962df02a | GET | /api/users] - binding parameter (7:UUID) <- [887f3e30-986f-4dc5-9c49-df53776c1b81]
26-04-06 00:08:11.083 [Test worker] DEBUG org.hibernate.SQL                    [d19c36b6-3823-4630-9979-3dd8962df02a | GET | /api/users] - 
    insert 
    into
        user_statuses
        (created_at, last_active_at, updated_at, user_id, id) 
    values
        (?, ?, ?, ?, ?)
26-04-06 00:08:11.083 [Test worker] TRACE org.hibernate.orm.jdbc.bind          [d19c36b6-3823-4630-9979-3dd8962df02a | GET | /api/users] - binding parameter (1:TIMESTAMP_UTC) <- [2026-04-05T15:08:11.078139200Z]
26-04-06 00:08:11.083 [Test worker] TRACE org.hibernate.orm.jdbc.bind          [d19c36b6-3823-4630-9979-3dd8962df02a | GET | /api/users] - binding parameter (2:TIMESTAMP_UTC) <- [2026-04-05T15:08:11.077139600Z]
26-04-06 00:08:11.083 [Test worker] TRACE org.hibernate.orm.jdbc.bind          [d19c36b6-3823-4630-9979-3dd8962df02a | GET | /api/users] - binding parameter (3:TIMESTAMP_UTC) <- [2026-04-05T15:08:11.078139200Z]
26-04-06 00:08:11.083 [Test worker] TRACE org.hibernate.orm.jdbc.bind          [d19c36b6-3823-4630-9979-3dd8962df02a | GET | /api/users] - binding parameter (4:UUID) <- [887f3e30-986f-4dc5-9c49-df53776c1b81]
26-04-06 00:08:11.083 [Test worker] TRACE org.hibernate.orm.jdbc.bind          [d19c36b6-3823-4630-9979-3dd8962df02a | GET | /api/users] - binding parameter (5:UUID) <- [3d027445-e7a2-468e-914d-62f355f828cf]
26-04-06 00:08:11.083 [Test worker] DEBUG org.hibernate.SQL                    [d19c36b6-3823-4630-9979-3dd8962df02a | GET | /api/users] - 
    select
        u1_0.id,
        u1_0.created_at,
        u1_0.email,
        u1_0.password,
        p1_0.id,
        p1_0.content_type,
        p1_0.created_at,
        p1_0.file_name,
        p1_0.size,
        s1_0.id,
        s1_0.created_at,
        s1_0.last_active_at,
        s1_0.updated_at,
        s1_0.user_id,
        u1_0.updated_at,
        u1_0.username 
    from
        users u1_0 
    left join
        binary_contents p1_0 
            on p1_0.id=u1_0.profile_id 
    join
        user_statuses s1_0 
            on u1_0.id=s1_0.user_id
26-04-06 00:08:11.092 [Test worker] DEBUG c.s.m.d.controller.UserController    [f2ba8433-83b9-49af-bdd2-f3526707033a | POST | /api/users] - POST /api/users - create user: username=user1
26-04-06 00:08:11.093 [Test worker] DEBUG c.s.m.d.s.basic.BasicUserService     [f2ba8433-83b9-49af-bdd2-f3526707033a | POST | /api/users] - Creating user: username=user1, email=dup@test.com
26-04-06 00:08:11.094 [Test worker] DEBUG org.hibernate.SQL                    [f2ba8433-83b9-49af-bdd2-f3526707033a | POST | /api/users] - 
    select
        u1_0.id 
    from
        users u1_0 
    where
        u1_0.email=? 
    fetch
        first ? rows only
26-04-06 00:08:11.094 [Test worker] TRACE org.hibernate.orm.jdbc.bind          [f2ba8433-83b9-49af-bdd2-f3526707033a | POST | /api/users] - binding parameter (1:VARCHAR) <- [dup@test.com]
26-04-06 00:08:11.094 [Test worker] TRACE org.hibernate.orm.jdbc.bind          [f2ba8433-83b9-49af-bdd2-f3526707033a | POST | /api/users] - binding parameter (2:INTEGER) <- [1]
26-04-06 00:08:11.102 [Test worker] DEBUG org.hibernate.SQL                    [f2ba8433-83b9-49af-bdd2-f3526707033a | POST | /api/users] - 
    select
        u1_0.id 
    from
        users u1_0 
    where
        u1_0.username=? 
    fetch
        first ? rows only
26-04-06 00:08:11.104 [Test worker] TRACE org.hibernate.orm.jdbc.bind          [f2ba8433-83b9-49af-bdd2-f3526707033a | POST | /api/users] - binding parameter (1:VARCHAR) <- [user1]
26-04-06 00:08:11.104 [Test worker] TRACE org.hibernate.orm.jdbc.bind          [f2ba8433-83b9-49af-bdd2-f3526707033a | POST | /api/users] - binding parameter (2:INTEGER) <- [1]
26-04-06 00:08:11.107 [Test worker] INFO  c.s.m.d.s.basic.BasicUserService     [f2ba8433-83b9-49af-bdd2-f3526707033a | POST | /api/users] - User created: id=d2f0ac5f-762c-450d-84ca-2b270ed89445, username=user1
26-04-06 00:08:11.107 [Test worker] INFO  c.s.m.d.controller.UserController    [f2ba8433-83b9-49af-bdd2-f3526707033a | POST | /api/users] - User created via API: id=d2f0ac5f-762c-450d-84ca-2b270ed89445
26-04-06 00:08:11.110 [Test worker] DEBUG c.s.m.d.controller.UserController    [b66fa9bc-f09c-4254-afd1-f417659ab42c | POST | /api/users] - POST /api/users - create user: username=user2
26-04-06 00:08:11.110 [Test worker] DEBUG c.s.m.d.s.basic.BasicUserService     [b66fa9bc-f09c-4254-afd1-f417659ab42c | POST | /api/users] - Creating user: username=user2, email=dup@test.com
26-04-06 00:08:11.111 [Test worker] DEBUG org.hibernate.SQL                    [b66fa9bc-f09c-4254-afd1-f417659ab42c | POST | /api/users] - 
    insert 
    into
        users
        (created_at, email, password, profile_id, updated_at, username, id) 
    values
        (?, ?, ?, ?, ?, ?, ?)
26-04-06 00:08:11.112 [Test worker] TRACE org.hibernate.orm.jdbc.bind          [b66fa9bc-f09c-4254-afd1-f417659ab42c | POST | /api/users] - binding parameter (1:TIMESTAMP_UTC) <- [2026-04-05T15:08:11.106291Z]
26-04-06 00:08:11.112 [Test worker] TRACE org.hibernate.orm.jdbc.bind          [b66fa9bc-f09c-4254-afd1-f417659ab42c | POST | /api/users] - binding parameter (2:VARCHAR) <- [dup@test.com]
26-04-06 00:08:11.112 [Test worker] TRACE org.hibernate.orm.jdbc.bind          [b66fa9bc-f09c-4254-afd1-f417659ab42c | POST | /api/users] - binding parameter (3:VARCHAR) <- [password123]
26-04-06 00:08:11.112 [Test worker] TRACE org.hibernate.orm.jdbc.bind          [b66fa9bc-f09c-4254-afd1-f417659ab42c | POST | /api/users] - binding parameter (4:UUID) <- [null]
26-04-06 00:08:11.112 [Test worker] TRACE org.hibernate.orm.jdbc.bind          [b66fa9bc-f09c-4254-afd1-f417659ab42c | POST | /api/users] - binding parameter (5:TIMESTAMP_UTC) <- [2026-04-05T15:08:11.106291Z]
26-04-06 00:08:11.112 [Test worker] TRACE org.hibernate.orm.jdbc.bind          [b66fa9bc-f09c-4254-afd1-f417659ab42c | POST | /api/users] - binding parameter (6:VARCHAR) <- [user1]
26-04-06 00:08:11.112 [Test worker] TRACE org.hibernate.orm.jdbc.bind          [b66fa9bc-f09c-4254-afd1-f417659ab42c | POST | /api/users] - binding parameter (7:UUID) <- [d2f0ac5f-762c-450d-84ca-2b270ed89445]
26-04-06 00:08:11.113 [Test worker] DEBUG org.hibernate.SQL                    [b66fa9bc-f09c-4254-afd1-f417659ab42c | POST | /api/users] - 
    insert 
    into
        user_statuses
        (created_at, last_active_at, updated_at, user_id, id) 
    values
        (?, ?, ?, ?, ?)
26-04-06 00:08:11.114 [Test worker] TRACE org.hibernate.orm.jdbc.bind          [b66fa9bc-f09c-4254-afd1-f417659ab42c | POST | /api/users] - binding parameter (1:TIMESTAMP_UTC) <- [2026-04-05T15:08:11.106291Z]
26-04-06 00:08:11.114 [Test worker] TRACE org.hibernate.orm.jdbc.bind          [b66fa9bc-f09c-4254-afd1-f417659ab42c | POST | /api/users] - binding parameter (2:TIMESTAMP_UTC) <- [2026-04-05T15:08:11.105290Z]
26-04-06 00:08:11.114 [Test worker] TRACE org.hibernate.orm.jdbc.bind          [b66fa9bc-f09c-4254-afd1-f417659ab42c | POST | /api/users] - binding parameter (3:TIMESTAMP_UTC) <- [2026-04-05T15:08:11.106291Z]
26-04-06 00:08:11.114 [Test worker] TRACE org.hibernate.orm.jdbc.bind          [b66fa9bc-f09c-4254-afd1-f417659ab42c | POST | /api/users] - binding parameter (4:UUID) <- [d2f0ac5f-762c-450d-84ca-2b270ed89445]
26-04-06 00:08:11.114 [Test worker] TRACE org.hibernate.orm.jdbc.bind          [b66fa9bc-f09c-4254-afd1-f417659ab42c | POST | /api/users] - binding parameter (5:UUID) <- [12ab75d4-0596-4f75-a7ad-621c11f349b9]
26-04-06 00:08:11.114 [Test worker] DEBUG org.hibernate.SQL                    [b66fa9bc-f09c-4254-afd1-f417659ab42c | POST | /api/users] - 
    select
        u1_0.id 
    from
        users u1_0 
    where
        u1_0.email=? 
    fetch
        first ? rows only
26-04-06 00:08:11.114 [Test worker] TRACE org.hibernate.orm.jdbc.bind          [b66fa9bc-f09c-4254-afd1-f417659ab42c | POST | /api/users] - binding parameter (1:VARCHAR) <- [dup@test.com]
26-04-06 00:08:11.115 [Test worker] TRACE org.hibernate.orm.jdbc.bind          [b66fa9bc-f09c-4254-afd1-f417659ab42c | POST | /api/users] - binding parameter (2:INTEGER) <- [1]
26-04-06 00:08:11.117 [Test worker] WARN  c.s.m.d.e.GlobalExceptionHandler     [b66fa9bc-f09c-4254-afd1-f417659ab42c | POST | /api/users] - DiscodeitException [DUPLICATE_EMAIL]: Email already exists, details={email=dup@test.com}
26-04-06 00:08:11.128 [Test worker] DEBUG c.s.m.d.controller.UserController    [2c0e8868-9610-4bea-8402-035c6f39f7d0 | POST | /api/users] - POST /api/users - create user: username=integrationuser
26-04-06 00:08:11.128 [Test worker] DEBUG c.s.m.d.s.basic.BasicUserService     [2c0e8868-9610-4bea-8402-035c6f39f7d0 | POST | /api/users] - Creating user: username=integrationuser, email=integration@test.com
26-04-06 00:08:11.129 [Test worker] DEBUG org.hibernate.SQL                    [2c0e8868-9610-4bea-8402-035c6f39f7d0 | POST | /api/users] - 
    select
        u1_0.id 
    from
        users u1_0 
    where
        u1_0.email=? 
    fetch
        first ? rows only
26-04-06 00:08:11.129 [Test worker] TRACE org.hibernate.orm.jdbc.bind          [2c0e8868-9610-4bea-8402-035c6f39f7d0 | POST | /api/users] - binding parameter (1:VARCHAR) <- [integration@test.com]
26-04-06 00:08:11.129 [Test worker] TRACE org.hibernate.orm.jdbc.bind          [2c0e8868-9610-4bea-8402-035c6f39f7d0 | POST | /api/users] - binding parameter (2:INTEGER) <- [1]
26-04-06 00:08:11.130 [Test worker] DEBUG org.hibernate.SQL                    [2c0e8868-9610-4bea-8402-035c6f39f7d0 | POST | /api/users] - 
    select
        u1_0.id 
    from
        users u1_0 
    where
        u1_0.username=? 
    fetch
        first ? rows only
26-04-06 00:08:11.131 [Test worker] TRACE org.hibernate.orm.jdbc.bind          [2c0e8868-9610-4bea-8402-035c6f39f7d0 | POST | /api/users] - binding parameter (1:VARCHAR) <- [integrationuser]
26-04-06 00:08:11.131 [Test worker] TRACE org.hibernate.orm.jdbc.bind          [2c0e8868-9610-4bea-8402-035c6f39f7d0 | POST | /api/users] - binding parameter (2:INTEGER) <- [1]
26-04-06 00:08:11.132 [Test worker] INFO  c.s.m.d.s.basic.BasicUserService     [2c0e8868-9610-4bea-8402-035c6f39f7d0 | POST | /api/users] - User created: id=87eb5ab4-5f2e-4b20-8ea0-1551b70b3408, username=integrationuser
26-04-06 00:08:11.132 [Test worker] INFO  c.s.m.d.controller.UserController    [2c0e8868-9610-4bea-8402-035c6f39f7d0 | POST | /api/users] - User created via API: id=87eb5ab4-5f2e-4b20-8ea0-1551b70b3408
26-04-06 00:08:11.138 [Test worker] INFO  o.s.t.c.s.AnnotationConfigContextLoaderUtils [- | - | -] - Could not detect default configuration classes for test class [com.sprint.mission.discodeit.repository.ChannelRepositoryTest]: ChannelRepositoryTest does not declare any static, non-private, non-final, nested classes annotated with @Configuration.
26-04-06 00:08:11.151 [Test worker] INFO  o.s.b.t.c.SpringBootTestContextBootstrapper [- | - | -] - Found @SpringBootConfiguration com.sprint.mission.discodeit.DiscodeitApplication for test class com.sprint.mission.discodeit.repository.ChannelRepositoryTest
26-04-06 00:08:11.182 [Test worker] INFO  c.s.m.d.r.ChannelRepositoryTest      [- | - | -] - Starting ChannelRepositoryTest using Java 17.0.14 with PID 35372 (started by jaehoon in C:\Users\jaehoon\Desktop\9-sprint-mission\discodeit)
26-04-06 00:08:11.182 [Test worker] DEBUG c.s.m.d.r.ChannelRepositoryTest      [- | - | -] - Running with Spring Boot v3.4.0, Spring v6.2.0
26-04-06 00:08:11.182 [Test worker] INFO  c.s.m.d.r.ChannelRepositoryTest      [- | - | -] - The following 1 profile is active: "test"
26-04-06 00:08:11.261 [Test worker] INFO  o.s.d.r.c.RepositoryConfigurationDelegate [- | - | -] - Bootstrapping Spring Data JPA repositories in DEFAULT mode.
26-04-06 00:08:11.290 [Test worker] INFO  o.s.d.r.c.RepositoryConfigurationDelegate [- | - | -] - Finished Spring Data repository scanning in 28 ms. Found 6 JPA repository interfaces.
26-04-06 00:08:11.301 [Test worker] INFO  o.s.b.t.a.j.TestDatabaseAutoConfiguration$EmbeddedDataSourceBeanFactoryPostProcessor [- | - | -] - Replacing 'dataSource' DataSource bean with embedded version
26-04-06 00:08:11.320 [Test worker] INFO  o.s.j.d.e.EmbeddedDatabaseFactory    [- | - | -] - Starting embedded database: url='jdbc:h2:mem:9c43f71a-f5c4-4325-b603-ac669becba15;DB_CLOSE_DELAY=-1;DB_CLOSE_ON_EXIT=false', username='sa'
26-04-06 00:08:11.340 [Test worker] INFO  o.h.jpa.internal.util.LogHelper      [- | - | -] - HHH000204: Processing PersistenceUnitInfo [name: default]
26-04-06 00:08:11.345 [Test worker] INFO  o.h.c.i.RegionFactoryInitiator       [- | - | -] - HHH000026: Second-level cache disabled
26-04-06 00:08:11.357 [Test worker] INFO  o.s.o.j.p.SpringPersistenceUnitInfo  [- | - | -] - No LoadTimeWeaver setup: ignoring JPA class transformer
26-04-06 00:08:11.359 [Test worker] WARN  org.hibernate.orm.deprecation        [- | - | -] - HHH90000025: H2Dialect does not need to be specified explicitly using 'hibernate.dialect' (remove the property setting and it will be selected by default)
26-04-06 00:08:11.359 [Test worker] INFO  o.hibernate.orm.connections.pooling  [- | - | -] - HHH10001005: Database info:
	Database JDBC URL [Connecting through datasource 'org.springframework.jdbc.datasource.embedded.EmbeddedDatabaseFactory$EmbeddedDataSourceProxy@468e0e34']
	Database driver: undefined/unknown
	Database version: 2.3.232
	Autocommit mode: undefined/unknown
	Isolation level: undefined/unknown
	Minimum pool size: undefined/unknown
	Maximum pool size: undefined/unknown
26-04-06 00:08:11.469 [Test worker] INFO  o.h.e.t.j.p.i.JtaPlatformInitiator   [- | - | -] - HHH000489: No JTA platform available (set 'hibernate.transaction.jta.platform' to enable JTA platform integration)
26-04-06 00:08:11.469 [Test worker] DEBUG org.hibernate.SQL                    [- | - | -] - 
    drop table if exists binary_contents cascade 
26-04-06 00:08:11.469 [Test worker] DEBUG org.hibernate.SQL                    [- | - | -] - 
    drop table if exists channels cascade 
26-04-06 00:08:11.470 [Test worker] DEBUG org.hibernate.SQL                    [- | - | -] - 
    drop table if exists message_attachments cascade 
26-04-06 00:08:11.470 [Test worker] DEBUG org.hibernate.SQL                    [- | - | -] - 
    drop table if exists messages cascade 
26-04-06 00:08:11.470 [Test worker] DEBUG org.hibernate.SQL                    [- | - | -] - 
    drop table if exists read_statuses cascade 
26-04-06 00:08:11.470 [Test worker] DEBUG org.hibernate.SQL                    [- | - | -] - 
    drop table if exists user_statuses cascade 
26-04-06 00:08:11.470 [Test worker] DEBUG org.hibernate.SQL                    [- | - | -] - 
    drop table if exists users cascade 
26-04-06 00:08:11.471 [Test worker] DEBUG org.hibernate.SQL                    [- | - | -] - 
    create table binary_contents (
        created_at timestamp with time zone not null,
        size bigint not null,
        id uuid not null,
        content_type varchar(100) not null,
        file_name varchar(255) not null,
        primary key (id)
    )
26-04-06 00:08:11.472 [Test worker] DEBUG org.hibernate.SQL                    [- | - | -] - 
    create table channels (
        created_at timestamp with time zone not null,
        updated_at timestamp with time zone,
        id uuid not null,
        name varchar(100),
        description varchar(500),
        type enum ('PRIVATE','PUBLIC') not null,
        primary key (id)
    )
26-04-06 00:08:11.473 [Test worker] DEBUG org.hibernate.SQL                    [- | - | -] - 
    create table message_attachments (
        attachment_id uuid not null unique,
        message_id uuid not null
    )
26-04-06 00:08:11.473 [Test worker] DEBUG org.hibernate.SQL                    [- | - | -] - 
    create table messages (
        created_at timestamp with time zone not null,
        updated_at timestamp with time zone,
        author_id uuid,
        channel_id uuid not null,
        id uuid not null,
        content text not null,
        primary key (id)
    )
26-04-06 00:08:11.474 [Test worker] DEBUG org.hibernate.SQL                    [- | - | -] - 
    create table read_statuses (
        created_at timestamp with time zone not null,
        last_read_at timestamp with time zone not null,
        updated_at timestamp with time zone,
        channel_id uuid not null,
        id uuid not null,
        user_id uuid not null,
        primary key (id),
        unique (user_id, channel_id)
    )
26-04-06 00:08:11.475 [Test worker] DEBUG org.hibernate.SQL                    [- | - | -] - 
    create table user_statuses (
        created_at timestamp with time zone not null,
        last_active_at timestamp with time zone not null,
        updated_at timestamp with time zone,
        id uuid not null,
        user_id uuid not null unique,
        primary key (id)
    )
26-04-06 00:08:11.475 [Test worker] DEBUG org.hibernate.SQL                    [- | - | -] - 
    create table users (
        created_at timestamp with time zone not null,
        updated_at timestamp with time zone,
        id uuid not null,
        profile_id uuid unique,
        username varchar(50) not null unique,
        password varchar(60) not null,
        email varchar(100) not null unique,
        primary key (id)
    )
26-04-06 00:08:11.476 [Test worker] DEBUG org.hibernate.SQL                    [- | - | -] - 
    alter table if exists message_attachments 
       add constraint FKsd1m8rb8jcpbcnb7rpdue7ctc 
       foreign key (attachment_id) 
       references binary_contents
26-04-06 00:08:11.477 [Test worker] DEBUG org.hibernate.SQL                    [- | - | -] - 
    alter table if exists message_attachments 
       add constraint FKj7twd218e2gqw9cmlhwvo1rth 
       foreign key (message_id) 
       references messages
26-04-06 00:08:11.478 [Test worker] DEBUG org.hibernate.SQL                    [- | - | -] - 
    alter table if exists messages 
       add constraint FKowtlim26svclkatusptbgi7u1 
       foreign key (author_id) 
       references users
26-04-06 00:08:11.479 [Test worker] DEBUG org.hibernate.SQL                    [- | - | -] - 
    alter table if exists messages 
       add constraint FK3u3ckbhwq9se1cmopk2pq05b2 
       foreign key (channel_id) 
       references channels
26-04-06 00:08:11.479 [Test worker] DEBUG org.hibernate.SQL                    [- | - | -] - 
    alter table if exists read_statuses 
       add constraint FKa38ri44ml4gfdpklx4ahqr8gd 
       foreign key (channel_id) 
       references channels
26-04-06 00:08:11.480 [Test worker] DEBUG org.hibernate.SQL                    [- | - | -] - 
    alter table if exists read_statuses 
       add constraint FKml3k4wr9sj5yxrmj6d0aoib2e 
       foreign key (user_id) 
       references users
26-04-06 00:08:11.481 [Test worker] DEBUG org.hibernate.SQL                    [- | - | -] - 
    alter table if exists user_statuses 
       add constraint FK4lfl3ei2ubchgcxrrpo3pw4mm 
       foreign key (user_id) 
       references users
26-04-06 00:08:11.482 [Test worker] DEBUG org.hibernate.SQL                    [- | - | -] - 
    alter table if exists users 
       add constraint FKtbudycgrip49xdptogmhfqnso 
       foreign key (profile_id) 
       references binary_contents
26-04-06 00:08:11.484 [Test worker] INFO  o.s.o.j.LocalContainerEntityManagerFactoryBean [- | - | -] - Initialized JPA EntityManagerFactory for persistence unit 'default'
26-04-06 00:08:11.544 [Test worker] INFO  c.s.m.d.r.ChannelRepositoryTest      [- | - | -] - Started ChannelRepositoryTest in 0.39 seconds (process running for 11.81)
26-04-06 00:08:11.553 [Test worker] DEBUG org.hibernate.SQL                    [- | - | -] - 
    insert 
    into
        channels
        (created_at, description, name, type, updated_at, id) 
    values
        (?, ?, ?, ?, ?, ?)
26-04-06 00:08:11.553 [Test worker] TRACE org.hibernate.orm.jdbc.bind          [- | - | -] - binding parameter (1:TIMESTAMP_UTC) <- [2026-04-05T15:08:11.549416Z]
26-04-06 00:08:11.553 [Test worker] TRACE org.hibernate.orm.jdbc.bind          [- | - | -] - binding parameter (2:VARCHAR) <- [null]
26-04-06 00:08:11.553 [Test worker] TRACE org.hibernate.orm.jdbc.bind          [- | - | -] - binding parameter (3:VARCHAR) <- [null]
26-04-06 00:08:11.553 [Test worker] TRACE org.hibernate.orm.jdbc.bind          [- | - | -] - binding parameter (4:ENUM) <- [PRIVATE]
26-04-06 00:08:11.554 [Test worker] TRACE org.hibernate.orm.jdbc.bind          [- | - | -] - binding parameter (5:TIMESTAMP_UTC) <- [2026-04-05T15:08:11.549416Z]
26-04-06 00:08:11.554 [Test worker] TRACE org.hibernate.orm.jdbc.bind          [- | - | -] - binding parameter (6:UUID) <- [7b8a8433-f77f-446e-a81b-0c2cee25bf2d]
26-04-06 00:08:11.555 [Test worker] DEBUG org.hibernate.SQL                    [- | - | -] - 
    select
        c1_0.id,
        c1_0.created_at,
        c1_0.description,
        c1_0.name,
        c1_0.type,
        c1_0.updated_at 
    from
        channels c1_0 
    where
        c1_0.type=? 
        or c1_0.id in (?)
26-04-06 00:08:11.556 [Test worker] TRACE org.hibernate.orm.jdbc.bind          [- | - | -] - binding parameter (1:ENUM) <- [PUBLIC]
26-04-06 00:08:11.556 [Test worker] TRACE org.hibernate.orm.jdbc.bind          [- | - | -] - binding parameter (2:UUID) <- [f775bd4d-1bc5-487f-919d-a8f658e45dc1]
26-04-06 00:08:11.581 [Test worker] DEBUG org.hibernate.SQL                    [- | - | -] - 
    insert 
    into
        channels
        (created_at, description, name, type, updated_at, id) 
    values
        (?, ?, ?, ?, ?, ?)
26-04-06 00:08:11.581 [Test worker] TRACE org.hibernate.orm.jdbc.bind          [- | - | -] - binding parameter (1:TIMESTAMP_UTC) <- [2026-04-05T15:08:11.579946200Z]
26-04-06 00:08:11.581 [Test worker] TRACE org.hibernate.orm.jdbc.bind          [- | - | -] - binding parameter (2:VARCHAR) <- [General]
26-04-06 00:08:11.581 [Test worker] TRACE org.hibernate.orm.jdbc.bind          [- | - | -] - binding parameter (3:VARCHAR) <- [general]
26-04-06 00:08:11.581 [Test worker] TRACE org.hibernate.orm.jdbc.bind          [- | - | -] - binding parameter (4:ENUM) <- [PUBLIC]
26-04-06 00:08:11.581 [Test worker] TRACE org.hibernate.orm.jdbc.bind          [- | - | -] - binding parameter (5:TIMESTAMP_UTC) <- [2026-04-05T15:08:11.579946200Z]
26-04-06 00:08:11.581 [Test worker] TRACE org.hibernate.orm.jdbc.bind          [- | - | -] - binding parameter (6:UUID) <- [ebbcac13-a941-4c7f-b17c-2d30e5431ecb]
26-04-06 00:08:11.583 [Test worker] DEBUG org.hibernate.SQL                    [- | - | -] - 
    insert 
    into
        channels
        (created_at, description, name, type, updated_at, id) 
    values
        (?, ?, ?, ?, ?, ?)
26-04-06 00:08:11.583 [Test worker] TRACE org.hibernate.orm.jdbc.bind          [- | - | -] - binding parameter (1:TIMESTAMP_UTC) <- [2026-04-05T15:08:11.579946200Z]
26-04-06 00:08:11.583 [Test worker] TRACE org.hibernate.orm.jdbc.bind          [- | - | -] - binding parameter (2:VARCHAR) <- [null]
26-04-06 00:08:11.583 [Test worker] TRACE org.hibernate.orm.jdbc.bind          [- | - | -] - binding parameter (3:VARCHAR) <- [null]
26-04-06 00:08:11.583 [Test worker] TRACE org.hibernate.orm.jdbc.bind          [- | - | -] - binding parameter (4:ENUM) <- [PRIVATE]
26-04-06 00:08:11.583 [Test worker] TRACE org.hibernate.orm.jdbc.bind          [- | - | -] - binding parameter (5:TIMESTAMP_UTC) <- [2026-04-05T15:08:11.579946200Z]
26-04-06 00:08:11.583 [Test worker] TRACE org.hibernate.orm.jdbc.bind          [- | - | -] - binding parameter (6:UUID) <- [483b95fa-5be1-47c1-96a6-07ef4c6ed5ec]
26-04-06 00:08:11.583 [Test worker] DEBUG org.hibernate.SQL                    [- | - | -] - 
    select
        c1_0.id,
        c1_0.created_at,
        c1_0.description,
        c1_0.name,
        c1_0.type,
        c1_0.updated_at 
    from
        channels c1_0 
    where
        c1_0.type=? 
        or c1_0.id in (?)
26-04-06 00:08:11.583 [Test worker] TRACE org.hibernate.orm.jdbc.bind          [- | - | -] - binding parameter (1:ENUM) <- [PUBLIC]
26-04-06 00:08:11.583 [Test worker] TRACE org.hibernate.orm.jdbc.bind          [- | - | -] - binding parameter (2:UUID) <- [483b95fa-5be1-47c1-96a6-07ef4c6ed5ec]
26-04-06 00:08:11.591 [Test worker] INFO  o.s.t.c.s.AnnotationConfigContextLoaderUtils [- | - | -] - Could not detect default configuration classes for test class [com.sprint.mission.discodeit.repository.MessageRepositoryTest]: MessageRepositoryTest does not declare any static, non-private, non-final, nested classes annotated with @Configuration.
26-04-06 00:08:11.593 [Test worker] INFO  o.s.b.t.c.SpringBootTestContextBootstrapper [- | - | -] - Found @SpringBootConfiguration com.sprint.mission.discodeit.DiscodeitApplication for test class com.sprint.mission.discodeit.repository.MessageRepositoryTest
26-04-06 00:08:11.609 [Test worker] DEBUG org.hibernate.SQL                    [- | - | -] - 
    insert 
    into
        channels
        (created_at, description, name, type, updated_at, id) 
    values
        (?, ?, ?, ?, ?, ?)
26-04-06 00:08:11.610 [Test worker] TRACE org.hibernate.orm.jdbc.bind          [- | - | -] - binding parameter (1:TIMESTAMP_UTC) <- [2026-04-05T15:08:11.596507700Z]
26-04-06 00:08:11.610 [Test worker] TRACE org.hibernate.orm.jdbc.bind          [- | - | -] - binding parameter (2:VARCHAR) <- [General]
26-04-06 00:08:11.610 [Test worker] TRACE org.hibernate.orm.jdbc.bind          [- | - | -] - binding parameter (3:VARCHAR) <- [general]
26-04-06 00:08:11.610 [Test worker] TRACE org.hibernate.orm.jdbc.bind          [- | - | -] - binding parameter (4:ENUM) <- [PUBLIC]
26-04-06 00:08:11.610 [Test worker] TRACE org.hibernate.orm.jdbc.bind          [- | - | -] - binding parameter (5:TIMESTAMP_UTC) <- [2026-04-05T15:08:11.596507700Z]
26-04-06 00:08:11.610 [Test worker] TRACE org.hibernate.orm.jdbc.bind          [- | - | -] - binding parameter (6:UUID) <- [1eaa3a0d-52ac-493f-a229-a6e8924d5d29]
26-04-06 00:08:11.611 [Test worker] DEBUG org.hibernate.SQL                    [- | - | -] - 
    insert 
    into
        users
        (created_at, email, password, profile_id, updated_at, username, id) 
    values
        (?, ?, ?, ?, ?, ?, ?)
26-04-06 00:08:11.611 [Test worker] TRACE org.hibernate.orm.jdbc.bind          [- | - | -] - binding parameter (1:TIMESTAMP_UTC) <- [2026-04-05T15:08:11.597505600Z]
26-04-06 00:08:11.611 [Test worker] TRACE org.hibernate.orm.jdbc.bind          [- | - | -] - binding parameter (2:VARCHAR) <- [author@test.com]
26-04-06 00:08:11.611 [Test worker] TRACE org.hibernate.orm.jdbc.bind          [- | - | -] - binding parameter (3:VARCHAR) <- [pass]
26-04-06 00:08:11.611 [Test worker] TRACE org.hibernate.orm.jdbc.bind          [- | - | -] - binding parameter (4:UUID) <- [null]
26-04-06 00:08:11.611 [Test worker] TRACE org.hibernate.orm.jdbc.bind          [- | - | -] - binding parameter (5:TIMESTAMP_UTC) <- [2026-04-05T15:08:11.597505600Z]
26-04-06 00:08:11.611 [Test worker] TRACE org.hibernate.orm.jdbc.bind          [- | - | -] - binding parameter (6:VARCHAR) <- [author]
26-04-06 00:08:11.611 [Test worker] TRACE org.hibernate.orm.jdbc.bind          [- | - | -] - binding parameter (7:UUID) <- [8f7ca7dd-0624-408f-98df-4216523527da]
26-04-06 00:08:11.612 [Test worker] DEBUG org.hibernate.SQL                    [- | - | -] - 
    insert 
    into
        user_statuses
        (created_at, last_active_at, updated_at, user_id, id) 
    values
        (?, ?, ?, ?, ?)
26-04-06 00:08:11.612 [Test worker] TRACE org.hibernate.orm.jdbc.bind          [- | - | -] - binding parameter (1:TIMESTAMP_UTC) <- [2026-04-05T15:08:11.600506200Z]
26-04-06 00:08:11.612 [Test worker] TRACE org.hibernate.orm.jdbc.bind          [- | - | -] - binding parameter (2:TIMESTAMP_UTC) <- [2026-04-05T15:08:11.599505900Z]
26-04-06 00:08:11.612 [Test worker] TRACE org.hibernate.orm.jdbc.bind          [- | - | -] - binding parameter (3:TIMESTAMP_UTC) <- [2026-04-05T15:08:11.600506200Z]
26-04-06 00:08:11.612 [Test worker] TRACE org.hibernate.orm.jdbc.bind          [- | - | -] - binding parameter (4:UUID) <- [8f7ca7dd-0624-408f-98df-4216523527da]
26-04-06 00:08:11.612 [Test worker] TRACE org.hibernate.orm.jdbc.bind          [- | - | -] - binding parameter (5:UUID) <- [5d4b859d-ddd5-4683-9c4b-5fe801818df6]
26-04-06 00:08:11.612 [Test worker] DEBUG org.hibernate.SQL                    [- | - | -] - 
    insert 
    into
        messages
        (author_id, channel_id, content, created_at, updated_at, id) 
    values
        (?, ?, ?, ?, ?, ?)
26-04-06 00:08:11.612 [Test worker] TRACE org.hibernate.orm.jdbc.bind          [- | - | -] - binding parameter (1:UUID) <- [8f7ca7dd-0624-408f-98df-4216523527da]
26-04-06 00:08:11.612 [Test worker] TRACE org.hibernate.orm.jdbc.bind          [- | - | -] - binding parameter (2:UUID) <- [1eaa3a0d-52ac-493f-a229-a6e8924d5d29]
26-04-06 00:08:11.612 [Test worker] TRACE org.hibernate.orm.jdbc.bind          [- | - | -] - binding parameter (3:VARCHAR) <- [msg1]
26-04-06 00:08:11.612 [Test worker] TRACE org.hibernate.orm.jdbc.bind          [- | - | -] - binding parameter (4:TIMESTAMP_UTC) <- [2026-04-05T15:08:11.604011600Z]
26-04-06 00:08:11.613 [Test worker] TRACE org.hibernate.orm.jdbc.bind          [- | - | -] - binding parameter (5:TIMESTAMP_UTC) <- [2026-04-05T15:08:11.604011600Z]
26-04-06 00:08:11.613 [Test worker] TRACE org.hibernate.orm.jdbc.bind          [- | - | -] - binding parameter (6:UUID) <- [49f0303b-a17f-4f10-8938-cf2fb54926ae]
26-04-06 00:08:11.613 [Test worker] DEBUG org.hibernate.SQL                    [- | - | -] - 
    insert 
    into
        messages
        (author_id, channel_id, content, created_at, updated_at, id) 
    values
        (?, ?, ?, ?, ?, ?)
26-04-06 00:08:11.613 [Test worker] TRACE org.hibernate.orm.jdbc.bind          [- | - | -] - binding parameter (1:UUID) <- [8f7ca7dd-0624-408f-98df-4216523527da]
26-04-06 00:08:11.613 [Test worker] TRACE org.hibernate.orm.jdbc.bind          [- | - | -] - binding parameter (2:UUID) <- [1eaa3a0d-52ac-493f-a229-a6e8924d5d29]
26-04-06 00:08:11.613 [Test worker] TRACE org.hibernate.orm.jdbc.bind          [- | - | -] - binding parameter (3:VARCHAR) <- [msg2]
26-04-06 00:08:11.613 [Test worker] TRACE org.hibernate.orm.jdbc.bind          [- | - | -] - binding parameter (4:TIMESTAMP_UTC) <- [2026-04-05T15:08:11.606019300Z]
26-04-06 00:08:11.613 [Test worker] TRACE org.hibernate.orm.jdbc.bind          [- | - | -] - binding parameter (5:TIMESTAMP_UTC) <- [2026-04-05T15:08:11.606019300Z]
26-04-06 00:08:11.613 [Test worker] TRACE org.hibernate.orm.jdbc.bind          [- | - | -] - binding parameter (6:UUID) <- [ff46e293-375b-419d-bdfc-522e83e8d503]
26-04-06 00:08:11.614 [Test worker] DEBUG org.hibernate.SQL                    [- | - | -] - 
    select
        m1_0.id,
        a1_0.id,
        a1_0.created_at,
        a1_0.email,
        a1_0.password,
        p1_0.id,
        p1_0.content_type,
        p1_0.created_at,
        p1_0.file_name,
        p1_0.size,
        s1_0.id,
        s1_0.created_at,
        s1_0.last_active_at,
        s1_0.updated_at,
        s1_0.user_id,
        a1_0.updated_at,
        a1_0.username,
        m1_0.channel_id,
        m1_0.content,
        m1_0.created_at,
        m1_0.updated_at 
    from
        messages m1_0 
    left join
        users a1_0 
            on a1_0.id=m1_0.author_id 
    join
        user_statuses s1_0 
            on a1_0.id=s1_0.user_id 
    left join
        binary_contents p1_0 
            on p1_0.id=a1_0.profile_id 
    where
        m1_0.channel_id=? 
        and m1_0.created_at<? 
    order by
        m1_0.created_at desc 
    fetch
        first ? rows only
26-04-06 00:08:11.614 [Test worker] TRACE org.hibernate.orm.jdbc.bind          [- | - | -] - binding parameter (1:UUID) <- [1eaa3a0d-52ac-493f-a229-a6e8924d5d29]
26-04-06 00:08:11.614 [Test worker] TRACE org.hibernate.orm.jdbc.bind          [- | - | -] - binding parameter (2:TIMESTAMP_UTC) <- [2026-04-05T15:08:12.606019300Z]
26-04-06 00:08:11.614 [Test worker] TRACE org.hibernate.orm.jdbc.bind          [- | - | -] - binding parameter (3:INTEGER) <- [11]
26-04-06 00:08:11.622 [Test worker] DEBUG org.hibernate.SQL                    [- | - | -] - 
    insert 
    into
        channels
        (created_at, description, name, type, updated_at, id) 
    values
        (?, ?, ?, ?, ?, ?)
26-04-06 00:08:11.622 [Test worker] TRACE org.hibernate.orm.jdbc.bind          [- | - | -] - binding parameter (1:TIMESTAMP_UTC) <- [2026-04-05T15:08:11.619524400Z]
26-04-06 00:08:11.622 [Test worker] TRACE org.hibernate.orm.jdbc.bind          [- | - | -] - binding parameter (2:VARCHAR) <- [General]
26-04-06 00:08:11.622 [Test worker] TRACE org.hibernate.orm.jdbc.bind          [- | - | -] - binding parameter (3:VARCHAR) <- [general]
26-04-06 00:08:11.622 [Test worker] TRACE org.hibernate.orm.jdbc.bind          [- | - | -] - binding parameter (4:ENUM) <- [PUBLIC]
26-04-06 00:08:11.622 [Test worker] TRACE org.hibernate.orm.jdbc.bind          [- | - | -] - binding parameter (5:TIMESTAMP_UTC) <- [2026-04-05T15:08:11.619524400Z]
26-04-06 00:08:11.622 [Test worker] TRACE org.hibernate.orm.jdbc.bind          [- | - | -] - binding parameter (6:UUID) <- [4ada2584-1e06-4783-a7cc-cb221869b8e7]
26-04-06 00:08:11.624 [Test worker] DEBUG org.hibernate.SQL                    [- | - | -] - 
    insert 
    into
        users
        (created_at, email, password, profile_id, updated_at, username, id) 
    values
        (?, ?, ?, ?, ?, ?, ?)
26-04-06 00:08:11.624 [Test worker] TRACE org.hibernate.orm.jdbc.bind          [- | - | -] - binding parameter (1:TIMESTAMP_UTC) <- [2026-04-05T15:08:11.619524400Z]
26-04-06 00:08:11.624 [Test worker] TRACE org.hibernate.orm.jdbc.bind          [- | - | -] - binding parameter (2:VARCHAR) <- [author@test.com]
26-04-06 00:08:11.624 [Test worker] TRACE org.hibernate.orm.jdbc.bind          [- | - | -] - binding parameter (3:VARCHAR) <- [pass]
26-04-06 00:08:11.624 [Test worker] TRACE org.hibernate.orm.jdbc.bind          [- | - | -] - binding parameter (4:UUID) <- [null]
26-04-06 00:08:11.624 [Test worker] TRACE org.hibernate.orm.jdbc.bind          [- | - | -] - binding parameter (5:TIMESTAMP_UTC) <- [2026-04-05T15:08:11.619524400Z]
26-04-06 00:08:11.624 [Test worker] TRACE org.hibernate.orm.jdbc.bind          [- | - | -] - binding parameter (6:VARCHAR) <- [author]
26-04-06 00:08:11.624 [Test worker] TRACE org.hibernate.orm.jdbc.bind          [- | - | -] - binding parameter (7:UUID) <- [7a994b2c-65f7-4400-b053-b29e65a3069d]
26-04-06 00:08:11.624 [Test worker] DEBUG org.hibernate.SQL                    [- | - | -] - 
    insert 
    into
        user_statuses
        (created_at, last_active_at, updated_at, user_id, id) 
    values
        (?, ?, ?, ?, ?)
26-04-06 00:08:11.625 [Test worker] TRACE org.hibernate.orm.jdbc.bind          [- | - | -] - binding parameter (1:TIMESTAMP_UTC) <- [2026-04-05T15:08:11.620526500Z]
26-04-06 00:08:11.625 [Test worker] TRACE org.hibernate.orm.jdbc.bind          [- | - | -] - binding parameter (2:TIMESTAMP_UTC) <- [2026-04-05T15:08:11.619524400Z]
26-04-06 00:08:11.625 [Test worker] TRACE org.hibernate.orm.jdbc.bind          [- | - | -] - binding parameter (3:TIMESTAMP_UTC) <- [2026-04-05T15:08:11.620526500Z]
26-04-06 00:08:11.625 [Test worker] TRACE org.hibernate.orm.jdbc.bind          [- | - | -] - binding parameter (4:UUID) <- [7a994b2c-65f7-4400-b053-b29e65a3069d]
26-04-06 00:08:11.625 [Test worker] TRACE org.hibernate.orm.jdbc.bind          [- | - | -] - binding parameter (5:UUID) <- [10f91e40-dc9c-4107-b267-632358109e63]
26-04-06 00:08:11.625 [Test worker] DEBUG org.hibernate.SQL                    [- | - | -] - 
    insert 
    into
        messages
        (author_id, channel_id, content, created_at, updated_at, id) 
    values
        (?, ?, ?, ?, ?, ?)
26-04-06 00:08:11.625 [Test worker] TRACE org.hibernate.orm.jdbc.bind          [- | - | -] - binding parameter (1:UUID) <- [7a994b2c-65f7-4400-b053-b29e65a3069d]
26-04-06 00:08:11.625 [Test worker] TRACE org.hibernate.orm.jdbc.bind          [- | - | -] - binding parameter (2:UUID) <- [4ada2584-1e06-4783-a7cc-cb221869b8e7]
26-04-06 00:08:11.625 [Test worker] TRACE org.hibernate.orm.jdbc.bind          [- | - | -] - binding parameter (3:VARCHAR) <- [first]
26-04-06 00:08:11.625 [Test worker] TRACE org.hibernate.orm.jdbc.bind          [- | - | -] - binding parameter (4:TIMESTAMP_UTC) <- [2026-04-05T15:08:11.620526500Z]
26-04-06 00:08:11.625 [Test worker] TRACE org.hibernate.orm.jdbc.bind          [- | - | -] - binding parameter (5:TIMESTAMP_UTC) <- [2026-04-05T15:08:11.620526500Z]
26-04-06 00:08:11.625 [Test worker] TRACE org.hibernate.orm.jdbc.bind          [- | - | -] - binding parameter (6:UUID) <- [428c75d9-efbd-4d9a-8119-429d76b341e8]
26-04-06 00:08:11.625 [Test worker] DEBUG org.hibernate.SQL                    [- | - | -] - 
    insert 
    into
        messages
        (author_id, channel_id, content, created_at, updated_at, id) 
    values
        (?, ?, ?, ?, ?, ?)
26-04-06 00:08:11.625 [Test worker] TRACE org.hibernate.orm.jdbc.bind          [- | - | -] - binding parameter (1:UUID) <- [7a994b2c-65f7-4400-b053-b29e65a3069d]
26-04-06 00:08:11.625 [Test worker] TRACE org.hibernate.orm.jdbc.bind          [- | - | -] - binding parameter (2:UUID) <- [4ada2584-1e06-4783-a7cc-cb221869b8e7]
26-04-06 00:08:11.626 [Test worker] TRACE org.hibernate.orm.jdbc.bind          [- | - | -] - binding parameter (3:VARCHAR) <- [last]
26-04-06 00:08:11.626 [Test worker] TRACE org.hibernate.orm.jdbc.bind          [- | - | -] - binding parameter (4:TIMESTAMP_UTC) <- [2026-04-05T15:08:11.620526500Z]
26-04-06 00:08:11.626 [Test worker] TRACE org.hibernate.orm.jdbc.bind          [- | - | -] - binding parameter (5:TIMESTAMP_UTC) <- [2026-04-05T15:08:11.620526500Z]
26-04-06 00:08:11.626 [Test worker] TRACE org.hibernate.orm.jdbc.bind          [- | - | -] - binding parameter (6:UUID) <- [7b8fe0aa-fc26-40b2-829a-5a1556dae11c]
26-04-06 00:08:11.626 [Test worker] DEBUG org.hibernate.SQL                    [- | - | -] - 
    select
        m1_0.created_at 
    from
        messages m1_0 
    where
        m1_0.channel_id=? 
    order by
        m1_0.created_at desc 
    fetch
        first 1 rows only
26-04-06 00:08:11.626 [Test worker] TRACE org.hibernate.orm.jdbc.bind          [- | - | -] - binding parameter (1:UUID) <- [4ada2584-1e06-4783-a7cc-cb221869b8e7]
26-04-06 00:08:11.634 [Test worker] DEBUG org.hibernate.SQL                    [- | - | -] - 
    insert 
    into
        channels
        (created_at, description, name, type, updated_at, id) 
    values
        (?, ?, ?, ?, ?, ?)
26-04-06 00:08:11.635 [Test worker] TRACE org.hibernate.orm.jdbc.bind          [- | - | -] - binding parameter (1:TIMESTAMP_UTC) <- [2026-04-05T15:08:11.631547100Z]
26-04-06 00:08:11.635 [Test worker] TRACE org.hibernate.orm.jdbc.bind          [- | - | -] - binding parameter (2:VARCHAR) <- [General]
26-04-06 00:08:11.635 [Test worker] TRACE org.hibernate.orm.jdbc.bind          [- | - | -] - binding parameter (3:VARCHAR) <- [general]
26-04-06 00:08:11.635 [Test worker] TRACE org.hibernate.orm.jdbc.bind          [- | - | -] - binding parameter (4:ENUM) <- [PUBLIC]
26-04-06 00:08:11.635 [Test worker] TRACE org.hibernate.orm.jdbc.bind          [- | - | -] - binding parameter (5:TIMESTAMP_UTC) <- [2026-04-05T15:08:11.631547100Z]
26-04-06 00:08:11.635 [Test worker] TRACE org.hibernate.orm.jdbc.bind          [- | - | -] - binding parameter (6:UUID) <- [feed7053-3045-489e-8ede-612a0cc24306]
26-04-06 00:08:11.636 [Test worker] DEBUG org.hibernate.SQL                    [- | - | -] - 
    insert 
    into
        users
        (created_at, email, password, profile_id, updated_at, username, id) 
    values
        (?, ?, ?, ?, ?, ?, ?)
26-04-06 00:08:11.636 [Test worker] TRACE org.hibernate.orm.jdbc.bind          [- | - | -] - binding parameter (1:TIMESTAMP_UTC) <- [2026-04-05T15:08:11.632547200Z]
26-04-06 00:08:11.636 [Test worker] TRACE org.hibernate.orm.jdbc.bind          [- | - | -] - binding parameter (2:VARCHAR) <- [author@test.com]
26-04-06 00:08:11.636 [Test worker] TRACE org.hibernate.orm.jdbc.bind          [- | - | -] - binding parameter (3:VARCHAR) <- [pass]
26-04-06 00:08:11.636 [Test worker] TRACE org.hibernate.orm.jdbc.bind          [- | - | -] - binding parameter (4:UUID) <- [null]
26-04-06 00:08:11.636 [Test worker] TRACE org.hibernate.orm.jdbc.bind          [- | - | -] - binding parameter (5:TIMESTAMP_UTC) <- [2026-04-05T15:08:11.632547200Z]
26-04-06 00:08:11.636 [Test worker] TRACE org.hibernate.orm.jdbc.bind          [- | - | -] - binding parameter (6:VARCHAR) <- [author]
26-04-06 00:08:11.636 [Test worker] TRACE org.hibernate.orm.jdbc.bind          [- | - | -] - binding parameter (7:UUID) <- [8bbcba7b-4c09-459f-bc6d-370cf3a1dfb5]
26-04-06 00:08:11.636 [Test worker] DEBUG org.hibernate.SQL                    [- | - | -] - 
    insert 
    into
        user_statuses
        (created_at, last_active_at, updated_at, user_id, id) 
    values
        (?, ?, ?, ?, ?)
26-04-06 00:08:11.637 [Test worker] TRACE org.hibernate.orm.jdbc.bind          [- | - | -] - binding parameter (1:TIMESTAMP_UTC) <- [2026-04-05T15:08:11.632547200Z]
26-04-06 00:08:11.637 [Test worker] TRACE org.hibernate.orm.jdbc.bind          [- | - | -] - binding parameter (2:TIMESTAMP_UTC) <- [2026-04-05T15:08:11.632547200Z]
26-04-06 00:08:11.637 [Test worker] TRACE org.hibernate.orm.jdbc.bind          [- | - | -] - binding parameter (3:TIMESTAMP_UTC) <- [2026-04-05T15:08:11.632547200Z]
26-04-06 00:08:11.637 [Test worker] TRACE org.hibernate.orm.jdbc.bind          [- | - | -] - binding parameter (4:UUID) <- [8bbcba7b-4c09-459f-bc6d-370cf3a1dfb5]
26-04-06 00:08:11.637 [Test worker] TRACE org.hibernate.orm.jdbc.bind          [- | - | -] - binding parameter (5:UUID) <- [529472ba-38e5-4a46-b062-9db26a467a9d]
26-04-06 00:08:11.637 [Test worker] DEBUG org.hibernate.SQL                    [- | - | -] - 
    insert 
    into
        messages
        (author_id, channel_id, content, created_at, updated_at, id) 
    values
        (?, ?, ?, ?, ?, ?)
26-04-06 00:08:11.637 [Test worker] TRACE org.hibernate.orm.jdbc.bind          [- | - | -] - binding parameter (1:UUID) <- [8bbcba7b-4c09-459f-bc6d-370cf3a1dfb5]
26-04-06 00:08:11.637 [Test worker] TRACE org.hibernate.orm.jdbc.bind          [- | - | -] - binding parameter (2:UUID) <- [feed7053-3045-489e-8ede-612a0cc24306]
26-04-06 00:08:11.637 [Test worker] TRACE org.hibernate.orm.jdbc.bind          [- | - | -] - binding parameter (3:VARCHAR) <- [msg1]
26-04-06 00:08:11.637 [Test worker] TRACE org.hibernate.orm.jdbc.bind          [- | - | -] - binding parameter (4:TIMESTAMP_UTC) <- [2026-04-05T15:08:11.632547200Z]
26-04-06 00:08:11.637 [Test worker] TRACE org.hibernate.orm.jdbc.bind          [- | - | -] - binding parameter (5:TIMESTAMP_UTC) <- [2026-04-05T15:08:11.632547200Z]
26-04-06 00:08:11.637 [Test worker] TRACE org.hibernate.orm.jdbc.bind          [- | - | -] - binding parameter (6:UUID) <- [c19f155c-505c-46ef-93ee-5980447e0c7a]
26-04-06 00:08:11.637 [Test worker] DEBUG org.hibernate.SQL                    [- | - | -] - 
    insert 
    into
        messages
        (author_id, channel_id, content, created_at, updated_at, id) 
    values
        (?, ?, ?, ?, ?, ?)
26-04-06 00:08:11.638 [Test worker] TRACE org.hibernate.orm.jdbc.bind          [- | - | -] - binding parameter (1:UUID) <- [8bbcba7b-4c09-459f-bc6d-370cf3a1dfb5]
26-04-06 00:08:11.638 [Test worker] TRACE org.hibernate.orm.jdbc.bind          [- | - | -] - binding parameter (2:UUID) <- [feed7053-3045-489e-8ede-612a0cc24306]
26-04-06 00:08:11.638 [Test worker] TRACE org.hibernate.orm.jdbc.bind          [- | - | -] - binding parameter (3:VARCHAR) <- [msg2]
26-04-06 00:08:11.638 [Test worker] TRACE org.hibernate.orm.jdbc.bind          [- | - | -] - binding parameter (4:TIMESTAMP_UTC) <- [2026-04-05T15:08:11.632547200Z]
26-04-06 00:08:11.638 [Test worker] TRACE org.hibernate.orm.jdbc.bind          [- | - | -] - binding parameter (5:TIMESTAMP_UTC) <- [2026-04-05T15:08:11.632547200Z]
26-04-06 00:08:11.638 [Test worker] TRACE org.hibernate.orm.jdbc.bind          [- | - | -] - binding parameter (6:UUID) <- [72643550-cad4-4609-ab4d-b0acfde1c20d]
26-04-06 00:08:11.638 [Test worker] DEBUG org.hibernate.SQL                    [- | - | -] - 
    select
        m1_0.id,
        m1_0.author_id,
        m1_0.channel_id,
        m1_0.content,
        m1_0.created_at,
        m1_0.updated_at 
    from
        messages m1_0 
    where
        m1_0.channel_id=?
26-04-06 00:08:11.638 [Test worker] TRACE org.hibernate.orm.jdbc.bind          [- | - | -] - binding parameter (1:UUID) <- [feed7053-3045-489e-8ede-612a0cc24306]
26-04-06 00:08:11.642 [Test worker] DEBUG org.hibernate.SQL                    [- | - | -] - 
    delete 
    from
        messages 
    where
        id=?
26-04-06 00:08:11.642 [Test worker] TRACE org.hibernate.orm.jdbc.bind          [- | - | -] - binding parameter (1:UUID) <- [c19f155c-505c-46ef-93ee-5980447e0c7a]
26-04-06 00:08:11.643 [Test worker] DEBUG org.hibernate.SQL                    [- | - | -] - 
    delete 
    from
        messages 
    where
        id=?
26-04-06 00:08:11.643 [Test worker] TRACE org.hibernate.orm.jdbc.bind          [- | - | -] - binding parameter (1:UUID) <- [72643550-cad4-4609-ab4d-b0acfde1c20d]
26-04-06 00:08:11.643 [Test worker] DEBUG org.hibernate.SQL                    [- | - | -] - 
    select
        m1_0.id,
        a1_0.id,
        a1_0.created_at,
        a1_0.email,
        a1_0.password,
        p1_0.id,
        p1_0.content_type,
        p1_0.created_at,
        p1_0.file_name,
        p1_0.size,
        s1_0.id,
        s1_0.created_at,
        s1_0.last_active_at,
        s1_0.updated_at,
        s1_0.user_id,
        a1_0.updated_at,
        a1_0.username,
        m1_0.channel_id,
        m1_0.content,
        m1_0.created_at,
        m1_0.updated_at 
    from
        messages m1_0 
    left join
        users a1_0 
            on a1_0.id=m1_0.author_id 
    join
        user_statuses s1_0 
            on a1_0.id=s1_0.user_id 
    left join
        binary_contents p1_0 
            on p1_0.id=a1_0.profile_id 
    where
        m1_0.channel_id=? 
        and m1_0.created_at<? 
    order by
        m1_0.created_at desc 
    fetch
        first ? rows only
26-04-06 00:08:11.644 [Test worker] TRACE org.hibernate.orm.jdbc.bind          [- | - | -] - binding parameter (1:UUID) <- [feed7053-3045-489e-8ede-612a0cc24306]
26-04-06 00:08:11.644 [Test worker] TRACE org.hibernate.orm.jdbc.bind          [- | - | -] - binding parameter (2:TIMESTAMP_UTC) <- [2026-04-05T15:08:12.639056600Z]
26-04-06 00:08:11.644 [Test worker] TRACE org.hibernate.orm.jdbc.bind          [- | - | -] - binding parameter (3:INTEGER) <- [11]
26-04-06 00:08:11.650 [Test worker] DEBUG org.hibernate.SQL                    [- | - | -] - 
    select
        m1_0.created_at 
    from
        messages m1_0 
    where
        m1_0.channel_id=? 
    order by
        m1_0.created_at desc 
    fetch
        first 1 rows only
26-04-06 00:08:11.650 [Test worker] TRACE org.hibernate.orm.jdbc.bind          [- | - | -] - binding parameter (1:UUID) <- [1f5bf2a0-a3b7-49f1-9c96-b68cb7300bd8]
26-04-06 00:08:11.657 [Test worker] DEBUG org.hibernate.SQL                    [- | - | -] - 
    insert 
    into
        channels
        (created_at, description, name, type, updated_at, id) 
    values
        (?, ?, ?, ?, ?, ?)
26-04-06 00:08:11.657 [Test worker] TRACE org.hibernate.orm.jdbc.bind          [- | - | -] - binding parameter (1:TIMESTAMP_UTC) <- [2026-04-05T15:08:11.656087Z]
26-04-06 00:08:11.658 [Test worker] TRACE org.hibernate.orm.jdbc.bind          [- | - | -] - binding parameter (2:VARCHAR) <- [General]
26-04-06 00:08:11.658 [Test worker] TRACE org.hibernate.orm.jdbc.bind          [- | - | -] - binding parameter (3:VARCHAR) <- [general]
26-04-06 00:08:11.658 [Test worker] TRACE org.hibernate.orm.jdbc.bind          [- | - | -] - binding parameter (4:ENUM) <- [PUBLIC]
26-04-06 00:08:11.658 [Test worker] TRACE org.hibernate.orm.jdbc.bind          [- | - | -] - binding parameter (5:TIMESTAMP_UTC) <- [2026-04-05T15:08:11.656087Z]
26-04-06 00:08:11.658 [Test worker] TRACE org.hibernate.orm.jdbc.bind          [- | - | -] - binding parameter (6:UUID) <- [77623221-e28a-4fd2-94ef-4fae678c24f6]
26-04-06 00:08:11.659 [Test worker] DEBUG org.hibernate.SQL                    [- | - | -] - 
    insert 
    into
        users
        (created_at, email, password, profile_id, updated_at, username, id) 
    values
        (?, ?, ?, ?, ?, ?, ?)
26-04-06 00:08:11.659 [Test worker] TRACE org.hibernate.orm.jdbc.bind          [- | - | -] - binding parameter (1:TIMESTAMP_UTC) <- [2026-04-05T15:08:11.656087Z]
26-04-06 00:08:11.659 [Test worker] TRACE org.hibernate.orm.jdbc.bind          [- | - | -] - binding parameter (2:VARCHAR) <- [author@test.com]
26-04-06 00:08:11.659 [Test worker] TRACE org.hibernate.orm.jdbc.bind          [- | - | -] - binding parameter (3:VARCHAR) <- [pass]
26-04-06 00:08:11.659 [Test worker] TRACE org.hibernate.orm.jdbc.bind          [- | - | -] - binding parameter (4:UUID) <- [null]
26-04-06 00:08:11.659 [Test worker] TRACE org.hibernate.orm.jdbc.bind          [- | - | -] - binding parameter (5:TIMESTAMP_UTC) <- [2026-04-05T15:08:11.656087Z]
26-04-06 00:08:11.659 [Test worker] TRACE org.hibernate.orm.jdbc.bind          [- | - | -] - binding parameter (6:VARCHAR) <- [author]
26-04-06 00:08:11.659 [Test worker] TRACE org.hibernate.orm.jdbc.bind          [- | - | -] - binding parameter (7:UUID) <- [d58a6147-ffa2-47af-afcb-76b09ada762a]
26-04-06 00:08:11.660 [Test worker] DEBUG org.hibernate.SQL                    [- | - | -] - 
    insert 
    into
        user_statuses
        (created_at, last_active_at, updated_at, user_id, id) 
    values
        (?, ?, ?, ?, ?)
26-04-06 00:08:11.660 [Test worker] TRACE org.hibernate.orm.jdbc.bind          [- | - | -] - binding parameter (1:TIMESTAMP_UTC) <- [2026-04-05T15:08:11.656087Z]
26-04-06 00:08:11.660 [Test worker] TRACE org.hibernate.orm.jdbc.bind          [- | - | -] - binding parameter (2:TIMESTAMP_UTC) <- [2026-04-05T15:08:11.656087Z]
26-04-06 00:08:11.660 [Test worker] TRACE org.hibernate.orm.jdbc.bind          [- | - | -] - binding parameter (3:TIMESTAMP_UTC) <- [2026-04-05T15:08:11.656087Z]
26-04-06 00:08:11.660 [Test worker] TRACE org.hibernate.orm.jdbc.bind          [- | - | -] - binding parameter (4:UUID) <- [d58a6147-ffa2-47af-afcb-76b09ada762a]
26-04-06 00:08:11.660 [Test worker] TRACE org.hibernate.orm.jdbc.bind          [- | - | -] - binding parameter (5:UUID) <- [e887d452-5095-48e5-a18a-a9152e9d075b]
26-04-06 00:08:11.660 [Test worker] DEBUG org.hibernate.SQL                    [- | - | -] - 
    insert 
    into
        messages
        (author_id, channel_id, content, created_at, updated_at, id) 
    values
        (?, ?, ?, ?, ?, ?)
26-04-06 00:08:11.660 [Test worker] TRACE org.hibernate.orm.jdbc.bind          [- | - | -] - binding parameter (1:UUID) <- [d58a6147-ffa2-47af-afcb-76b09ada762a]
26-04-06 00:08:11.660 [Test worker] TRACE org.hibernate.orm.jdbc.bind          [- | - | -] - binding parameter (2:UUID) <- [77623221-e28a-4fd2-94ef-4fae678c24f6]
26-04-06 00:08:11.660 [Test worker] TRACE org.hibernate.orm.jdbc.bind          [- | - | -] - binding parameter (3:VARCHAR) <- [msg1]
26-04-06 00:08:11.660 [Test worker] TRACE org.hibernate.orm.jdbc.bind          [- | - | -] - binding parameter (4:TIMESTAMP_UTC) <- [2026-04-05T15:08:11.656087Z]
26-04-06 00:08:11.660 [Test worker] TRACE org.hibernate.orm.jdbc.bind          [- | - | -] - binding parameter (5:TIMESTAMP_UTC) <- [2026-04-05T15:08:11.656087Z]
26-04-06 00:08:11.660 [Test worker] TRACE org.hibernate.orm.jdbc.bind          [- | - | -] - binding parameter (6:UUID) <- [404e9b5c-ce29-446b-870b-ae12c610d401]
26-04-06 00:08:11.661 [Test worker] DEBUG org.hibernate.SQL                    [- | - | -] - 
    select
        m1_0.id,
        a1_0.id,
        a1_0.created_at,
        a1_0.email,
        a1_0.password,
        p1_0.id,
        p1_0.content_type,
        p1_0.created_at,
        p1_0.file_name,
        p1_0.size,
        s1_0.id,
        s1_0.created_at,
        s1_0.last_active_at,
        s1_0.updated_at,
        s1_0.user_id,
        a1_0.updated_at,
        a1_0.username,
        m1_0.channel_id,
        m1_0.content,
        m1_0.created_at,
        m1_0.updated_at 
    from
        messages m1_0 
    left join
        users a1_0 
            on a1_0.id=m1_0.author_id 
    join
        user_statuses s1_0 
            on a1_0.id=s1_0.user_id 
    left join
        binary_contents p1_0 
            on p1_0.id=a1_0.profile_id 
    where
        m1_0.channel_id=? 
        and m1_0.created_at<? 
    order by
        m1_0.created_at desc 
    fetch
        first ? rows only
26-04-06 00:08:11.662 [Test worker] TRACE org.hibernate.orm.jdbc.bind          [- | - | -] - binding parameter (1:UUID) <- [77623221-e28a-4fd2-94ef-4fae678c24f6]
26-04-06 00:08:11.662 [Test worker] TRACE org.hibernate.orm.jdbc.bind          [- | - | -] - binding parameter (2:TIMESTAMP_UTC) <- [2026-04-05T15:07:11.656087Z]
26-04-06 00:08:11.662 [Test worker] TRACE org.hibernate.orm.jdbc.bind          [- | - | -] - binding parameter (3:INTEGER) <- [11]
26-04-06 00:08:11.665 [Test worker] INFO  o.s.t.c.s.AnnotationConfigContextLoaderUtils [- | - | -] - Could not detect default configuration classes for test class [com.sprint.mission.discodeit.repository.UserRepositoryTest]: UserRepositoryTest does not declare any static, non-private, non-final, nested classes annotated with @Configuration.
26-04-06 00:08:11.667 [Test worker] INFO  o.s.b.t.c.SpringBootTestContextBootstrapper [- | - | -] - Found @SpringBootConfiguration com.sprint.mission.discodeit.DiscodeitApplication for test class com.sprint.mission.discodeit.repository.UserRepositoryTest
26-04-06 00:08:11.671 [Test worker] DEBUG org.hibernate.SQL                    [- | - | -] - 
    select
        u1_0.id 
    from
        users u1_0 
    where
        u1_0.email=? 
    fetch
        first ? rows only
26-04-06 00:08:11.671 [Test worker] TRACE org.hibernate.orm.jdbc.bind          [- | - | -] - binding parameter (1:VARCHAR) <- [notexist@test.com]
26-04-06 00:08:11.671 [Test worker] TRACE org.hibernate.orm.jdbc.bind          [- | - | -] - binding parameter (2:INTEGER) <- [1]
26-04-06 00:08:11.678 [Test worker] DEBUG org.hibernate.SQL                    [- | - | -] - 
    insert 
    into
        users
        (created_at, email, password, profile_id, updated_at, username, id) 
    values
        (?, ?, ?, ?, ?, ?, ?)
26-04-06 00:08:11.679 [Test worker] TRACE org.hibernate.orm.jdbc.bind          [- | - | -] - binding parameter (1:TIMESTAMP_UTC) <- [2026-04-05T15:08:11.677108800Z]
26-04-06 00:08:11.679 [Test worker] TRACE org.hibernate.orm.jdbc.bind          [- | - | -] - binding parameter (2:VARCHAR) <- [user1@test.com]
26-04-06 00:08:11.679 [Test worker] TRACE org.hibernate.orm.jdbc.bind          [- | - | -] - binding parameter (3:VARCHAR) <- [password123]
26-04-06 00:08:11.679 [Test worker] TRACE org.hibernate.orm.jdbc.bind          [- | - | -] - binding parameter (4:UUID) <- [null]
26-04-06 00:08:11.679 [Test worker] TRACE org.hibernate.orm.jdbc.bind          [- | - | -] - binding parameter (5:TIMESTAMP_UTC) <- [2026-04-05T15:08:11.677108800Z]
26-04-06 00:08:11.679 [Test worker] TRACE org.hibernate.orm.jdbc.bind          [- | - | -] - binding parameter (6:VARCHAR) <- [user1]
26-04-06 00:08:11.679 [Test worker] TRACE org.hibernate.orm.jdbc.bind          [- | - | -] - binding parameter (7:UUID) <- [e1ed7a89-870a-4052-9e57-58a7e93ceb60]
26-04-06 00:08:11.680 [Test worker] DEBUG org.hibernate.SQL                    [- | - | -] - 
    insert 
    into
        user_statuses
        (created_at, last_active_at, updated_at, user_id, id) 
    values
        (?, ?, ?, ?, ?)
26-04-06 00:08:11.680 [Test worker] TRACE org.hibernate.orm.jdbc.bind          [- | - | -] - binding parameter (1:TIMESTAMP_UTC) <- [2026-04-05T15:08:11.677108800Z]
26-04-06 00:08:11.680 [Test worker] TRACE org.hibernate.orm.jdbc.bind          [- | - | -] - binding parameter (2:TIMESTAMP_UTC) <- [2026-04-05T15:08:11.677108800Z]
26-04-06 00:08:11.680 [Test worker] TRACE org.hibernate.orm.jdbc.bind          [- | - | -] - binding parameter (3:TIMESTAMP_UTC) <- [2026-04-05T15:08:11.677108800Z]
26-04-06 00:08:11.680 [Test worker] TRACE org.hibernate.orm.jdbc.bind          [- | - | -] - binding parameter (4:UUID) <- [e1ed7a89-870a-4052-9e57-58a7e93ceb60]
26-04-06 00:08:11.680 [Test worker] TRACE org.hibernate.orm.jdbc.bind          [- | - | -] - binding parameter (5:UUID) <- [9dca7cb8-11ba-4237-8082-b4c85a400560]
26-04-06 00:08:11.680 [Test worker] DEBUG org.hibernate.SQL                    [- | - | -] - 
    select
        u1_0.id 
    from
        users u1_0 
    where
        u1_0.email=? 
    fetch
        first ? rows only
26-04-06 00:08:11.681 [Test worker] TRACE org.hibernate.orm.jdbc.bind          [- | - | -] - binding parameter (1:VARCHAR) <- [user1@test.com]
26-04-06 00:08:11.681 [Test worker] TRACE org.hibernate.orm.jdbc.bind          [- | - | -] - binding parameter (2:INTEGER) <- [1]
26-04-06 00:08:11.688 [Test worker] DEBUG org.hibernate.SQL                    [- | - | -] - 
    insert 
    into
        users
        (created_at, email, password, profile_id, updated_at, username, id) 
    values
        (?, ?, ?, ?, ?, ?, ?)
26-04-06 00:08:11.688 [Test worker] TRACE org.hibernate.orm.jdbc.bind          [- | - | -] - binding parameter (1:TIMESTAMP_UTC) <- [2026-04-05T15:08:11.684612Z]
26-04-06 00:08:11.688 [Test worker] TRACE org.hibernate.orm.jdbc.bind          [- | - | -] - binding parameter (2:VARCHAR) <- [alpha@test.com]
26-04-06 00:08:11.688 [Test worker] TRACE org.hibernate.orm.jdbc.bind          [- | - | -] - binding parameter (3:VARCHAR) <- [password123]
26-04-06 00:08:11.688 [Test worker] TRACE org.hibernate.orm.jdbc.bind          [- | - | -] - binding parameter (4:UUID) <- [null]
26-04-06 00:08:11.688 [Test worker] TRACE org.hibernate.orm.jdbc.bind          [- | - | -] - binding parameter (5:TIMESTAMP_UTC) <- [2026-04-05T15:08:11.684612Z]
26-04-06 00:08:11.688 [Test worker] TRACE org.hibernate.orm.jdbc.bind          [- | - | -] - binding parameter (6:VARCHAR) <- [alpha]
26-04-06 00:08:11.688 [Test worker] TRACE org.hibernate.orm.jdbc.bind          [- | - | -] - binding parameter (7:UUID) <- [0921c5d5-8ce9-4164-a5e9-24cbb51383da]
26-04-06 00:08:11.689 [Test worker] DEBUG org.hibernate.SQL                    [- | - | -] - 
    insert 
    into
        user_statuses
        (created_at, last_active_at, updated_at, user_id, id) 
    values
        (?, ?, ?, ?, ?)
26-04-06 00:08:11.689 [Test worker] TRACE org.hibernate.orm.jdbc.bind          [- | - | -] - binding parameter (1:TIMESTAMP_UTC) <- [2026-04-05T15:08:11.684612Z]
26-04-06 00:08:11.689 [Test worker] TRACE org.hibernate.orm.jdbc.bind          [- | - | -] - binding parameter (2:TIMESTAMP_UTC) <- [2026-04-05T15:08:11.684612Z]
26-04-06 00:08:11.689 [Test worker] TRACE org.hibernate.orm.jdbc.bind          [- | - | -] - binding parameter (3:TIMESTAMP_UTC) <- [2026-04-05T15:08:11.684612Z]
26-04-06 00:08:11.689 [Test worker] TRACE org.hibernate.orm.jdbc.bind          [- | - | -] - binding parameter (4:UUID) <- [0921c5d5-8ce9-4164-a5e9-24cbb51383da]
26-04-06 00:08:11.689 [Test worker] TRACE org.hibernate.orm.jdbc.bind          [- | - | -] - binding parameter (5:UUID) <- [3c1fafd3-04da-4570-97e0-d6912607a6bd]
26-04-06 00:08:11.689 [Test worker] DEBUG org.hibernate.SQL                    [- | - | -] - 
    insert 
    into
        users
        (created_at, email, password, profile_id, updated_at, username, id) 
    values
        (?, ?, ?, ?, ?, ?, ?)
26-04-06 00:08:11.689 [Test worker] TRACE org.hibernate.orm.jdbc.bind          [- | - | -] - binding parameter (1:TIMESTAMP_UTC) <- [2026-04-05T15:08:11.684612Z]
26-04-06 00:08:11.690 [Test worker] TRACE org.hibernate.orm.jdbc.bind          [- | - | -] - binding parameter (2:VARCHAR) <- [beta@test.com]
26-04-06 00:08:11.690 [Test worker] TRACE org.hibernate.orm.jdbc.bind          [- | - | -] - binding parameter (3:VARCHAR) <- [password123]
26-04-06 00:08:11.690 [Test worker] TRACE org.hibernate.orm.jdbc.bind          [- | - | -] - binding parameter (4:UUID) <- [null]
26-04-06 00:08:11.690 [Test worker] TRACE org.hibernate.orm.jdbc.bind          [- | - | -] - binding parameter (5:TIMESTAMP_UTC) <- [2026-04-05T15:08:11.684612Z]
26-04-06 00:08:11.690 [Test worker] TRACE org.hibernate.orm.jdbc.bind          [- | - | -] - binding parameter (6:VARCHAR) <- [beta]
26-04-06 00:08:11.690 [Test worker] TRACE org.hibernate.orm.jdbc.bind          [- | - | -] - binding parameter (7:UUID) <- [ac0eb28f-ec56-48eb-b852-66266f9eed04]
26-04-06 00:08:11.690 [Test worker] DEBUG org.hibernate.SQL                    [- | - | -] - 
    insert 
    into
        user_statuses
        (created_at, last_active_at, updated_at, user_id, id) 
    values
        (?, ?, ?, ?, ?)
26-04-06 00:08:11.690 [Test worker] TRACE org.hibernate.orm.jdbc.bind          [- | - | -] - binding parameter (1:TIMESTAMP_UTC) <- [2026-04-05T15:08:11.685619Z]
26-04-06 00:08:11.690 [Test worker] TRACE org.hibernate.orm.jdbc.bind          [- | - | -] - binding parameter (2:TIMESTAMP_UTC) <- [2026-04-05T15:08:11.685619Z]
26-04-06 00:08:11.690 [Test worker] TRACE org.hibernate.orm.jdbc.bind          [- | - | -] - binding parameter (3:TIMESTAMP_UTC) <- [2026-04-05T15:08:11.685619Z]
26-04-06 00:08:11.690 [Test worker] TRACE org.hibernate.orm.jdbc.bind          [- | - | -] - binding parameter (4:UUID) <- [ac0eb28f-ec56-48eb-b852-66266f9eed04]
26-04-06 00:08:11.690 [Test worker] TRACE org.hibernate.orm.jdbc.bind          [- | - | -] - binding parameter (5:UUID) <- [ce3d4ab8-7afc-4d0a-b94e-03346fe940d1]
26-04-06 00:08:11.691 [Test worker] DEBUG org.hibernate.SQL                    [- | - | -] - 
    select
        u1_0.id,
        u1_0.created_at,
        u1_0.email,
        u1_0.password,
        p1_0.id,
        p1_0.content_type,
        p1_0.created_at,
        p1_0.file_name,
        p1_0.size,
        s1_0.id,
        s1_0.created_at,
        s1_0.last_active_at,
        s1_0.updated_at,
        s1_0.user_id,
        u1_0.updated_at,
        u1_0.username 
    from
        users u1_0 
    left join
        binary_contents p1_0 
            on p1_0.id=u1_0.profile_id 
    join
        user_statuses s1_0 
            on u1_0.id=s1_0.user_id
26-04-06 00:08:11.697 [Test worker] DEBUG org.hibernate.SQL                    [- | - | -] - 
    insert 
    into
        users
        (created_at, email, password, profile_id, updated_at, username, id) 
    values
        (?, ?, ?, ?, ?, ?, ?)
26-04-06 00:08:11.698 [Test worker] TRACE org.hibernate.orm.jdbc.bind          [- | - | -] - binding parameter (1:TIMESTAMP_UTC) <- [2026-04-05T15:08:11.696127900Z]
26-04-06 00:08:11.698 [Test worker] TRACE org.hibernate.orm.jdbc.bind          [- | - | -] - binding parameter (2:VARCHAR) <- [dup@test.com]
26-04-06 00:08:11.698 [Test worker] TRACE org.hibernate.orm.jdbc.bind          [- | - | -] - binding parameter (3:VARCHAR) <- [password123]
26-04-06 00:08:11.698 [Test worker] TRACE org.hibernate.orm.jdbc.bind          [- | - | -] - binding parameter (4:UUID) <- [null]
26-04-06 00:08:11.698 [Test worker] TRACE org.hibernate.orm.jdbc.bind          [- | - | -] - binding parameter (5:TIMESTAMP_UTC) <- [2026-04-05T15:08:11.696127900Z]
26-04-06 00:08:11.698 [Test worker] TRACE org.hibernate.orm.jdbc.bind          [- | - | -] - binding parameter (6:VARCHAR) <- [dupuser]
26-04-06 00:08:11.698 [Test worker] TRACE org.hibernate.orm.jdbc.bind          [- | - | -] - binding parameter (7:UUID) <- [96830b4e-bf9a-4f99-b6e1-bc1422f4d499]
26-04-06 00:08:11.699 [Test worker] DEBUG org.hibernate.SQL                    [- | - | -] - 
    insert 
    into
        user_statuses
        (created_at, last_active_at, updated_at, user_id, id) 
    values
        (?, ?, ?, ?, ?)
26-04-06 00:08:11.699 [Test worker] TRACE org.hibernate.orm.jdbc.bind          [- | - | -] - binding parameter (1:TIMESTAMP_UTC) <- [2026-04-05T15:08:11.696127900Z]
26-04-06 00:08:11.699 [Test worker] TRACE org.hibernate.orm.jdbc.bind          [- | - | -] - binding parameter (2:TIMESTAMP_UTC) <- [2026-04-05T15:08:11.696127900Z]
26-04-06 00:08:11.699 [Test worker] TRACE org.hibernate.orm.jdbc.bind          [- | - | -] - binding parameter (3:TIMESTAMP_UTC) <- [2026-04-05T15:08:11.696127900Z]
26-04-06 00:08:11.699 [Test worker] TRACE org.hibernate.orm.jdbc.bind          [- | - | -] - binding parameter (4:UUID) <- [96830b4e-bf9a-4f99-b6e1-bc1422f4d499]
26-04-06 00:08:11.699 [Test worker] TRACE org.hibernate.orm.jdbc.bind          [- | - | -] - binding parameter (5:UUID) <- [e2e1ce96-5016-43d6-8464-e9b7d180284c]
26-04-06 00:08:11.699 [Test worker] DEBUG org.hibernate.SQL                    [- | - | -] - 
    select
        u1_0.id 
    from
        users u1_0 
    where
        u1_0.username=? 
    fetch
        first ? rows only
26-04-06 00:08:11.699 [Test worker] TRACE org.hibernate.orm.jdbc.bind          [- | - | -] - binding parameter (1:VARCHAR) <- [dupuser]
26-04-06 00:08:11.699 [Test worker] TRACE org.hibernate.orm.jdbc.bind          [- | - | -] - binding parameter (2:INTEGER) <- [1]
26-04-06 00:08:11.704 [Test worker] DEBUG org.hibernate.SQL                    [- | - | -] - 
    select
        u1_0.id,
        u1_0.created_at,
        u1_0.email,
        u1_0.password,
        u1_0.profile_id,
        u1_0.updated_at,
        u1_0.username 
    from
        users u1_0 
    where
        u1_0.username=?
26-04-06 00:08:11.705 [Test worker] TRACE org.hibernate.orm.jdbc.bind          [- | - | -] - binding parameter (1:VARCHAR) <- [nobody]
26-04-06 00:08:11.715 [Test worker] DEBUG org.hibernate.SQL                    [- | - | -] - 
    insert 
    into
        users
        (created_at, email, password, profile_id, updated_at, username, id) 
    values
        (?, ?, ?, ?, ?, ?, ?)
26-04-06 00:08:11.715 [Test worker] TRACE org.hibernate.orm.jdbc.bind          [- | - | -] - binding parameter (1:TIMESTAMP_UTC) <- [2026-04-05T15:08:11.713335500Z]
26-04-06 00:08:11.715 [Test worker] TRACE org.hibernate.orm.jdbc.bind          [- | - | -] - binding parameter (2:VARCHAR) <- [findme@test.com]
26-04-06 00:08:11.715 [Test worker] TRACE org.hibernate.orm.jdbc.bind          [- | - | -] - binding parameter (3:VARCHAR) <- [password123]
26-04-06 00:08:11.715 [Test worker] TRACE org.hibernate.orm.jdbc.bind          [- | - | -] - binding parameter (4:UUID) <- [null]
26-04-06 00:08:11.715 [Test worker] TRACE org.hibernate.orm.jdbc.bind          [- | - | -] - binding parameter (5:TIMESTAMP_UTC) <- [2026-04-05T15:08:11.713335500Z]
26-04-06 00:08:11.715 [Test worker] TRACE org.hibernate.orm.jdbc.bind          [- | - | -] - binding parameter (6:VARCHAR) <- [findme]
26-04-06 00:08:11.715 [Test worker] TRACE org.hibernate.orm.jdbc.bind          [- | - | -] - binding parameter (7:UUID) <- [cfb6a697-5aa3-4220-8fd6-0f34fc0b32be]
26-04-06 00:08:11.716 [Test worker] DEBUG org.hibernate.SQL                    [- | - | -] - 
    insert 
    into
        user_statuses
        (created_at, last_active_at, updated_at, user_id, id) 
    values
        (?, ?, ?, ?, ?)
26-04-06 00:08:11.716 [Test worker] TRACE org.hibernate.orm.jdbc.bind          [- | - | -] - binding parameter (1:TIMESTAMP_UTC) <- [2026-04-05T15:08:11.713335500Z]
26-04-06 00:08:11.716 [Test worker] TRACE org.hibernate.orm.jdbc.bind          [- | - | -] - binding parameter (2:TIMESTAMP_UTC) <- [2026-04-05T15:08:11.713335500Z]
26-04-06 00:08:11.716 [Test worker] TRACE org.hibernate.orm.jdbc.bind          [- | - | -] - binding parameter (3:TIMESTAMP_UTC) <- [2026-04-05T15:08:11.713335500Z]
26-04-06 00:08:11.716 [Test worker] TRACE org.hibernate.orm.jdbc.bind          [- | - | -] - binding parameter (4:UUID) <- [cfb6a697-5aa3-4220-8fd6-0f34fc0b32be]
26-04-06 00:08:11.716 [Test worker] TRACE org.hibernate.orm.jdbc.bind          [- | - | -] - binding parameter (5:UUID) <- [23ed3c65-a1d3-4e05-9306-e8b7909d7840]
26-04-06 00:08:11.716 [Test worker] DEBUG org.hibernate.SQL                    [- | - | -] - 
    select
        u1_0.id,
        u1_0.created_at,
        u1_0.email,
        u1_0.password,
        u1_0.profile_id,
        u1_0.updated_at,
        u1_0.username 
    from
        users u1_0 
    where
        u1_0.username=?
26-04-06 00:08:11.717 [Test worker] TRACE org.hibernate.orm.jdbc.bind          [- | - | -] - binding parameter (1:VARCHAR) <- [findme]
26-04-06 00:08:11.887 [Test worker] DEBUG c.s.m.d.s.basic.BasicAuthService     [- | - | -] - Login attempt: username=testuser
26-04-06 00:08:11.894 [Test worker] DEBUG c.s.m.d.s.basic.BasicAuthService     [- | - | -] - Login attempt: username=testuser
26-04-06 00:08:11.895 [Test worker] INFO  c.s.m.d.s.basic.BasicAuthService     [- | - | -] - Login successful: username=testuser
26-04-06 00:08:11.896 [Test worker] DEBUG c.s.m.d.s.basic.BasicAuthService     [- | - | -] - Login attempt: username=nobody
26-04-06 00:08:12.110 [Test worker] DEBUG c.s.m.d.s.basic.BasicChannelService  [- | - | -] - Updating channel: id=bd094c99-5ae7-451a-b1ce-955566b4bf43
26-04-06 00:08:12.119 [Test worker] DEBUG c.s.m.d.s.basic.BasicChannelService  [- | - | -] - Fetching channels for userId=8a68f84f-3472-4b26-b64a-f67914a46f3d
26-04-06 00:08:12.122 [Test worker] DEBUG c.s.m.d.s.basic.BasicChannelService  [- | - | -] - Deleting channel: id=80447784-658a-45d4-99f8-0b541cfcdab0
26-04-06 00:08:12.122 [Test worker] INFO  c.s.m.d.s.basic.BasicChannelService  [- | - | -] - Channel deleted: id=80447784-658a-45d4-99f8-0b541cfcdab0
26-04-06 00:08:12.139 [Test worker] DEBUG c.s.m.d.s.basic.BasicChannelService  [- | - | -] - Creating private channel: participantIds=[3c57f272-141a-44fd-bb9d-6dcf0e1f495d, 3c0a4960-9f62-4679-b0a2-89e008835c45]
26-04-06 00:08:12.140 [Test worker] INFO  c.s.m.d.s.basic.BasicChannelService  [- | - | -] - Private channel created: id=null
26-04-06 00:08:12.142 [Test worker] DEBUG c.s.m.d.s.basic.BasicChannelService  [- | - | -] - Deleting channel: id=70986ec3-7bef-41a8-b4ae-b081f2a98265
26-04-06 00:08:12.144 [Test worker] DEBUG c.s.m.d.s.basic.BasicChannelService  [- | - | -] - Creating public channel: name=general
26-04-06 00:08:12.144 [Test worker] INFO  c.s.m.d.s.basic.BasicChannelService  [- | - | -] - Public channel created: id=null, name=general
26-04-06 00:08:12.146 [Test worker] DEBUG c.s.m.d.s.basic.BasicChannelService  [- | - | -] - Updating channel: id=867b7f2e-a4f5-4955-b4cc-a7b72156dd93
26-04-06 00:08:12.148 [Test worker] DEBUG c.s.m.d.s.basic.BasicChannelService  [- | - | -] - Updating channel: id=67c059f2-ff9d-43d0-bf1b-37f3244fd6aa
26-04-06 00:08:12.148 [Test worker] INFO  c.s.m.d.s.basic.BasicChannelService  [- | - | -] - Channel updated: id=67c059f2-ff9d-43d0-bf1b-37f3244fd6aa
26-04-06 00:08:12.150 [Test worker] DEBUG c.s.m.d.s.basic.BasicChannelService  [- | - | -] - Fetching channels for userId=eff575ec-80c1-47d4-9bf1-798e38510de0
26-04-06 00:08:12.325 [Test worker] DEBUG c.s.m.d.s.basic.BasicMessageService  [- | - | -] - Deleting message: id=c16dd8c9-65cb-4e1e-b55a-38e53c208084
26-04-06 00:08:12.326 [Test worker] INFO  c.s.m.d.s.basic.BasicMessageService  [- | - | -] - Message deleted: id=c16dd8c9-65cb-4e1e-b55a-38e53c208084
26-04-06 00:08:12.328 [Test worker] DEBUG c.s.m.d.s.basic.BasicMessageService  [- | - | -] - Updating message: id=b4a7b05b-b84a-403f-bc2a-6a2bd2474c36
26-04-06 00:08:12.331 [Test worker] DEBUG c.s.m.d.s.basic.BasicMessageService  [- | - | -] - Deleting message: id=b4a565d1-2af0-4c80-9156-dc69a3bbeb35
26-04-06 00:08:12.333 [Test worker] DEBUG c.s.m.d.s.basic.BasicMessageService  [- | - | -] - Creating message: channelId=4e1c6820-9e77-44b5-b694-0001392c7b70, authorId=0548e391-8386-46bd-910b-d5a2d39e5e6e
26-04-06 00:08:12.334 [Test worker] DEBUG c.s.m.d.s.basic.BasicMessageService  [- | - | -] - Creating message: channelId=0f7ce948-b26e-45e4-96d2-138c2e199064, authorId=1cf23f64-476a-4f86-bfa8-4cb21ced9524
26-04-06 00:08:12.340 [Test worker] DEBUG c.s.m.d.s.basic.BasicMessageService  [- | - | -] - Fetching messages: channelId=4d9e0ddc-9db5-41fa-9348-8f21f7c1bd8f, cursor=null
26-04-06 00:08:12.342 [Test worker] DEBUG c.s.m.d.s.basic.BasicMessageService  [- | - | -] - Updating message: id=297c9699-5b78-4282-8137-9dd7b173d92b
26-04-06 00:08:12.342 [Test worker] INFO  c.s.m.d.s.basic.BasicMessageService  [- | - | -] - Message updated: id=297c9699-5b78-4282-8137-9dd7b173d92b
26-04-06 00:08:12.345 [Test worker] DEBUG c.s.m.d.s.basic.BasicMessageService  [- | - | -] - Creating message: channelId=2e460c7e-617c-4574-8a28-9a5827564c77, authorId=039ab4a3-ffd8-4ea8-a43a-865fe72efa45
26-04-06 00:08:12.345 [Test worker] INFO  c.s.m.d.s.basic.BasicMessageService  [- | - | -] - Message created: id=null, channelId=2e460c7e-617c-4574-8a28-9a5827564c77, authorId=039ab4a3-ffd8-4ea8-a43a-865fe72efa45
26-04-06 00:08:12.405 [Test worker] DEBUG c.s.m.d.s.basic.BasicUserService     [- | - | -] - Deleting user: id=b619bad3-545a-491b-9475-b86e8591468b
26-04-06 00:08:12.405 [Test worker] INFO  c.s.m.d.s.basic.BasicUserService     [- | - | -] - User deleted: id=b619bad3-545a-491b-9475-b86e8591468b
26-04-06 00:08:12.407 [Test worker] DEBUG c.s.m.d.s.basic.BasicUserService     [- | - | -] - Deleting user: id=0db29b4d-a60d-4af8-bb46-3a9e09134164
26-04-06 00:08:12.409 [Test worker] DEBUG c.s.m.d.s.basic.BasicUserService     [- | - | -] - Creating user: username=testuser, email=test@example.com
26-04-06 00:08:12.411 [Test worker] DEBUG c.s.m.d.s.basic.BasicUserService     [- | - | -] - Creating user: username=testuser, email=test@example.com
26-04-06 00:08:12.412 [Test worker] DEBUG c.s.m.d.s.basic.BasicUserService     [- | - | -] - Updating user: id=9e156b3b-ed06-4120-89d7-c9d434837211
26-04-06 00:08:12.413 [Test worker] INFO  c.s.m.d.s.basic.BasicUserService     [- | - | -] - User updated: id=9e156b3b-ed06-4120-89d7-c9d434837211
26-04-06 00:08:12.414 [Test worker] DEBUG c.s.m.d.s.basic.BasicUserService     [- | - | -] - Creating user: username=testuser, email=test@example.com
26-04-06 00:08:12.415 [Test worker] INFO  c.s.m.d.s.basic.BasicUserService     [- | - | -] - User created: id=null, username=testuser
26-04-06 00:08:12.417 [Test worker] DEBUG c.s.m.d.s.basic.BasicUserService     [- | - | -] - Updating user: id=b7736271-fd2f-412f-9065-cfcafcd23e19
26-04-06 00:08:12.458 [Test worker] DEBUG c.s.m.d.s.b.BasicUserStatusService   [- | - | -] - Updating UserStatus by userId=0ae4a115-2aca-4074-9d43-12abfaffc84b
26-04-06 00:08:12.460 [Test worker] DEBUG c.s.m.d.s.b.BasicUserStatusService   [- | - | -] - Deleting UserStatus: id=6484fb79-543f-4989-b6e0-95b1025850dc
26-04-06 00:08:12.460 [Test worker] INFO  c.s.m.d.s.b.BasicUserStatusService   [- | - | -] - UserStatus deleted: id=6484fb79-543f-4989-b6e0-95b1025850dc
26-04-06 00:08:12.462 [Test worker] DEBUG c.s.m.d.s.b.BasicUserStatusService   [- | - | -] - Creating UserStatus for userId=9c80ee16-5a15-4ee2-9ad9-606db1ca6067
26-04-06 00:08:12.464 [Test worker] DEBUG c.s.m.d.s.b.BasicUserStatusService   [- | - | -] - Updating UserStatus by userId=8d4147cf-535f-4110-8767-d2f20b724126
26-04-06 00:08:12.464 [Test worker] INFO  c.s.m.d.s.b.BasicUserStatusService   [- | - | -] - UserStatus updated by userId=8d4147cf-535f-4110-8767-d2f20b724126
26-04-06 00:08:12.466 [Test worker] DEBUG c.s.m.d.s.b.BasicUserStatusService   [- | - | -] - Updating UserStatus: id=86da2015-8c25-44f3-8b0d-7418bbc2eeed
26-04-06 00:08:12.467 [Test worker] DEBUG c.s.m.d.s.b.BasicUserStatusService   [- | - | -] - Updating UserStatus: id=c14aa95f-7196-4013-994f-c33719a7a99e
26-04-06 00:08:12.467 [Test worker] INFO  c.s.m.d.s.b.BasicUserStatusService   [- | - | -] - UserStatus updated: id=c14aa95f-7196-4013-994f-c33719a7a99e
26-04-06 00:08:12.468 [Test worker] DEBUG c.s.m.d.s.b.BasicUserStatusService   [- | - | -] - Deleting UserStatus: id=d1df9433-1d1e-4665-ae30-ec47d640f190
26-04-06 00:08:12.470 [Test worker] DEBUG c.s.m.d.s.b.BasicUserStatusService   [- | - | -] - Creating UserStatus for userId=8af8d2a6-de00-47a6-b128-634bebaaa8e7
26-04-06 00:08:12.501 [SpringApplicationShutdownHook] INFO  o.s.o.j.LocalContainerEntityManagerFactoryBean [- | - | -] - Closing JPA EntityManagerFactory for persistence unit 'default'
26-04-06 00:08:12.720 [SpringApplicationShutdownHook] DEBUG org.hibernate.SQL                    [- | - | -] - 
    drop table if exists binary_contents cascade 
26-04-06 00:08:12.722 [SpringApplicationShutdownHook] DEBUG org.hibernate.SQL                    [- | - | -] - 
    drop table if exists channels cascade 
26-04-06 00:08:12.723 [SpringApplicationShutdownHook] DEBUG org.hibernate.SQL                    [- | - | -] - 
    drop table if exists message_attachments cascade 
26-04-06 00:08:12.723 [SpringApplicationShutdownHook] DEBUG org.hibernate.SQL                    [- | - | -] - 
    drop table if exists messages cascade 
26-04-06 00:08:12.724 [SpringApplicationShutdownHook] DEBUG org.hibernate.SQL                    [- | - | -] - 
    drop table if exists read_statuses cascade 
26-04-06 00:08:12.724 [SpringApplicationShutdownHook] DEBUG org.hibernate.SQL                    [- | - | -] - 
    drop table if exists user_statuses cascade 
26-04-06 00:08:12.725 [SpringApplicationShutdownHook] DEBUG org.hibernate.SQL                    [- | - | -] - 
    drop table if exists users cascade 
26-04-06 00:08:12.727 [SpringApplicationShutdownHook] INFO  com.zaxxer.hikari.HikariDataSource   [- | - | -] - HikariPool-1 - Shutdown initiated...
26-04-06 00:08:12.731 [SpringApplicationShutdownHook] INFO  com.zaxxer.hikari.HikariDataSource   [- | - | -] - HikariPool-1 - Shutdown completed.
26-04-06 00:08:12.734 [SpringApplicationShutdownHook] INFO  o.s.o.j.LocalContainerEntityManagerFactoryBean [- | - | -] - Closing JPA EntityManagerFactory for persistence unit 'default'
26-04-06 00:08:12.734 [SpringApplicationShutdownHook] DEBUG org.hibernate.SQL                    [- | - | -] - 
    drop table if exists binary_contents cascade 
26-04-06 00:08:12.735 [SpringApplicationShutdownHook] DEBUG org.hibernate.SQL                    [- | - | -] - 
    drop table if exists channels cascade 
26-04-06 00:08:12.735 [SpringApplicationShutdownHook] DEBUG org.hibernate.SQL                    [- | - | -] - 
    drop table if exists message_attachments cascade 
26-04-06 00:08:12.736 [SpringApplicationShutdownHook] DEBUG org.hibernate.SQL                    [- | - | -] - 
    drop table if exists messages cascade 
26-04-06 00:08:12.736 [SpringApplicationShutdownHook] DEBUG org.hibernate.SQL                    [- | - | -] - 
    drop table if exists read_statuses cascade 
26-04-06 00:08:12.736 [SpringApplicationShutdownHook] DEBUG org.hibernate.SQL                    [- | - | -] - 
    drop table if exists user_statuses cascade 
26-04-06 00:08:12.736 [SpringApplicationShutdownHook] DEBUG org.hibernate.SQL                    [- | - | -] - 
    drop table if exists users cascade 
26-04-06 00:11:12.256 [background-preinit] INFO  o.h.validator.internal.util.Version  [- | - | -] - HV000001: Hibernate Validator 8.0.1.Final
26-04-06 00:11:12.316 [Test worker] INFO  c.s.m.d.DiscodeitApplicationTests    [- | - | -] - Starting DiscodeitApplicationTests using Java 17.0.14 with PID 39760 (started by jaehoon in C:\Users\jaehoon\Desktop\9-sprint-mission\discodeit)
26-04-06 00:11:12.317 [Test worker] DEBUG c.s.m.d.DiscodeitApplicationTests    [- | - | -] - Running with Spring Boot v3.4.0, Spring v6.2.0
26-04-06 00:11:12.317 [Test worker] INFO  c.s.m.d.DiscodeitApplicationTests    [- | - | -] - The following 1 profile is active: "test"
26-04-06 00:11:13.447 [Test worker] INFO  o.s.d.r.c.RepositoryConfigurationDelegate [- | - | -] - Bootstrapping Spring Data JPA repositories in DEFAULT mode.
26-04-06 00:11:13.534 [Test worker] INFO  o.s.d.r.c.RepositoryConfigurationDelegate [- | - | -] - Finished Spring Data repository scanning in 77 ms. Found 6 JPA repository interfaces.
26-04-06 00:11:14.227 [Test worker] INFO  o.h.jpa.internal.util.LogHelper      [- | - | -] - HHH000204: Processing PersistenceUnitInfo [name: default]
26-04-06 00:11:14.319 [Test worker] INFO  org.hibernate.Version                [- | - | -] - HHH000412: Hibernate ORM core version 6.6.2.Final
26-04-06 00:11:14.364 [Test worker] INFO  o.h.c.i.RegionFactoryInitiator       [- | - | -] - HHH000026: Second-level cache disabled
26-04-06 00:11:14.705 [Test worker] INFO  o.s.o.j.p.SpringPersistenceUnitInfo  [- | - | -] - No LoadTimeWeaver setup: ignoring JPA class transformer
26-04-06 00:11:14.745 [Test worker] INFO  com.zaxxer.hikari.HikariDataSource   [- | - | -] - HikariPool-1 - Starting...
26-04-06 00:11:15.018 [Test worker] INFO  com.zaxxer.hikari.pool.HikariPool    [- | - | -] - HikariPool-1 - Added connection conn0: url=jdbc:h2:mem:testdb user=SA
26-04-06 00:11:15.021 [Test worker] INFO  com.zaxxer.hikari.HikariDataSource   [- | - | -] - HikariPool-1 - Start completed.
26-04-06 00:11:15.050 [Test worker] WARN  org.hibernate.orm.deprecation        [- | - | -] - HHH90000025: H2Dialect does not need to be specified explicitly using 'hibernate.dialect' (remove the property setting and it will be selected by default)
26-04-06 00:11:15.076 [Test worker] INFO  o.hibernate.orm.connections.pooling  [- | - | -] - HHH10001005: Database info:
	Database JDBC URL [Connecting through datasource 'HikariDataSource (HikariPool-1)']
	Database driver: undefined/unknown
	Database version: 2.3.232
	Autocommit mode: undefined/unknown
	Isolation level: undefined/unknown
	Minimum pool size: undefined/unknown
	Maximum pool size: undefined/unknown
26-04-06 00:11:16.222 [Test worker] INFO  o.h.e.t.j.p.i.JtaPlatformInitiator   [- | - | -] - HHH000489: No JTA platform available (set 'hibernate.transaction.jta.platform' to enable JTA platform integration)
26-04-06 00:11:16.243 [Test worker] DEBUG org.hibernate.SQL                    [- | - | -] - 
    drop table if exists binary_contents cascade 
26-04-06 00:11:16.249 [Test worker] DEBUG org.hibernate.SQL                    [- | - | -] - 
    drop table if exists channels cascade 
26-04-06 00:11:16.250 [Test worker] DEBUG org.hibernate.SQL                    [- | - | -] - 
    drop table if exists message_attachments cascade 
26-04-06 00:11:16.250 [Test worker] DEBUG org.hibernate.SQL                    [- | - | -] - 
    drop table if exists messages cascade 
26-04-06 00:11:16.250 [Test worker] DEBUG org.hibernate.SQL                    [- | - | -] - 
    drop table if exists read_statuses cascade 
26-04-06 00:11:16.250 [Test worker] DEBUG org.hibernate.SQL                    [- | - | -] - 
    drop table if exists user_statuses cascade 
26-04-06 00:11:16.251 [Test worker] DEBUG org.hibernate.SQL                    [- | - | -] - 
    drop table if exists users cascade 
26-04-06 00:11:16.256 [Test worker] DEBUG org.hibernate.SQL                    [- | - | -] - 
    create table binary_contents (
        created_at timestamp with time zone not null,
        size bigint not null,
        id uuid not null,
        content_type varchar(100) not null,
        file_name varchar(255) not null,
        primary key (id)
    )
26-04-06 00:11:16.264 [Test worker] DEBUG org.hibernate.SQL                    [- | - | -] - 
    create table channels (
        created_at timestamp with time zone not null,
        updated_at timestamp with time zone,
        id uuid not null,
        name varchar(100),
        description varchar(500),
        type enum ('PRIVATE','PUBLIC') not null,
        primary key (id)
    )
26-04-06 00:11:16.266 [Test worker] DEBUG org.hibernate.SQL                    [- | - | -] - 
    create table message_attachments (
        attachment_id uuid not null unique,
        message_id uuid not null
    )
26-04-06 00:11:16.267 [Test worker] DEBUG org.hibernate.SQL                    [- | - | -] - 
    create table messages (
        created_at timestamp with time zone not null,
        updated_at timestamp with time zone,
        author_id uuid,
        channel_id uuid not null,
        id uuid not null,
        content text not null,
        primary key (id)
    )
26-04-06 00:11:16.268 [Test worker] DEBUG org.hibernate.SQL                    [- | - | -] - 
    create table read_statuses (
        created_at timestamp with time zone not null,
        last_read_at timestamp with time zone not null,
        updated_at timestamp with time zone,
        channel_id uuid not null,
        id uuid not null,
        user_id uuid not null,
        primary key (id),
        unique (user_id, channel_id)
    )
26-04-06 00:11:16.269 [Test worker] DEBUG org.hibernate.SQL                    [- | - | -] - 
    create table user_statuses (
        created_at timestamp with time zone not null,
        last_active_at timestamp with time zone not null,
        updated_at timestamp with time zone,
        id uuid not null,
        user_id uuid not null unique,
        primary key (id)
    )
26-04-06 00:11:16.270 [Test worker] DEBUG org.hibernate.SQL                    [- | - | -] - 
    create table users (
        created_at timestamp with time zone not null,
        updated_at timestamp with time zone,
        id uuid not null,
        profile_id uuid unique,
        username varchar(50) not null unique,
        password varchar(60) not null,
        email varchar(100) not null unique,
        primary key (id)
    )
26-04-06 00:11:16.272 [Test worker] DEBUG org.hibernate.SQL                    [- | - | -] - 
    alter table if exists message_attachments 
       add constraint FKsd1m8rb8jcpbcnb7rpdue7ctc 
       foreign key (attachment_id) 
       references binary_contents
26-04-06 00:11:16.286 [Test worker] DEBUG org.hibernate.SQL                    [- | - | -] - 
    alter table if exists message_attachments 
       add constraint FKj7twd218e2gqw9cmlhwvo1rth 
       foreign key (message_id) 
       references messages
26-04-06 00:11:16.286 [Test worker] DEBUG org.hibernate.SQL                    [- | - | -] - 
    alter table if exists messages 
       add constraint FKowtlim26svclkatusptbgi7u1 
       foreign key (author_id) 
       references users
26-04-06 00:11:16.288 [Test worker] DEBUG org.hibernate.SQL                    [- | - | -] - 
    alter table if exists messages 
       add constraint FK3u3ckbhwq9se1cmopk2pq05b2 
       foreign key (channel_id) 
       references channels
26-04-06 00:11:16.289 [Test worker] DEBUG org.hibernate.SQL                    [- | - | -] - 
    alter table if exists read_statuses 
       add constraint FKa38ri44ml4gfdpklx4ahqr8gd 
       foreign key (channel_id) 
       references channels
26-04-06 00:11:16.290 [Test worker] DEBUG org.hibernate.SQL                    [- | - | -] - 
    alter table if exists read_statuses 
       add constraint FKml3k4wr9sj5yxrmj6d0aoib2e 
       foreign key (user_id) 
       references users
26-04-06 00:11:16.291 [Test worker] DEBUG org.hibernate.SQL                    [- | - | -] - 
    alter table if exists user_statuses 
       add constraint FK4lfl3ei2ubchgcxrrpo3pw4mm 
       foreign key (user_id) 
       references users
26-04-06 00:11:16.291 [Test worker] DEBUG org.hibernate.SQL                    [- | - | -] - 
    alter table if exists users 
       add constraint FKtbudycgrip49xdptogmhfqnso 
       foreign key (profile_id) 
       references binary_contents
26-04-06 00:11:16.296 [Test worker] INFO  o.s.o.j.LocalContainerEntityManagerFactoryBean [- | - | -] - Initialized JPA EntityManagerFactory for persistence unit 'default'
26-04-06 00:11:16.610 [Test worker] INFO  o.s.d.j.r.query.QueryEnhancerFactory [- | - | -] - Hibernate is in classpath; If applicable, HQL parser will be used.
26-04-06 00:11:17.565 [Test worker] INFO  o.s.b.a.w.s.WelcomePageHandlerMapping [- | - | -] - Adding welcome page: class path resource [static/index.html]
26-04-06 00:11:18.376 [Test worker] INFO  o.s.b.t.m.w.SpringBootMockServletContext [- | - | -] - Initializing Spring TestDispatcherServlet ''
26-04-06 00:11:18.377 [Test worker] INFO  o.s.t.w.s.TestDispatcherServlet      [- | - | -] - Initializing Servlet ''
26-04-06 00:11:18.383 [Test worker] INFO  o.s.b.a.e.web.EndpointLinksResolver  [- | - | -] - Exposing 4 endpoints beneath base path '/actuator'
26-04-06 00:11:18.399 [Test worker] INFO  o.s.t.w.s.TestDispatcherServlet      [- | - | -] - Completed initialization in 20 ms
26-04-06 00:11:18.462 [Test worker] INFO  c.s.m.d.DiscodeitApplicationTests    [- | - | -] - Started DiscodeitApplicationTests in 6.702 seconds (process running for 8.153)
26-04-06 00:11:18.883 [Test worker] INFO  o.s.t.c.s.AnnotationConfigContextLoaderUtils [- | - | -] - Could not detect default configuration classes for test class [com.sprint.mission.discodeit.controller.ChannelControllerTest]: ChannelControllerTest does not declare any static, non-private, non-final, nested classes annotated with @Configuration.
26-04-06 00:11:18.907 [Test worker] INFO  o.s.b.t.c.SpringBootTestContextBootstrapper [- | - | -] - Found @SpringBootConfiguration com.sprint.mission.discodeit.DiscodeitApplication for test class com.sprint.mission.discodeit.controller.ChannelControllerTest
26-04-06 00:11:18.937 [Test worker] INFO  c.s.m.d.c.ChannelControllerTest      [- | - | -] - Starting ChannelControllerTest using Java 17.0.14 with PID 39760 (started by jaehoon in C:\Users\jaehoon\Desktop\9-sprint-mission\discodeit)
26-04-06 00:11:18.937 [Test worker] DEBUG c.s.m.d.c.ChannelControllerTest      [- | - | -] - Running with Spring Boot v3.4.0, Spring v6.2.0
26-04-06 00:11:18.937 [Test worker] INFO  c.s.m.d.c.ChannelControllerTest      [- | - | -] - The following 1 profile is active: "dev"
26-04-06 00:11:19.283 [Test worker] INFO  o.s.b.a.w.s.WelcomePageHandlerMapping [- | - | -] - Adding welcome page: class path resource [static/index.html]
26-04-06 00:11:19.354 [Test worker] INFO  o.s.b.t.m.w.SpringBootMockServletContext [- | - | -] - Initializing Spring TestDispatcherServlet ''
26-04-06 00:11:19.355 [Test worker] INFO  o.s.t.w.s.TestDispatcherServlet      [- | - | -] - Initializing Servlet ''
26-04-06 00:11:19.355 [Test worker] INFO  o.s.t.w.s.TestDispatcherServlet      [- | - | -] - Completed initialization in 0 ms
26-04-06 00:11:19.363 [Test worker] INFO  c.s.m.d.c.ChannelControllerTest      [- | - | -] - Started ChannelControllerTest in 0.452 seconds (process running for 9.054)
26-04-06 00:11:19.500 [Test worker] DEBUG c.s.m.d.controller.ChannelController [8361550d-6f23-4f5c-9142-2e82db6ec5d6 | DELETE | /api/channels/6ae58c2b-7dc7-4dd1-a1bb-a2a52d19e953] - DELETE /api/channels/6ae58c2b-7dc7-4dd1-a1bb-a2a52d19e953
26-04-06 00:11:19.746 [Test worker] DEBUG c.s.m.d.controller.ChannelController [123a33a1-e507-4291-b88c-e22aa27c2d0f | POST | /api/channels/public] - POST /api/channels/public - create public channel: name=general
26-04-06 00:11:19.749 [Test worker] INFO  c.s.m.d.controller.ChannelController [123a33a1-e507-4291-b88c-e22aa27c2d0f | POST | /api/channels/public] - Public channel created via API: id=71da4996-6b01-45de-9fa9-f5b981aab457
26-04-06 00:11:19.862 [Test worker] WARN  c.s.m.d.e.GlobalExceptionHandler     [140a42a8-d483-4fc1-b3e0-38dbd206bd9b | POST | /api/channels/public] - Validation failed: {name=Channel name is required}
26-04-06 00:11:19.886 [Test worker] DEBUG c.s.m.d.controller.ChannelController [7dcd6031-973e-495d-ae05-2aa0038694f2 | DELETE | /api/channels/62a932ae-73ad-4491-877a-2d71a98b3e9d] - DELETE /api/channels/62a932ae-73ad-4491-877a-2d71a98b3e9d
26-04-06 00:11:19.887 [Test worker] WARN  c.s.m.d.e.GlobalExceptionHandler     [7dcd6031-973e-495d-ae05-2aa0038694f2 | DELETE | /api/channels/62a932ae-73ad-4491-877a-2d71a98b3e9d] - DiscodeitException [CHANNEL_NOT_FOUND]: Channel not found, details={channelId=62a932ae-73ad-4491-877a-2d71a98b3e9d}
26-04-06 00:11:19.897 [Test worker] DEBUG c.s.m.d.controller.ChannelController [e84ea800-68a6-4e0d-8a1d-51f9cd6b17a6 | GET | /api/channels] - GET /api/channels?userId=8dd19a2a-9e8f-4d13-86ed-ec4f849a12ed
26-04-06 00:11:19.913 [Test worker] INFO  o.s.t.c.s.AnnotationConfigContextLoaderUtils [- | - | -] - Could not detect default configuration classes for test class [com.sprint.mission.discodeit.controller.MessageControllerTest]: MessageControllerTest does not declare any static, non-private, non-final, nested classes annotated with @Configuration.
26-04-06 00:11:19.922 [Test worker] INFO  o.s.b.t.c.SpringBootTestContextBootstrapper [- | - | -] - Found @SpringBootConfiguration com.sprint.mission.discodeit.DiscodeitApplication for test class com.sprint.mission.discodeit.controller.MessageControllerTest
26-04-06 00:11:19.958 [Test worker] INFO  c.s.m.d.c.MessageControllerTest      [- | - | -] - Starting MessageControllerTest using Java 17.0.14 with PID 39760 (started by jaehoon in C:\Users\jaehoon\Desktop\9-sprint-mission\discodeit)
26-04-06 00:11:19.958 [Test worker] DEBUG c.s.m.d.c.MessageControllerTest      [- | - | -] - Running with Spring Boot v3.4.0, Spring v6.2.0
26-04-06 00:11:19.958 [Test worker] INFO  c.s.m.d.c.MessageControllerTest      [- | - | -] - The following 1 profile is active: "dev"
26-04-06 00:11:20.191 [Test worker] INFO  o.s.b.a.w.s.WelcomePageHandlerMapping [- | - | -] - Adding welcome page: class path resource [static/index.html]
26-04-06 00:11:20.235 [Test worker] INFO  o.s.b.t.m.w.SpringBootMockServletContext [- | - | -] - Initializing Spring TestDispatcherServlet ''
26-04-06 00:11:20.235 [Test worker] INFO  o.s.t.w.s.TestDispatcherServlet      [- | - | -] - Initializing Servlet ''
26-04-06 00:11:20.235 [Test worker] INFO  o.s.t.w.s.TestDispatcherServlet      [- | - | -] - Completed initialization in 0 ms
26-04-06 00:11:20.240 [Test worker] INFO  c.s.m.d.c.MessageControllerTest      [- | - | -] - Started MessageControllerTest in 0.314 seconds (process running for 9.931)
26-04-06 00:11:20.245 [Test worker] DEBUG c.s.m.d.controller.MessageController [9ff50961-bfa5-4f3d-bf03-09fff7b842c8 | DELETE | /api/messages/06400ea0-162c-47fe-bea5-ba55d5caf772] - DELETE /api/messages/06400ea0-162c-47fe-bea5-ba55d5caf772
26-04-06 00:11:20.257 [Test worker] DEBUG c.s.m.d.controller.MessageController [7c6b0722-6dd2-4bd3-843d-9a5a8b32d146 | GET | /api/messages] - GET /api/messages?channelId=7a267d1d-85c0-479a-9868-7a0614b9a856
26-04-06 00:11:20.285 [Test worker] WARN  c.s.m.d.e.GlobalExceptionHandler     [90dbc58f-35bd-4d16-9cba-2dbd92fa35ac | POST | /api/messages] - Validation failed: {content=Content is required}
26-04-06 00:11:20.298 [Test worker] DEBUG c.s.m.d.controller.MessageController [d8dbc269-7df7-4cb2-a0e8-84e601ec7982 | PATCH | /api/messages/627dbfe7-c6fe-4151-9b57-9b3efb4be5d3] - PATCH /api/messages/627dbfe7-c6fe-4151-9b57-9b3efb4be5d3
26-04-06 00:11:20.308 [Test worker] DEBUG c.s.m.d.controller.MessageController [92d67997-4395-478b-b708-4276dcb8b475 | DELETE | /api/messages/816d6b58-15a1-4cf6-a363-98bd282e3b0b] - DELETE /api/messages/816d6b58-15a1-4cf6-a363-98bd282e3b0b
26-04-06 00:11:20.309 [Test worker] WARN  c.s.m.d.e.GlobalExceptionHandler     [92d67997-4395-478b-b708-4276dcb8b475 | DELETE | /api/messages/816d6b58-15a1-4cf6-a363-98bd282e3b0b] - DiscodeitException [MESSAGE_NOT_FOUND]: Message not found, details={messageId=816d6b58-15a1-4cf6-a363-98bd282e3b0b}
26-04-06 00:11:20.314 [Test worker] DEBUG c.s.m.d.controller.MessageController [f987bdb9-dd33-42cf-a15a-7b4fbb9075ec | POST | /api/messages] - POST /api/messages - create message: channelId=46ee88e4-5fdd-4db6-ae39-abca4a7b70b5
26-04-06 00:11:20.314 [Test worker] INFO  c.s.m.d.controller.MessageController [f987bdb9-dd33-42cf-a15a-7b4fbb9075ec | POST | /api/messages] - Message created via API: id=028f546e-84a2-4ad7-8351-e0b71b2e6b38
26-04-06 00:11:20.319 [Test worker] INFO  o.s.t.c.s.AnnotationConfigContextLoaderUtils [- | - | -] - Could not detect default configuration classes for test class [com.sprint.mission.discodeit.controller.UserControllerTest]: UserControllerTest does not declare any static, non-private, non-final, nested classes annotated with @Configuration.
26-04-06 00:11:20.327 [Test worker] INFO  o.s.b.t.c.SpringBootTestContextBootstrapper [- | - | -] - Found @SpringBootConfiguration com.sprint.mission.discodeit.DiscodeitApplication for test class com.sprint.mission.discodeit.controller.UserControllerTest
26-04-06 00:11:20.358 [Test worker] INFO  c.s.m.d.c.UserControllerTest         [- | - | -] - Starting UserControllerTest using Java 17.0.14 with PID 39760 (started by jaehoon in C:\Users\jaehoon\Desktop\9-sprint-mission\discodeit)
26-04-06 00:11:20.359 [Test worker] DEBUG c.s.m.d.c.UserControllerTest         [- | - | -] - Running with Spring Boot v3.4.0, Spring v6.2.0
26-04-06 00:11:20.359 [Test worker] INFO  c.s.m.d.c.UserControllerTest         [- | - | -] - The following 1 profile is active: "dev"
26-04-06 00:11:20.606 [Test worker] INFO  o.s.b.a.w.s.WelcomePageHandlerMapping [- | - | -] - Adding welcome page: class path resource [static/index.html]
26-04-06 00:11:20.642 [Test worker] INFO  o.s.b.t.m.w.SpringBootMockServletContext [- | - | -] - Initializing Spring TestDispatcherServlet ''
26-04-06 00:11:20.642 [Test worker] INFO  o.s.t.w.s.TestDispatcherServlet      [- | - | -] - Initializing Servlet ''
26-04-06 00:11:20.643 [Test worker] INFO  o.s.t.w.s.TestDispatcherServlet      [- | - | -] - Completed initialization in 1 ms
26-04-06 00:11:20.647 [Test worker] INFO  c.s.m.d.c.UserControllerTest         [- | - | -] - Started UserControllerTest in 0.317 seconds (process running for 10.338)
26-04-06 00:11:20.651 [Test worker] DEBUG c.s.m.d.controller.UserController    [fdd0ffdb-6b7a-4c71-8d07-798c8f6c5231 | DELETE | /api/users/f359c442-9913-4217-9e8a-fb51ef5e35bf] - DELETE /api/users/f359c442-9913-4217-9e8a-fb51ef5e35bf
26-04-06 00:11:20.666 [Test worker] WARN  c.s.m.d.e.GlobalExceptionHandler     [0d225439-0950-45af-a9ed-782fd74309b4 | POST | /api/users] - Validation failed: {password=Password must be at least 6 characters, email=Email must be valid, username=Username is required}
26-04-06 00:11:20.674 [Test worker] DEBUG c.s.m.d.controller.UserController    [53c0df07-7588-4700-86cf-2da8d0535fab | DELETE | /api/users/08e7e670-6fa6-4a74-b84f-4c1e8264a2db] - DELETE /api/users/08e7e670-6fa6-4a74-b84f-4c1e8264a2db
26-04-06 00:11:20.675 [Test worker] WARN  c.s.m.d.e.GlobalExceptionHandler     [53c0df07-7588-4700-86cf-2da8d0535fab | DELETE | /api/users/08e7e670-6fa6-4a74-b84f-4c1e8264a2db] - DiscodeitException [USER_NOT_FOUND]: User not found, details={userId=08e7e670-6fa6-4a74-b84f-4c1e8264a2db}
26-04-06 00:11:20.691 [Test worker] DEBUG c.s.m.d.controller.UserController    [83a32861-817b-47af-99b4-4ae5d692ebfe | POST | /api/users] - POST /api/users - create user: username=testuser
26-04-06 00:11:20.692 [Test worker] INFO  c.s.m.d.controller.UserController    [83a32861-817b-47af-99b4-4ae5d692ebfe | POST | /api/users] - User created via API: id=5e6274ed-bc73-4654-a2d5-132462fd08e5
26-04-06 00:11:20.702 [Test worker] DEBUG c.s.m.d.controller.UserController    [04aba158-e706-4726-ac80-2ad935c48db8 | GET | /api/users] - GET /api/users - findAll
26-04-06 00:11:20.708 [Test worker] INFO  o.s.t.c.s.AnnotationConfigContextLoaderUtils [- | - | -] - Could not detect default configuration classes for test class [com.sprint.mission.discodeit.integration.ChannelIntegrationTest]: ChannelIntegrationTest does not declare any static, non-private, non-final, nested classes annotated with @Configuration.
26-04-06 00:11:20.721 [Test worker] INFO  o.s.b.t.c.SpringBootTestContextBootstrapper [- | - | -] - Found @SpringBootConfiguration com.sprint.mission.discodeit.DiscodeitApplication for test class com.sprint.mission.discodeit.integration.ChannelIntegrationTest
26-04-06 00:11:20.753 [Test worker] DEBUG c.s.m.d.controller.ChannelController [c453c954-a3a8-4087-923c-c7ca11ccc66c | DELETE | /api/channels/b58c7205-cd6c-4b39-aaf7-ba2349ed811d] - DELETE /api/channels/b58c7205-cd6c-4b39-aaf7-ba2349ed811d
26-04-06 00:11:20.758 [Test worker] DEBUG c.s.m.d.s.basic.BasicChannelService  [c453c954-a3a8-4087-923c-c7ca11ccc66c | DELETE | /api/channels/b58c7205-cd6c-4b39-aaf7-ba2349ed811d] - Deleting channel: id=b58c7205-cd6c-4b39-aaf7-ba2349ed811d
26-04-06 00:11:20.926 [Test worker] DEBUG org.hibernate.SQL                    [c453c954-a3a8-4087-923c-c7ca11ccc66c | DELETE | /api/channels/b58c7205-cd6c-4b39-aaf7-ba2349ed811d] - 
    select
        count(*) 
    from
        channels c1_0 
    where
        c1_0.id=?
26-04-06 00:11:20.937 [Test worker] TRACE org.hibernate.orm.jdbc.bind          [c453c954-a3a8-4087-923c-c7ca11ccc66c | DELETE | /api/channels/b58c7205-cd6c-4b39-aaf7-ba2349ed811d] - binding parameter (1:UUID) <- [b58c7205-cd6c-4b39-aaf7-ba2349ed811d]
26-04-06 00:11:21.003 [Test worker] WARN  c.s.m.d.e.GlobalExceptionHandler     [c453c954-a3a8-4087-923c-c7ca11ccc66c | DELETE | /api/channels/b58c7205-cd6c-4b39-aaf7-ba2349ed811d] - DiscodeitException [CHANNEL_NOT_FOUND]: Channel not found, details={channelId=b58c7205-cd6c-4b39-aaf7-ba2349ed811d}
26-04-06 00:11:21.031 [Test worker] DEBUG c.s.m.d.controller.ChannelController [b8255960-23bb-49f7-88db-22c8465d31ac | POST | /api/channels/public] - POST /api/channels/public - create public channel: name=general
26-04-06 00:11:21.031 [Test worker] DEBUG c.s.m.d.s.basic.BasicChannelService  [b8255960-23bb-49f7-88db-22c8465d31ac | POST | /api/channels/public] - Creating public channel: name=general
26-04-06 00:11:21.085 [Test worker] INFO  c.s.m.d.s.basic.BasicChannelService  [b8255960-23bb-49f7-88db-22c8465d31ac | POST | /api/channels/public] - Public channel created: id=0abb578b-d855-4084-a235-849a52731cf9, name=general
26-04-06 00:11:21.108 [Test worker] DEBUG org.hibernate.SQL                    [b8255960-23bb-49f7-88db-22c8465d31ac | POST | /api/channels/public] - 
    select
        m1_0.created_at 
    from
        messages m1_0 
    where
        m1_0.channel_id=? 
    order by
        m1_0.created_at desc 
    fetch
        first 1 rows only
26-04-06 00:11:21.108 [Test worker] TRACE org.hibernate.orm.jdbc.bind          [b8255960-23bb-49f7-88db-22c8465d31ac | POST | /api/channels/public] - binding parameter (1:UUID) <- [0abb578b-d855-4084-a235-849a52731cf9]
26-04-06 00:11:21.110 [Test worker] INFO  c.s.m.d.controller.ChannelController [b8255960-23bb-49f7-88db-22c8465d31ac | POST | /api/channels/public] - Public channel created via API: id=0abb578b-d855-4084-a235-849a52731cf9
26-04-06 00:11:21.124 [Test worker] DEBUG c.s.m.d.controller.ChannelController [9c6c961a-86a6-413b-ba9c-c01938a1e324 | POST | /api/channels/public] - POST /api/channels/public - create public channel: name=to-delete
26-04-06 00:11:21.125 [Test worker] DEBUG c.s.m.d.s.basic.BasicChannelService  [9c6c961a-86a6-413b-ba9c-c01938a1e324 | POST | /api/channels/public] - Creating public channel: name=to-delete
26-04-06 00:11:21.125 [Test worker] INFO  c.s.m.d.s.basic.BasicChannelService  [9c6c961a-86a6-413b-ba9c-c01938a1e324 | POST | /api/channels/public] - Public channel created: id=f06885ff-178d-44fa-aed0-cdfa11e069cb, name=to-delete
26-04-06 00:11:21.126 [Test worker] DEBUG org.hibernate.SQL                    [9c6c961a-86a6-413b-ba9c-c01938a1e324 | POST | /api/channels/public] - 
    select
        m1_0.created_at 
    from
        messages m1_0 
    where
        m1_0.channel_id=? 
    order by
        m1_0.created_at desc 
    fetch
        first 1 rows only
26-04-06 00:11:21.128 [Test worker] TRACE org.hibernate.orm.jdbc.bind          [9c6c961a-86a6-413b-ba9c-c01938a1e324 | POST | /api/channels/public] - binding parameter (1:UUID) <- [f06885ff-178d-44fa-aed0-cdfa11e069cb]
26-04-06 00:11:21.128 [Test worker] INFO  c.s.m.d.controller.ChannelController [9c6c961a-86a6-413b-ba9c-c01938a1e324 | POST | /api/channels/public] - Public channel created via API: id=f06885ff-178d-44fa-aed0-cdfa11e069cb
26-04-06 00:11:21.137 [Test worker] DEBUG c.s.m.d.controller.ChannelController [4e23c6d5-4388-4e66-8026-6623a978ee66 | DELETE | /api/channels/f06885ff-178d-44fa-aed0-cdfa11e069cb] - DELETE /api/channels/f06885ff-178d-44fa-aed0-cdfa11e069cb
26-04-06 00:11:21.137 [Test worker] DEBUG c.s.m.d.s.basic.BasicChannelService  [4e23c6d5-4388-4e66-8026-6623a978ee66 | DELETE | /api/channels/f06885ff-178d-44fa-aed0-cdfa11e069cb] - Deleting channel: id=f06885ff-178d-44fa-aed0-cdfa11e069cb
26-04-06 00:11:21.154 [Test worker] DEBUG org.hibernate.SQL                    [4e23c6d5-4388-4e66-8026-6623a978ee66 | DELETE | /api/channels/f06885ff-178d-44fa-aed0-cdfa11e069cb] - 
    insert 
    into
        channels
        (created_at, description, name, type, updated_at, id) 
    values
        (?, ?, ?, ?, ?, ?)
26-04-06 00:11:21.157 [Test worker] TRACE org.hibernate.orm.jdbc.bind          [4e23c6d5-4388-4e66-8026-6623a978ee66 | DELETE | /api/channels/f06885ff-178d-44fa-aed0-cdfa11e069cb] - binding parameter (1:TIMESTAMP_UTC) <- [2026-04-05T15:11:21.125488900Z]
26-04-06 00:11:21.158 [Test worker] TRACE org.hibernate.orm.jdbc.bind          [4e23c6d5-4388-4e66-8026-6623a978ee66 | DELETE | /api/channels/f06885ff-178d-44fa-aed0-cdfa11e069cb] - binding parameter (2:VARCHAR) <- [description]
26-04-06 00:11:21.158 [Test worker] TRACE org.hibernate.orm.jdbc.bind          [4e23c6d5-4388-4e66-8026-6623a978ee66 | DELETE | /api/channels/f06885ff-178d-44fa-aed0-cdfa11e069cb] - binding parameter (3:VARCHAR) <- [to-delete]
26-04-06 00:11:21.159 [Test worker] TRACE org.hibernate.orm.jdbc.bind          [4e23c6d5-4388-4e66-8026-6623a978ee66 | DELETE | /api/channels/f06885ff-178d-44fa-aed0-cdfa11e069cb] - binding parameter (4:ENUM) <- [PUBLIC]
26-04-06 00:11:21.159 [Test worker] TRACE org.hibernate.orm.jdbc.bind          [4e23c6d5-4388-4e66-8026-6623a978ee66 | DELETE | /api/channels/f06885ff-178d-44fa-aed0-cdfa11e069cb] - binding parameter (5:TIMESTAMP_UTC) <- [2026-04-05T15:11:21.125488900Z]
26-04-06 00:11:21.159 [Test worker] TRACE org.hibernate.orm.jdbc.bind          [4e23c6d5-4388-4e66-8026-6623a978ee66 | DELETE | /api/channels/f06885ff-178d-44fa-aed0-cdfa11e069cb] - binding parameter (6:UUID) <- [f06885ff-178d-44fa-aed0-cdfa11e069cb]
26-04-06 00:11:21.164 [Test worker] DEBUG org.hibernate.SQL                    [4e23c6d5-4388-4e66-8026-6623a978ee66 | DELETE | /api/channels/f06885ff-178d-44fa-aed0-cdfa11e069cb] - 
    select
        count(*) 
    from
        channels c1_0 
    where
        c1_0.id=?
26-04-06 00:11:21.164 [Test worker] TRACE org.hibernate.orm.jdbc.bind          [4e23c6d5-4388-4e66-8026-6623a978ee66 | DELETE | /api/channels/f06885ff-178d-44fa-aed0-cdfa11e069cb] - binding parameter (1:UUID) <- [f06885ff-178d-44fa-aed0-cdfa11e069cb]
26-04-06 00:11:21.191 [Test worker] DEBUG org.hibernate.SQL                    [4e23c6d5-4388-4e66-8026-6623a978ee66 | DELETE | /api/channels/f06885ff-178d-44fa-aed0-cdfa11e069cb] - 
    select
        m1_0.id,
        m1_0.author_id,
        m1_0.channel_id,
        m1_0.content,
        m1_0.created_at,
        m1_0.updated_at 
    from
        messages m1_0 
    where
        m1_0.channel_id=?
26-04-06 00:11:21.192 [Test worker] TRACE org.hibernate.orm.jdbc.bind          [4e23c6d5-4388-4e66-8026-6623a978ee66 | DELETE | /api/channels/f06885ff-178d-44fa-aed0-cdfa11e069cb] - binding parameter (1:UUID) <- [f06885ff-178d-44fa-aed0-cdfa11e069cb]
26-04-06 00:11:21.214 [Test worker] DEBUG org.hibernate.SQL                    [4e23c6d5-4388-4e66-8026-6623a978ee66 | DELETE | /api/channels/f06885ff-178d-44fa-aed0-cdfa11e069cb] - 
    select
        rs1_0.id,
        rs1_0.channel_id,
        rs1_0.created_at,
        rs1_0.last_read_at,
        rs1_0.updated_at,
        rs1_0.user_id 
    from
        read_statuses rs1_0 
    where
        rs1_0.channel_id=?
26-04-06 00:11:21.215 [Test worker] TRACE org.hibernate.orm.jdbc.bind          [4e23c6d5-4388-4e66-8026-6623a978ee66 | DELETE | /api/channels/f06885ff-178d-44fa-aed0-cdfa11e069cb] - binding parameter (1:UUID) <- [f06885ff-178d-44fa-aed0-cdfa11e069cb]
26-04-06 00:11:21.229 [Test worker] INFO  c.s.m.d.s.basic.BasicChannelService  [4e23c6d5-4388-4e66-8026-6623a978ee66 | DELETE | /api/channels/f06885ff-178d-44fa-aed0-cdfa11e069cb] - Channel deleted: id=f06885ff-178d-44fa-aed0-cdfa11e069cb
26-04-06 00:11:21.247 [Test worker] DEBUG c.s.m.d.controller.UserController    [b9ef5f57-4b46-4f06-897c-52040bd53cd1 | POST | /api/users] - POST /api/users - create user: username=chanuser
26-04-06 00:11:21.247 [Test worker] DEBUG c.s.m.d.s.basic.BasicUserService     [b9ef5f57-4b46-4f06-897c-52040bd53cd1 | POST | /api/users] - Creating user: username=chanuser, email=chanuser@test.com
26-04-06 00:11:21.250 [Test worker] DEBUG org.hibernate.SQL                    [b9ef5f57-4b46-4f06-897c-52040bd53cd1 | POST | /api/users] - 
    select
        u1_0.id 
    from
        users u1_0 
    where
        u1_0.email=? 
    fetch
        first ? rows only
26-04-06 00:11:21.251 [Test worker] TRACE org.hibernate.orm.jdbc.bind          [b9ef5f57-4b46-4f06-897c-52040bd53cd1 | POST | /api/users] - binding parameter (1:VARCHAR) <- [chanuser@test.com]
26-04-06 00:11:21.251 [Test worker] TRACE org.hibernate.orm.jdbc.bind          [b9ef5f57-4b46-4f06-897c-52040bd53cd1 | POST | /api/users] - binding parameter (2:INTEGER) <- [1]
26-04-06 00:11:21.253 [Test worker] DEBUG org.hibernate.SQL                    [b9ef5f57-4b46-4f06-897c-52040bd53cd1 | POST | /api/users] - 
    select
        u1_0.id 
    from
        users u1_0 
    where
        u1_0.username=? 
    fetch
        first ? rows only
26-04-06 00:11:21.253 [Test worker] TRACE org.hibernate.orm.jdbc.bind          [b9ef5f57-4b46-4f06-897c-52040bd53cd1 | POST | /api/users] - binding parameter (1:VARCHAR) <- [chanuser]
26-04-06 00:11:21.253 [Test worker] TRACE org.hibernate.orm.jdbc.bind          [b9ef5f57-4b46-4f06-897c-52040bd53cd1 | POST | /api/users] - binding parameter (2:INTEGER) <- [1]
26-04-06 00:11:21.262 [Test worker] INFO  c.s.m.d.s.basic.BasicUserService     [b9ef5f57-4b46-4f06-897c-52040bd53cd1 | POST | /api/users] - User created: id=69404447-365c-4039-8a5e-e58e16a29712, username=chanuser
26-04-06 00:11:21.262 [Test worker] INFO  c.s.m.d.controller.UserController    [b9ef5f57-4b46-4f06-897c-52040bd53cd1 | POST | /api/users] - User created via API: id=69404447-365c-4039-8a5e-e58e16a29712
26-04-06 00:11:21.267 [Test worker] DEBUG c.s.m.d.controller.ChannelController [f22fd15d-f1c3-49d6-99c5-41ffa13cff90 | POST | /api/channels/public] - POST /api/channels/public - create public channel: name=public-channel
26-04-06 00:11:21.267 [Test worker] DEBUG c.s.m.d.s.basic.BasicChannelService  [f22fd15d-f1c3-49d6-99c5-41ffa13cff90 | POST | /api/channels/public] - Creating public channel: name=public-channel
26-04-06 00:11:21.267 [Test worker] INFO  c.s.m.d.s.basic.BasicChannelService  [f22fd15d-f1c3-49d6-99c5-41ffa13cff90 | POST | /api/channels/public] - Public channel created: id=e5aad71f-7e2e-4454-b477-51e9d8ff2e57, name=public-channel
26-04-06 00:11:21.268 [Test worker] DEBUG org.hibernate.SQL                    [f22fd15d-f1c3-49d6-99c5-41ffa13cff90 | POST | /api/channels/public] - 
    select
        m1_0.created_at 
    from
        messages m1_0 
    where
        m1_0.channel_id=? 
    order by
        m1_0.created_at desc 
    fetch
        first 1 rows only
26-04-06 00:11:21.269 [Test worker] TRACE org.hibernate.orm.jdbc.bind          [f22fd15d-f1c3-49d6-99c5-41ffa13cff90 | POST | /api/channels/public] - binding parameter (1:UUID) <- [e5aad71f-7e2e-4454-b477-51e9d8ff2e57]
26-04-06 00:11:21.269 [Test worker] INFO  c.s.m.d.controller.ChannelController [f22fd15d-f1c3-49d6-99c5-41ffa13cff90 | POST | /api/channels/public] - Public channel created via API: id=e5aad71f-7e2e-4454-b477-51e9d8ff2e57
26-04-06 00:11:21.272 [Test worker] DEBUG c.s.m.d.controller.ChannelController [7b50c2d8-fdeb-4fbb-b2a5-e398aa4ba061 | GET | /api/channels] - GET /api/channels?userId=69404447-365c-4039-8a5e-e58e16a29712
26-04-06 00:11:21.272 [Test worker] DEBUG c.s.m.d.s.basic.BasicChannelService  [7b50c2d8-fdeb-4fbb-b2a5-e398aa4ba061 | GET | /api/channels] - Fetching channels for userId=69404447-365c-4039-8a5e-e58e16a29712
26-04-06 00:11:21.274 [Test worker] DEBUG org.hibernate.SQL                    [7b50c2d8-fdeb-4fbb-b2a5-e398aa4ba061 | GET | /api/channels] - 
    select
        rs1_0.id,
        rs1_0.channel_id,
        rs1_0.created_at,
        rs1_0.last_read_at,
        rs1_0.updated_at,
        rs1_0.user_id 
    from
        read_statuses rs1_0 
    where
        rs1_0.user_id=?
26-04-06 00:11:21.274 [Test worker] TRACE org.hibernate.orm.jdbc.bind          [7b50c2d8-fdeb-4fbb-b2a5-e398aa4ba061 | GET | /api/channels] - binding parameter (1:UUID) <- [69404447-365c-4039-8a5e-e58e16a29712]
26-04-06 00:11:21.280 [Test worker] DEBUG org.hibernate.SQL                    [7b50c2d8-fdeb-4fbb-b2a5-e398aa4ba061 | GET | /api/channels] - 
    insert 
    into
        users
        (created_at, email, password, profile_id, updated_at, username, id) 
    values
        (?, ?, ?, ?, ?, ?, ?)
26-04-06 00:11:21.280 [Test worker] TRACE org.hibernate.orm.jdbc.bind          [7b50c2d8-fdeb-4fbb-b2a5-e398aa4ba061 | GET | /api/channels] - binding parameter (1:TIMESTAMP_UTC) <- [2026-04-05T15:11:21.255691500Z]
26-04-06 00:11:21.280 [Test worker] TRACE org.hibernate.orm.jdbc.bind          [7b50c2d8-fdeb-4fbb-b2a5-e398aa4ba061 | GET | /api/channels] - binding parameter (2:VARCHAR) <- [chanuser@test.com]
26-04-06 00:11:21.280 [Test worker] TRACE org.hibernate.orm.jdbc.bind          [7b50c2d8-fdeb-4fbb-b2a5-e398aa4ba061 | GET | /api/channels] - binding parameter (3:VARCHAR) <- [password123]
26-04-06 00:11:21.280 [Test worker] TRACE org.hibernate.orm.jdbc.bind          [7b50c2d8-fdeb-4fbb-b2a5-e398aa4ba061 | GET | /api/channels] - binding parameter (4:UUID) <- [null]
26-04-06 00:11:21.280 [Test worker] TRACE org.hibernate.orm.jdbc.bind          [7b50c2d8-fdeb-4fbb-b2a5-e398aa4ba061 | GET | /api/channels] - binding parameter (5:TIMESTAMP_UTC) <- [2026-04-05T15:11:21.255691500Z]
26-04-06 00:11:21.280 [Test worker] TRACE org.hibernate.orm.jdbc.bind          [7b50c2d8-fdeb-4fbb-b2a5-e398aa4ba061 | GET | /api/channels] - binding parameter (6:VARCHAR) <- [chanuser]
26-04-06 00:11:21.280 [Test worker] TRACE org.hibernate.orm.jdbc.bind          [7b50c2d8-fdeb-4fbb-b2a5-e398aa4ba061 | GET | /api/channels] - binding parameter (7:UUID) <- [69404447-365c-4039-8a5e-e58e16a29712]
26-04-06 00:11:21.281 [Test worker] DEBUG org.hibernate.SQL                    [7b50c2d8-fdeb-4fbb-b2a5-e398aa4ba061 | GET | /api/channels] - 
    insert 
    into
        user_statuses
        (created_at, last_active_at, updated_at, user_id, id) 
    values
        (?, ?, ?, ?, ?)
26-04-06 00:11:21.281 [Test worker] TRACE org.hibernate.orm.jdbc.bind          [7b50c2d8-fdeb-4fbb-b2a5-e398aa4ba061 | GET | /api/channels] - binding parameter (1:TIMESTAMP_UTC) <- [2026-04-05T15:11:21.259196600Z]
26-04-06 00:11:21.281 [Test worker] TRACE org.hibernate.orm.jdbc.bind          [7b50c2d8-fdeb-4fbb-b2a5-e398aa4ba061 | GET | /api/channels] - binding parameter (2:TIMESTAMP_UTC) <- [2026-04-05T15:11:21.254692200Z]
26-04-06 00:11:21.281 [Test worker] TRACE org.hibernate.orm.jdbc.bind          [7b50c2d8-fdeb-4fbb-b2a5-e398aa4ba061 | GET | /api/channels] - binding parameter (3:TIMESTAMP_UTC) <- [2026-04-05T15:11:21.259196600Z]
26-04-06 00:11:21.281 [Test worker] TRACE org.hibernate.orm.jdbc.bind          [7b50c2d8-fdeb-4fbb-b2a5-e398aa4ba061 | GET | /api/channels] - binding parameter (4:UUID) <- [69404447-365c-4039-8a5e-e58e16a29712]
26-04-06 00:11:21.282 [Test worker] TRACE org.hibernate.orm.jdbc.bind          [7b50c2d8-fdeb-4fbb-b2a5-e398aa4ba061 | GET | /api/channels] - binding parameter (5:UUID) <- [a8bd3bda-d9ea-4d13-b388-4a4d8b225195]
26-04-06 00:11:21.282 [Test worker] DEBUG org.hibernate.SQL                    [7b50c2d8-fdeb-4fbb-b2a5-e398aa4ba061 | GET | /api/channels] - 
    insert 
    into
        channels
        (created_at, description, name, type, updated_at, id) 
    values
        (?, ?, ?, ?, ?, ?)
26-04-06 00:11:21.282 [Test worker] TRACE org.hibernate.orm.jdbc.bind          [7b50c2d8-fdeb-4fbb-b2a5-e398aa4ba061 | GET | /api/channels] - binding parameter (1:TIMESTAMP_UTC) <- [2026-04-05T15:11:21.267208900Z]
26-04-06 00:11:21.282 [Test worker] TRACE org.hibernate.orm.jdbc.bind          [7b50c2d8-fdeb-4fbb-b2a5-e398aa4ba061 | GET | /api/channels] - binding parameter (2:VARCHAR) <- [description]
26-04-06 00:11:21.282 [Test worker] TRACE org.hibernate.orm.jdbc.bind          [7b50c2d8-fdeb-4fbb-b2a5-e398aa4ba061 | GET | /api/channels] - binding parameter (3:VARCHAR) <- [public-channel]
26-04-06 00:11:21.282 [Test worker] TRACE org.hibernate.orm.jdbc.bind          [7b50c2d8-fdeb-4fbb-b2a5-e398aa4ba061 | GET | /api/channels] - binding parameter (4:ENUM) <- [PUBLIC]
26-04-06 00:11:21.282 [Test worker] TRACE org.hibernate.orm.jdbc.bind          [7b50c2d8-fdeb-4fbb-b2a5-e398aa4ba061 | GET | /api/channels] - binding parameter (5:TIMESTAMP_UTC) <- [2026-04-05T15:11:21.267208900Z]
26-04-06 00:11:21.283 [Test worker] TRACE org.hibernate.orm.jdbc.bind          [7b50c2d8-fdeb-4fbb-b2a5-e398aa4ba061 | GET | /api/channels] - binding parameter (6:UUID) <- [e5aad71f-7e2e-4454-b477-51e9d8ff2e57]
26-04-06 00:11:21.283 [Test worker] DEBUG org.hibernate.SQL                    [7b50c2d8-fdeb-4fbb-b2a5-e398aa4ba061 | GET | /api/channels] - 
    select
        c1_0.id,
        c1_0.created_at,
        c1_0.description,
        c1_0.name,
        c1_0.type,
        c1_0.updated_at 
    from
        channels c1_0 
    where
        c1_0.type=? 
        or c1_0.id in (?)
26-04-06 00:11:21.284 [Test worker] TRACE org.hibernate.orm.jdbc.bind          [7b50c2d8-fdeb-4fbb-b2a5-e398aa4ba061 | GET | /api/channels] - binding parameter (1:ENUM) <- [PUBLIC]
26-04-06 00:11:21.284 [Test worker] TRACE org.hibernate.orm.jdbc.bind          [7b50c2d8-fdeb-4fbb-b2a5-e398aa4ba061 | GET | /api/channels] - binding parameter (2:UUID) <- [null]
26-04-06 00:11:21.285 [Test worker] DEBUG org.hibernate.SQL                    [7b50c2d8-fdeb-4fbb-b2a5-e398aa4ba061 | GET | /api/channels] - 
    select
        m1_0.created_at 
    from
        messages m1_0 
    where
        m1_0.channel_id=? 
    order by
        m1_0.created_at desc 
    fetch
        first 1 rows only
26-04-06 00:11:21.285 [Test worker] TRACE org.hibernate.orm.jdbc.bind          [7b50c2d8-fdeb-4fbb-b2a5-e398aa4ba061 | GET | /api/channels] - binding parameter (1:UUID) <- [e5aad71f-7e2e-4454-b477-51e9d8ff2e57]
26-04-06 00:11:21.300 [Test worker] DEBUG c.s.m.d.controller.ChannelController [01ef2463-edc6-45fb-b92c-89456006332f | POST | /api/channels/public] - POST /api/channels/public - create public channel: name=old-name
26-04-06 00:11:21.301 [Test worker] DEBUG c.s.m.d.s.basic.BasicChannelService  [01ef2463-edc6-45fb-b92c-89456006332f | POST | /api/channels/public] - Creating public channel: name=old-name
26-04-06 00:11:21.302 [Test worker] INFO  c.s.m.d.s.basic.BasicChannelService  [01ef2463-edc6-45fb-b92c-89456006332f | POST | /api/channels/public] - Public channel created: id=2af06997-40f8-4d96-8abb-92403227d365, name=old-name
26-04-06 00:11:21.302 [Test worker] DEBUG org.hibernate.SQL                    [01ef2463-edc6-45fb-b92c-89456006332f | POST | /api/channels/public] - 
    select
        m1_0.created_at 
    from
        messages m1_0 
    where
        m1_0.channel_id=? 
    order by
        m1_0.created_at desc 
    fetch
        first 1 rows only
26-04-06 00:11:21.303 [Test worker] TRACE org.hibernate.orm.jdbc.bind          [01ef2463-edc6-45fb-b92c-89456006332f | POST | /api/channels/public] - binding parameter (1:UUID) <- [2af06997-40f8-4d96-8abb-92403227d365]
26-04-06 00:11:21.303 [Test worker] INFO  c.s.m.d.controller.ChannelController [01ef2463-edc6-45fb-b92c-89456006332f | POST | /api/channels/public] - Public channel created via API: id=2af06997-40f8-4d96-8abb-92403227d365
26-04-06 00:11:21.308 [Test worker] DEBUG c.s.m.d.controller.ChannelController [595f31cf-f2ce-4c52-a564-d6ccfa180f69 | PATCH | /api/channels/2af06997-40f8-4d96-8abb-92403227d365] - PATCH /api/channels/2af06997-40f8-4d96-8abb-92403227d365
26-04-06 00:11:21.308 [Test worker] DEBUG c.s.m.d.s.basic.BasicChannelService  [595f31cf-f2ce-4c52-a564-d6ccfa180f69 | PATCH | /api/channels/2af06997-40f8-4d96-8abb-92403227d365] - Updating channel: id=2af06997-40f8-4d96-8abb-92403227d365
26-04-06 00:11:21.310 [Test worker] INFO  c.s.m.d.s.basic.BasicChannelService  [595f31cf-f2ce-4c52-a564-d6ccfa180f69 | PATCH | /api/channels/2af06997-40f8-4d96-8abb-92403227d365] - Channel updated: id=2af06997-40f8-4d96-8abb-92403227d365
26-04-06 00:11:21.313 [Test worker] DEBUG org.hibernate.SQL                    [595f31cf-f2ce-4c52-a564-d6ccfa180f69 | PATCH | /api/channels/2af06997-40f8-4d96-8abb-92403227d365] - 
    select
        m1_0.created_at 
    from
        messages m1_0 
    where
        m1_0.channel_id=? 
    order by
        m1_0.created_at desc 
    fetch
        first 1 rows only
26-04-06 00:11:21.313 [Test worker] TRACE org.hibernate.orm.jdbc.bind          [595f31cf-f2ce-4c52-a564-d6ccfa180f69 | PATCH | /api/channels/2af06997-40f8-4d96-8abb-92403227d365] - binding parameter (1:UUID) <- [2af06997-40f8-4d96-8abb-92403227d365]
26-04-06 00:11:21.321 [Test worker] INFO  o.s.t.c.s.AnnotationConfigContextLoaderUtils [- | - | -] - Could not detect default configuration classes for test class [com.sprint.mission.discodeit.integration.MessageIntegrationTest]: MessageIntegrationTest does not declare any static, non-private, non-final, nested classes annotated with @Configuration.
26-04-06 00:11:21.323 [Test worker] INFO  o.s.b.t.c.SpringBootTestContextBootstrapper [- | - | -] - Found @SpringBootConfiguration com.sprint.mission.discodeit.DiscodeitApplication for test class com.sprint.mission.discodeit.integration.MessageIntegrationTest
26-04-06 00:11:21.331 [Test worker] DEBUG c.s.m.d.controller.UserController    [503d214b-7676-4843-bd2c-10f9145f6142 | POST | /api/users] - POST /api/users - create user: username=msgauthor
26-04-06 00:11:21.332 [Test worker] DEBUG c.s.m.d.s.basic.BasicUserService     [503d214b-7676-4843-bd2c-10f9145f6142 | POST | /api/users] - Creating user: username=msgauthor, email=msgauthor@test.com
26-04-06 00:11:21.333 [Test worker] DEBUG org.hibernate.SQL                    [503d214b-7676-4843-bd2c-10f9145f6142 | POST | /api/users] - 
    select
        u1_0.id 
    from
        users u1_0 
    where
        u1_0.email=? 
    fetch
        first ? rows only
26-04-06 00:11:21.334 [Test worker] TRACE org.hibernate.orm.jdbc.bind          [503d214b-7676-4843-bd2c-10f9145f6142 | POST | /api/users] - binding parameter (1:VARCHAR) <- [msgauthor@test.com]
26-04-06 00:11:21.334 [Test worker] TRACE org.hibernate.orm.jdbc.bind          [503d214b-7676-4843-bd2c-10f9145f6142 | POST | /api/users] - binding parameter (2:INTEGER) <- [1]
26-04-06 00:11:21.335 [Test worker] DEBUG org.hibernate.SQL                    [503d214b-7676-4843-bd2c-10f9145f6142 | POST | /api/users] - 
    select
        u1_0.id 
    from
        users u1_0 
    where
        u1_0.username=? 
    fetch
        first ? rows only
26-04-06 00:11:21.335 [Test worker] TRACE org.hibernate.orm.jdbc.bind          [503d214b-7676-4843-bd2c-10f9145f6142 | POST | /api/users] - binding parameter (1:VARCHAR) <- [msgauthor]
26-04-06 00:11:21.335 [Test worker] TRACE org.hibernate.orm.jdbc.bind          [503d214b-7676-4843-bd2c-10f9145f6142 | POST | /api/users] - binding parameter (2:INTEGER) <- [1]
26-04-06 00:11:21.336 [Test worker] INFO  c.s.m.d.s.basic.BasicUserService     [503d214b-7676-4843-bd2c-10f9145f6142 | POST | /api/users] - User created: id=96760a2b-3c2e-43e3-a856-958e11a1f91b, username=msgauthor
26-04-06 00:11:21.337 [Test worker] INFO  c.s.m.d.controller.UserController    [503d214b-7676-4843-bd2c-10f9145f6142 | POST | /api/users] - User created via API: id=96760a2b-3c2e-43e3-a856-958e11a1f91b
26-04-06 00:11:21.339 [Test worker] DEBUG c.s.m.d.controller.ChannelController [fbd53e76-6e5c-42c7-9c29-700bd7dcba5f | POST | /api/channels/public] - POST /api/channels/public - create public channel: name=msg-channel
26-04-06 00:11:21.340 [Test worker] DEBUG c.s.m.d.s.basic.BasicChannelService  [fbd53e76-6e5c-42c7-9c29-700bd7dcba5f | POST | /api/channels/public] - Creating public channel: name=msg-channel
26-04-06 00:11:21.340 [Test worker] INFO  c.s.m.d.s.basic.BasicChannelService  [fbd53e76-6e5c-42c7-9c29-700bd7dcba5f | POST | /api/channels/public] - Public channel created: id=1668143c-c86d-4ff0-8677-23341c2bf19b, name=msg-channel
26-04-06 00:11:21.341 [Test worker] DEBUG org.hibernate.SQL                    [fbd53e76-6e5c-42c7-9c29-700bd7dcba5f | POST | /api/channels/public] - 
    select
        m1_0.created_at 
    from
        messages m1_0 
    where
        m1_0.channel_id=? 
    order by
        m1_0.created_at desc 
    fetch
        first 1 rows only
26-04-06 00:11:21.341 [Test worker] TRACE org.hibernate.orm.jdbc.bind          [fbd53e76-6e5c-42c7-9c29-700bd7dcba5f | POST | /api/channels/public] - binding parameter (1:UUID) <- [1668143c-c86d-4ff0-8677-23341c2bf19b]
26-04-06 00:11:21.341 [Test worker] INFO  c.s.m.d.controller.ChannelController [fbd53e76-6e5c-42c7-9c29-700bd7dcba5f | POST | /api/channels/public] - Public channel created via API: id=1668143c-c86d-4ff0-8677-23341c2bf19b
26-04-06 00:11:21.348 [Test worker] DEBUG c.s.m.d.controller.MessageController [99c39b35-7fe3-4822-a931-ade51844be39 | POST | /api/messages] - POST /api/messages - create message: channelId=1668143c-c86d-4ff0-8677-23341c2bf19b
26-04-06 00:11:21.348 [Test worker] DEBUG c.s.m.d.s.basic.BasicMessageService  [99c39b35-7fe3-4822-a931-ade51844be39 | POST | /api/messages] - Creating message: channelId=1668143c-c86d-4ff0-8677-23341c2bf19b, authorId=96760a2b-3c2e-43e3-a856-958e11a1f91b
26-04-06 00:11:21.365 [Test worker] INFO  c.s.m.d.s.basic.BasicMessageService  [99c39b35-7fe3-4822-a931-ade51844be39 | POST | /api/messages] - Message created: id=6f84f32a-fbb1-48d2-8569-3fd259c72377, channelId=1668143c-c86d-4ff0-8677-23341c2bf19b, authorId=96760a2b-3c2e-43e3-a856-958e11a1f91b
26-04-06 00:11:21.365 [Test worker] INFO  c.s.m.d.controller.MessageController [99c39b35-7fe3-4822-a931-ade51844be39 | POST | /api/messages] - Message created via API: id=6f84f32a-fbb1-48d2-8569-3fd259c72377
26-04-06 00:11:21.371 [Test worker] DEBUG c.s.m.d.controller.MessageController [560e707a-56bb-4ef8-97d4-6e5becb43641 | PATCH | /api/messages/6f84f32a-fbb1-48d2-8569-3fd259c72377] - PATCH /api/messages/6f84f32a-fbb1-48d2-8569-3fd259c72377
26-04-06 00:11:21.372 [Test worker] DEBUG c.s.m.d.s.basic.BasicMessageService  [560e707a-56bb-4ef8-97d4-6e5becb43641 | PATCH | /api/messages/6f84f32a-fbb1-48d2-8569-3fd259c72377] - Updating message: id=6f84f32a-fbb1-48d2-8569-3fd259c72377
26-04-06 00:11:21.373 [Test worker] INFO  c.s.m.d.s.basic.BasicMessageService  [560e707a-56bb-4ef8-97d4-6e5becb43641 | PATCH | /api/messages/6f84f32a-fbb1-48d2-8569-3fd259c72377] - Message updated: id=6f84f32a-fbb1-48d2-8569-3fd259c72377
26-04-06 00:11:21.382 [Test worker] DEBUG c.s.m.d.controller.UserController    [59660487-8eb7-4f9c-84e7-809f2a2c9349 | POST | /api/users] - POST /api/users - create user: username=msgauthor
26-04-06 00:11:21.382 [Test worker] DEBUG c.s.m.d.s.basic.BasicUserService     [59660487-8eb7-4f9c-84e7-809f2a2c9349 | POST | /api/users] - Creating user: username=msgauthor, email=msgauthor@test.com
26-04-06 00:11:21.383 [Test worker] DEBUG org.hibernate.SQL                    [59660487-8eb7-4f9c-84e7-809f2a2c9349 | POST | /api/users] - 
    select
        u1_0.id 
    from
        users u1_0 
    where
        u1_0.email=? 
    fetch
        first ? rows only
26-04-06 00:11:21.384 [Test worker] TRACE org.hibernate.orm.jdbc.bind          [59660487-8eb7-4f9c-84e7-809f2a2c9349 | POST | /api/users] - binding parameter (1:VARCHAR) <- [msgauthor@test.com]
26-04-06 00:11:21.384 [Test worker] TRACE org.hibernate.orm.jdbc.bind          [59660487-8eb7-4f9c-84e7-809f2a2c9349 | POST | /api/users] - binding parameter (2:INTEGER) <- [1]
26-04-06 00:11:21.385 [Test worker] DEBUG org.hibernate.SQL                    [59660487-8eb7-4f9c-84e7-809f2a2c9349 | POST | /api/users] - 
    select
        u1_0.id 
    from
        users u1_0 
    where
        u1_0.username=? 
    fetch
        first ? rows only
26-04-06 00:11:21.385 [Test worker] TRACE org.hibernate.orm.jdbc.bind          [59660487-8eb7-4f9c-84e7-809f2a2c9349 | POST | /api/users] - binding parameter (1:VARCHAR) <- [msgauthor]
26-04-06 00:11:21.385 [Test worker] TRACE org.hibernate.orm.jdbc.bind          [59660487-8eb7-4f9c-84e7-809f2a2c9349 | POST | /api/users] - binding parameter (2:INTEGER) <- [1]
26-04-06 00:11:21.386 [Test worker] INFO  c.s.m.d.s.basic.BasicUserService     [59660487-8eb7-4f9c-84e7-809f2a2c9349 | POST | /api/users] - User created: id=26a4737b-a586-45b8-b059-f3d9ff48e567, username=msgauthor
26-04-06 00:11:21.386 [Test worker] INFO  c.s.m.d.controller.UserController    [59660487-8eb7-4f9c-84e7-809f2a2c9349 | POST | /api/users] - User created via API: id=26a4737b-a586-45b8-b059-f3d9ff48e567
26-04-06 00:11:21.388 [Test worker] DEBUG c.s.m.d.controller.ChannelController [95b0a5e2-3e7b-41c5-933e-e901420855dd | POST | /api/channels/public] - POST /api/channels/public - create public channel: name=msg-channel
26-04-06 00:11:21.388 [Test worker] DEBUG c.s.m.d.s.basic.BasicChannelService  [95b0a5e2-3e7b-41c5-933e-e901420855dd | POST | /api/channels/public] - Creating public channel: name=msg-channel
26-04-06 00:11:21.388 [Test worker] INFO  c.s.m.d.s.basic.BasicChannelService  [95b0a5e2-3e7b-41c5-933e-e901420855dd | POST | /api/channels/public] - Public channel created: id=21ee736c-6564-46d3-bd46-bc7250b4f5b4, name=msg-channel
26-04-06 00:11:21.389 [Test worker] DEBUG org.hibernate.SQL                    [95b0a5e2-3e7b-41c5-933e-e901420855dd | POST | /api/channels/public] - 
    select
        m1_0.created_at 
    from
        messages m1_0 
    where
        m1_0.channel_id=? 
    order by
        m1_0.created_at desc 
    fetch
        first 1 rows only
26-04-06 00:11:21.389 [Test worker] TRACE org.hibernate.orm.jdbc.bind          [95b0a5e2-3e7b-41c5-933e-e901420855dd | POST | /api/channels/public] - binding parameter (1:UUID) <- [21ee736c-6564-46d3-bd46-bc7250b4f5b4]
26-04-06 00:11:21.390 [Test worker] INFO  c.s.m.d.controller.ChannelController [95b0a5e2-3e7b-41c5-933e-e901420855dd | POST | /api/channels/public] - Public channel created via API: id=21ee736c-6564-46d3-bd46-bc7250b4f5b4
26-04-06 00:11:21.391 [Test worker] DEBUG c.s.m.d.controller.MessageController [fa1526a1-cfa9-4f25-bd4e-c29d53d193ec | DELETE | /api/messages/388fb3b7-19dd-4116-91d0-9a41c388fb3c] - DELETE /api/messages/388fb3b7-19dd-4116-91d0-9a41c388fb3c
26-04-06 00:11:21.391 [Test worker] DEBUG c.s.m.d.s.basic.BasicMessageService  [fa1526a1-cfa9-4f25-bd4e-c29d53d193ec | DELETE | /api/messages/388fb3b7-19dd-4116-91d0-9a41c388fb3c] - Deleting message: id=388fb3b7-19dd-4116-91d0-9a41c388fb3c
26-04-06 00:11:21.393 [Test worker] DEBUG org.hibernate.SQL                    [fa1526a1-cfa9-4f25-bd4e-c29d53d193ec | DELETE | /api/messages/388fb3b7-19dd-4116-91d0-9a41c388fb3c] - 
    select
        count(*) 
    from
        messages m1_0 
    where
        m1_0.id=?
26-04-06 00:11:21.394 [Test worker] TRACE org.hibernate.orm.jdbc.bind          [fa1526a1-cfa9-4f25-bd4e-c29d53d193ec | DELETE | /api/messages/388fb3b7-19dd-4116-91d0-9a41c388fb3c] - binding parameter (1:UUID) <- [388fb3b7-19dd-4116-91d0-9a41c388fb3c]
26-04-06 00:11:21.395 [Test worker] WARN  c.s.m.d.e.GlobalExceptionHandler     [fa1526a1-cfa9-4f25-bd4e-c29d53d193ec | DELETE | /api/messages/388fb3b7-19dd-4116-91d0-9a41c388fb3c] - DiscodeitException [MESSAGE_NOT_FOUND]: Message not found, details={messageId=388fb3b7-19dd-4116-91d0-9a41c388fb3c}
26-04-06 00:11:21.406 [Test worker] DEBUG c.s.m.d.controller.UserController    [8c35531f-5e79-4a06-9411-0d41e6de445a | POST | /api/users] - POST /api/users - create user: username=msgauthor
26-04-06 00:11:21.406 [Test worker] DEBUG c.s.m.d.s.basic.BasicUserService     [8c35531f-5e79-4a06-9411-0d41e6de445a | POST | /api/users] - Creating user: username=msgauthor, email=msgauthor@test.com
26-04-06 00:11:21.407 [Test worker] DEBUG org.hibernate.SQL                    [8c35531f-5e79-4a06-9411-0d41e6de445a | POST | /api/users] - 
    select
        u1_0.id 
    from
        users u1_0 
    where
        u1_0.email=? 
    fetch
        first ? rows only
26-04-06 00:11:21.408 [Test worker] TRACE org.hibernate.orm.jdbc.bind          [8c35531f-5e79-4a06-9411-0d41e6de445a | POST | /api/users] - binding parameter (1:VARCHAR) <- [msgauthor@test.com]
26-04-06 00:11:21.408 [Test worker] TRACE org.hibernate.orm.jdbc.bind          [8c35531f-5e79-4a06-9411-0d41e6de445a | POST | /api/users] - binding parameter (2:INTEGER) <- [1]
26-04-06 00:11:21.409 [Test worker] DEBUG org.hibernate.SQL                    [8c35531f-5e79-4a06-9411-0d41e6de445a | POST | /api/users] - 
    select
        u1_0.id 
    from
        users u1_0 
    where
        u1_0.username=? 
    fetch
        first ? rows only
26-04-06 00:11:21.410 [Test worker] TRACE org.hibernate.orm.jdbc.bind          [8c35531f-5e79-4a06-9411-0d41e6de445a | POST | /api/users] - binding parameter (1:VARCHAR) <- [msgauthor]
26-04-06 00:11:21.410 [Test worker] TRACE org.hibernate.orm.jdbc.bind          [8c35531f-5e79-4a06-9411-0d41e6de445a | POST | /api/users] - binding parameter (2:INTEGER) <- [1]
26-04-06 00:11:21.411 [Test worker] INFO  c.s.m.d.s.basic.BasicUserService     [8c35531f-5e79-4a06-9411-0d41e6de445a | POST | /api/users] - User created: id=b8e73134-acb3-45b8-b407-39821c8e3a82, username=msgauthor
26-04-06 00:11:21.411 [Test worker] INFO  c.s.m.d.controller.UserController    [8c35531f-5e79-4a06-9411-0d41e6de445a | POST | /api/users] - User created via API: id=b8e73134-acb3-45b8-b407-39821c8e3a82
26-04-06 00:11:21.414 [Test worker] DEBUG c.s.m.d.controller.ChannelController [87258d32-6b52-4eea-a673-c3a063ce1a7a | POST | /api/channels/public] - POST /api/channels/public - create public channel: name=msg-channel
26-04-06 00:11:21.414 [Test worker] DEBUG c.s.m.d.s.basic.BasicChannelService  [87258d32-6b52-4eea-a673-c3a063ce1a7a | POST | /api/channels/public] - Creating public channel: name=msg-channel
26-04-06 00:11:21.415 [Test worker] INFO  c.s.m.d.s.basic.BasicChannelService  [87258d32-6b52-4eea-a673-c3a063ce1a7a | POST | /api/channels/public] - Public channel created: id=737de2b7-92ce-4ce5-a1d0-21098f689583, name=msg-channel
26-04-06 00:11:21.415 [Test worker] DEBUG org.hibernate.SQL                    [87258d32-6b52-4eea-a673-c3a063ce1a7a | POST | /api/channels/public] - 
    select
        m1_0.created_at 
    from
        messages m1_0 
    where
        m1_0.channel_id=? 
    order by
        m1_0.created_at desc 
    fetch
        first 1 rows only
26-04-06 00:11:21.416 [Test worker] TRACE org.hibernate.orm.jdbc.bind          [87258d32-6b52-4eea-a673-c3a063ce1a7a | POST | /api/channels/public] - binding parameter (1:UUID) <- [737de2b7-92ce-4ce5-a1d0-21098f689583]
26-04-06 00:11:21.416 [Test worker] INFO  c.s.m.d.controller.ChannelController [87258d32-6b52-4eea-a673-c3a063ce1a7a | POST | /api/channels/public] - Public channel created via API: id=737de2b7-92ce-4ce5-a1d0-21098f689583
26-04-06 00:11:21.419 [Test worker] DEBUG c.s.m.d.controller.MessageController [f83e57c3-1987-4c68-8b5e-1d5017228828 | POST | /api/messages] - POST /api/messages - create message: channelId=737de2b7-92ce-4ce5-a1d0-21098f689583
26-04-06 00:11:21.419 [Test worker] DEBUG c.s.m.d.s.basic.BasicMessageService  [f83e57c3-1987-4c68-8b5e-1d5017228828 | POST | /api/messages] - Creating message: channelId=737de2b7-92ce-4ce5-a1d0-21098f689583, authorId=b8e73134-acb3-45b8-b407-39821c8e3a82
26-04-06 00:11:21.420 [Test worker] INFO  c.s.m.d.s.basic.BasicMessageService  [f83e57c3-1987-4c68-8b5e-1d5017228828 | POST | /api/messages] - Message created: id=1967a7db-8151-46a0-942b-3a9fcf541e4e, channelId=737de2b7-92ce-4ce5-a1d0-21098f689583, authorId=b8e73134-acb3-45b8-b407-39821c8e3a82
26-04-06 00:11:21.420 [Test worker] INFO  c.s.m.d.controller.MessageController [f83e57c3-1987-4c68-8b5e-1d5017228828 | POST | /api/messages] - Message created via API: id=1967a7db-8151-46a0-942b-3a9fcf541e4e
26-04-06 00:11:21.422 [Test worker] DEBUG c.s.m.d.controller.MessageController [8a1bff95-c853-4f88-8059-59ca7c8adb9f | DELETE | /api/messages/1967a7db-8151-46a0-942b-3a9fcf541e4e] - DELETE /api/messages/1967a7db-8151-46a0-942b-3a9fcf541e4e
26-04-06 00:11:21.422 [Test worker] DEBUG c.s.m.d.s.basic.BasicMessageService  [8a1bff95-c853-4f88-8059-59ca7c8adb9f | DELETE | /api/messages/1967a7db-8151-46a0-942b-3a9fcf541e4e] - Deleting message: id=1967a7db-8151-46a0-942b-3a9fcf541e4e
26-04-06 00:11:21.428 [Test worker] DEBUG org.hibernate.SQL                    [8a1bff95-c853-4f88-8059-59ca7c8adb9f | DELETE | /api/messages/1967a7db-8151-46a0-942b-3a9fcf541e4e] - 
    insert 
    into
        users
        (created_at, email, password, profile_id, updated_at, username, id) 
    values
        (?, ?, ?, ?, ?, ?, ?)
26-04-06 00:11:21.429 [Test worker] TRACE org.hibernate.orm.jdbc.bind          [8a1bff95-c853-4f88-8059-59ca7c8adb9f | DELETE | /api/messages/1967a7db-8151-46a0-942b-3a9fcf541e4e] - binding parameter (1:TIMESTAMP_UTC) <- [2026-04-05T15:11:21.411867500Z]
26-04-06 00:11:21.429 [Test worker] TRACE org.hibernate.orm.jdbc.bind          [8a1bff95-c853-4f88-8059-59ca7c8adb9f | DELETE | /api/messages/1967a7db-8151-46a0-942b-3a9fcf541e4e] - binding parameter (2:VARCHAR) <- [msgauthor@test.com]
26-04-06 00:11:21.429 [Test worker] TRACE org.hibernate.orm.jdbc.bind          [8a1bff95-c853-4f88-8059-59ca7c8adb9f | DELETE | /api/messages/1967a7db-8151-46a0-942b-3a9fcf541e4e] - binding parameter (3:VARCHAR) <- [password123]
26-04-06 00:11:21.429 [Test worker] TRACE org.hibernate.orm.jdbc.bind          [8a1bff95-c853-4f88-8059-59ca7c8adb9f | DELETE | /api/messages/1967a7db-8151-46a0-942b-3a9fcf541e4e] - binding parameter (4:UUID) <- [null]
26-04-06 00:11:21.429 [Test worker] TRACE org.hibernate.orm.jdbc.bind          [8a1bff95-c853-4f88-8059-59ca7c8adb9f | DELETE | /api/messages/1967a7db-8151-46a0-942b-3a9fcf541e4e] - binding parameter (5:TIMESTAMP_UTC) <- [2026-04-05T15:11:21.411867500Z]
26-04-06 00:11:21.429 [Test worker] TRACE org.hibernate.orm.jdbc.bind          [8a1bff95-c853-4f88-8059-59ca7c8adb9f | DELETE | /api/messages/1967a7db-8151-46a0-942b-3a9fcf541e4e] - binding parameter (6:VARCHAR) <- [msgauthor]
26-04-06 00:11:21.429 [Test worker] TRACE org.hibernate.orm.jdbc.bind          [8a1bff95-c853-4f88-8059-59ca7c8adb9f | DELETE | /api/messages/1967a7db-8151-46a0-942b-3a9fcf541e4e] - binding parameter (7:UUID) <- [b8e73134-acb3-45b8-b407-39821c8e3a82]
26-04-06 00:11:21.430 [Test worker] DEBUG org.hibernate.SQL                    [8a1bff95-c853-4f88-8059-59ca7c8adb9f | DELETE | /api/messages/1967a7db-8151-46a0-942b-3a9fcf541e4e] - 
    insert 
    into
        user_statuses
        (created_at, last_active_at, updated_at, user_id, id) 
    values
        (?, ?, ?, ?, ?)
26-04-06 00:11:21.430 [Test worker] TRACE org.hibernate.orm.jdbc.bind          [8a1bff95-c853-4f88-8059-59ca7c8adb9f | DELETE | /api/messages/1967a7db-8151-46a0-942b-3a9fcf541e4e] - binding parameter (1:TIMESTAMP_UTC) <- [2026-04-05T15:11:21.411867500Z]
26-04-06 00:11:21.430 [Test worker] TRACE org.hibernate.orm.jdbc.bind          [8a1bff95-c853-4f88-8059-59ca7c8adb9f | DELETE | /api/messages/1967a7db-8151-46a0-942b-3a9fcf541e4e] - binding parameter (2:TIMESTAMP_UTC) <- [2026-04-05T15:11:21.410865800Z]
26-04-06 00:11:21.430 [Test worker] TRACE org.hibernate.orm.jdbc.bind          [8a1bff95-c853-4f88-8059-59ca7c8adb9f | DELETE | /api/messages/1967a7db-8151-46a0-942b-3a9fcf541e4e] - binding parameter (3:TIMESTAMP_UTC) <- [2026-04-05T15:11:21.411867500Z]
26-04-06 00:11:21.430 [Test worker] TRACE org.hibernate.orm.jdbc.bind          [8a1bff95-c853-4f88-8059-59ca7c8adb9f | DELETE | /api/messages/1967a7db-8151-46a0-942b-3a9fcf541e4e] - binding parameter (4:UUID) <- [b8e73134-acb3-45b8-b407-39821c8e3a82]
26-04-06 00:11:21.430 [Test worker] TRACE org.hibernate.orm.jdbc.bind          [8a1bff95-c853-4f88-8059-59ca7c8adb9f | DELETE | /api/messages/1967a7db-8151-46a0-942b-3a9fcf541e4e] - binding parameter (5:UUID) <- [d6c4aeb5-2de5-4d22-b64c-f0d13c85e094]
26-04-06 00:11:21.431 [Test worker] DEBUG org.hibernate.SQL                    [8a1bff95-c853-4f88-8059-59ca7c8adb9f | DELETE | /api/messages/1967a7db-8151-46a0-942b-3a9fcf541e4e] - 
    insert 
    into
        channels
        (created_at, description, name, type, updated_at, id) 
    values
        (?, ?, ?, ?, ?, ?)
26-04-06 00:11:21.431 [Test worker] TRACE org.hibernate.orm.jdbc.bind          [8a1bff95-c853-4f88-8059-59ca7c8adb9f | DELETE | /api/messages/1967a7db-8151-46a0-942b-3a9fcf541e4e] - binding parameter (1:TIMESTAMP_UTC) <- [2026-04-05T15:11:21.414865Z]
26-04-06 00:11:21.431 [Test worker] TRACE org.hibernate.orm.jdbc.bind          [8a1bff95-c853-4f88-8059-59ca7c8adb9f | DELETE | /api/messages/1967a7db-8151-46a0-942b-3a9fcf541e4e] - binding parameter (2:VARCHAR) <- [desc]
26-04-06 00:11:21.431 [Test worker] TRACE org.hibernate.orm.jdbc.bind          [8a1bff95-c853-4f88-8059-59ca7c8adb9f | DELETE | /api/messages/1967a7db-8151-46a0-942b-3a9fcf541e4e] - binding parameter (3:VARCHAR) <- [msg-channel]
26-04-06 00:11:21.431 [Test worker] TRACE org.hibernate.orm.jdbc.bind          [8a1bff95-c853-4f88-8059-59ca7c8adb9f | DELETE | /api/messages/1967a7db-8151-46a0-942b-3a9fcf541e4e] - binding parameter (4:ENUM) <- [PUBLIC]
26-04-06 00:11:21.431 [Test worker] TRACE org.hibernate.orm.jdbc.bind          [8a1bff95-c853-4f88-8059-59ca7c8adb9f | DELETE | /api/messages/1967a7db-8151-46a0-942b-3a9fcf541e4e] - binding parameter (5:TIMESTAMP_UTC) <- [2026-04-05T15:11:21.414865Z]
26-04-06 00:11:21.431 [Test worker] TRACE org.hibernate.orm.jdbc.bind          [8a1bff95-c853-4f88-8059-59ca7c8adb9f | DELETE | /api/messages/1967a7db-8151-46a0-942b-3a9fcf541e4e] - binding parameter (6:UUID) <- [737de2b7-92ce-4ce5-a1d0-21098f689583]
26-04-06 00:11:21.432 [Test worker] DEBUG org.hibernate.SQL                    [8a1bff95-c853-4f88-8059-59ca7c8adb9f | DELETE | /api/messages/1967a7db-8151-46a0-942b-3a9fcf541e4e] - 
    insert 
    into
        messages
        (author_id, channel_id, content, created_at, updated_at, id) 
    values
        (?, ?, ?, ?, ?, ?)
26-04-06 00:11:21.432 [Test worker] TRACE org.hibernate.orm.jdbc.bind          [8a1bff95-c853-4f88-8059-59ca7c8adb9f | DELETE | /api/messages/1967a7db-8151-46a0-942b-3a9fcf541e4e] - binding parameter (1:UUID) <- [b8e73134-acb3-45b8-b407-39821c8e3a82]
26-04-06 00:11:21.432 [Test worker] TRACE org.hibernate.orm.jdbc.bind          [8a1bff95-c853-4f88-8059-59ca7c8adb9f | DELETE | /api/messages/1967a7db-8151-46a0-942b-3a9fcf541e4e] - binding parameter (2:UUID) <- [737de2b7-92ce-4ce5-a1d0-21098f689583]
26-04-06 00:11:21.432 [Test worker] TRACE org.hibernate.orm.jdbc.bind          [8a1bff95-c853-4f88-8059-59ca7c8adb9f | DELETE | /api/messages/1967a7db-8151-46a0-942b-3a9fcf541e4e] - binding parameter (3:VARCHAR) <- [To be deleted]
26-04-06 00:11:21.432 [Test worker] TRACE org.hibernate.orm.jdbc.bind          [8a1bff95-c853-4f88-8059-59ca7c8adb9f | DELETE | /api/messages/1967a7db-8151-46a0-942b-3a9fcf541e4e] - binding parameter (4:TIMESTAMP_UTC) <- [2026-04-05T15:11:21.420935900Z]
26-04-06 00:11:21.432 [Test worker] TRACE org.hibernate.orm.jdbc.bind          [8a1bff95-c853-4f88-8059-59ca7c8adb9f | DELETE | /api/messages/1967a7db-8151-46a0-942b-3a9fcf541e4e] - binding parameter (5:TIMESTAMP_UTC) <- [2026-04-05T15:11:21.420935900Z]
26-04-06 00:11:21.432 [Test worker] TRACE org.hibernate.orm.jdbc.bind          [8a1bff95-c853-4f88-8059-59ca7c8adb9f | DELETE | /api/messages/1967a7db-8151-46a0-942b-3a9fcf541e4e] - binding parameter (6:UUID) <- [1967a7db-8151-46a0-942b-3a9fcf541e4e]
26-04-06 00:11:21.439 [Test worker] DEBUG org.hibernate.SQL                    [8a1bff95-c853-4f88-8059-59ca7c8adb9f | DELETE | /api/messages/1967a7db-8151-46a0-942b-3a9fcf541e4e] - 
    select
        count(*) 
    from
        messages m1_0 
    where
        m1_0.id=?
26-04-06 00:11:21.439 [Test worker] TRACE org.hibernate.orm.jdbc.bind          [8a1bff95-c853-4f88-8059-59ca7c8adb9f | DELETE | /api/messages/1967a7db-8151-46a0-942b-3a9fcf541e4e] - binding parameter (1:UUID) <- [1967a7db-8151-46a0-942b-3a9fcf541e4e]
26-04-06 00:11:21.441 [Test worker] INFO  c.s.m.d.s.basic.BasicMessageService  [8a1bff95-c853-4f88-8059-59ca7c8adb9f | DELETE | /api/messages/1967a7db-8151-46a0-942b-3a9fcf541e4e] - Message deleted: id=1967a7db-8151-46a0-942b-3a9fcf541e4e
26-04-06 00:11:21.458 [Test worker] DEBUG c.s.m.d.controller.UserController    [b21f0306-62cb-4d4f-8dd5-0e63af3b2fac | POST | /api/users] - POST /api/users - create user: username=msgauthor
26-04-06 00:11:21.458 [Test worker] DEBUG c.s.m.d.s.basic.BasicUserService     [b21f0306-62cb-4d4f-8dd5-0e63af3b2fac | POST | /api/users] - Creating user: username=msgauthor, email=msgauthor@test.com
26-04-06 00:11:21.459 [Test worker] DEBUG org.hibernate.SQL                    [b21f0306-62cb-4d4f-8dd5-0e63af3b2fac | POST | /api/users] - 
    select
        u1_0.id 
    from
        users u1_0 
    where
        u1_0.email=? 
    fetch
        first ? rows only
26-04-06 00:11:21.460 [Test worker] TRACE org.hibernate.orm.jdbc.bind          [b21f0306-62cb-4d4f-8dd5-0e63af3b2fac | POST | /api/users] - binding parameter (1:VARCHAR) <- [msgauthor@test.com]
26-04-06 00:11:21.460 [Test worker] TRACE org.hibernate.orm.jdbc.bind          [b21f0306-62cb-4d4f-8dd5-0e63af3b2fac | POST | /api/users] - binding parameter (2:INTEGER) <- [1]
26-04-06 00:11:21.461 [Test worker] DEBUG org.hibernate.SQL                    [b21f0306-62cb-4d4f-8dd5-0e63af3b2fac | POST | /api/users] - 
    select
        u1_0.id 
    from
        users u1_0 
    where
        u1_0.username=? 
    fetch
        first ? rows only
26-04-06 00:11:21.461 [Test worker] TRACE org.hibernate.orm.jdbc.bind          [b21f0306-62cb-4d4f-8dd5-0e63af3b2fac | POST | /api/users] - binding parameter (1:VARCHAR) <- [msgauthor]
26-04-06 00:11:21.461 [Test worker] TRACE org.hibernate.orm.jdbc.bind          [b21f0306-62cb-4d4f-8dd5-0e63af3b2fac | POST | /api/users] - binding parameter (2:INTEGER) <- [1]
26-04-06 00:11:21.462 [Test worker] INFO  c.s.m.d.s.basic.BasicUserService     [b21f0306-62cb-4d4f-8dd5-0e63af3b2fac | POST | /api/users] - User created: id=8e9075e3-2141-4575-99d2-321894e9877f, username=msgauthor
26-04-06 00:11:21.462 [Test worker] INFO  c.s.m.d.controller.UserController    [b21f0306-62cb-4d4f-8dd5-0e63af3b2fac | POST | /api/users] - User created via API: id=8e9075e3-2141-4575-99d2-321894e9877f
26-04-06 00:11:21.464 [Test worker] DEBUG c.s.m.d.controller.ChannelController [2ff286f9-a174-4048-8212-6ab36bb7e78d | POST | /api/channels/public] - POST /api/channels/public - create public channel: name=msg-channel
26-04-06 00:11:21.465 [Test worker] DEBUG c.s.m.d.s.basic.BasicChannelService  [2ff286f9-a174-4048-8212-6ab36bb7e78d | POST | /api/channels/public] - Creating public channel: name=msg-channel
26-04-06 00:11:21.465 [Test worker] INFO  c.s.m.d.s.basic.BasicChannelService  [2ff286f9-a174-4048-8212-6ab36bb7e78d | POST | /api/channels/public] - Public channel created: id=e9397873-c4a4-44dc-9be8-1397e954d1d1, name=msg-channel
26-04-06 00:11:21.466 [Test worker] DEBUG org.hibernate.SQL                    [2ff286f9-a174-4048-8212-6ab36bb7e78d | POST | /api/channels/public] - 
    select
        m1_0.created_at 
    from
        messages m1_0 
    where
        m1_0.channel_id=? 
    order by
        m1_0.created_at desc 
    fetch
        first 1 rows only
26-04-06 00:11:21.466 [Test worker] TRACE org.hibernate.orm.jdbc.bind          [2ff286f9-a174-4048-8212-6ab36bb7e78d | POST | /api/channels/public] - binding parameter (1:UUID) <- [e9397873-c4a4-44dc-9be8-1397e954d1d1]
26-04-06 00:11:21.466 [Test worker] INFO  c.s.m.d.controller.ChannelController [2ff286f9-a174-4048-8212-6ab36bb7e78d | POST | /api/channels/public] - Public channel created via API: id=e9397873-c4a4-44dc-9be8-1397e954d1d1
26-04-06 00:11:21.468 [Test worker] DEBUG c.s.m.d.controller.MessageController [49cbe7d8-5e12-4327-b638-1373a42add51 | POST | /api/messages] - POST /api/messages - create message: channelId=e9397873-c4a4-44dc-9be8-1397e954d1d1
26-04-06 00:11:21.469 [Test worker] DEBUG c.s.m.d.s.basic.BasicMessageService  [49cbe7d8-5e12-4327-b638-1373a42add51 | POST | /api/messages] - Creating message: channelId=e9397873-c4a4-44dc-9be8-1397e954d1d1, authorId=8e9075e3-2141-4575-99d2-321894e9877f
26-04-06 00:11:21.470 [Test worker] INFO  c.s.m.d.s.basic.BasicMessageService  [49cbe7d8-5e12-4327-b638-1373a42add51 | POST | /api/messages] - Message created: id=099cb93a-d62c-44ab-9a0d-32c8b656d2a9, channelId=e9397873-c4a4-44dc-9be8-1397e954d1d1, authorId=8e9075e3-2141-4575-99d2-321894e9877f
26-04-06 00:11:21.470 [Test worker] INFO  c.s.m.d.controller.MessageController [49cbe7d8-5e12-4327-b638-1373a42add51 | POST | /api/messages] - Message created via API: id=099cb93a-d62c-44ab-9a0d-32c8b656d2a9
26-04-06 00:11:21.478 [Test worker] DEBUG c.s.m.d.controller.UserController    [ebbfbff7-e64a-472c-8172-d46ae3d02ddb | POST | /api/users] - POST /api/users - create user: username=msgauthor
26-04-06 00:11:21.478 [Test worker] DEBUG c.s.m.d.s.basic.BasicUserService     [ebbfbff7-e64a-472c-8172-d46ae3d02ddb | POST | /api/users] - Creating user: username=msgauthor, email=msgauthor@test.com
26-04-06 00:11:21.479 [Test worker] DEBUG org.hibernate.SQL                    [ebbfbff7-e64a-472c-8172-d46ae3d02ddb | POST | /api/users] - 
    select
        u1_0.id 
    from
        users u1_0 
    where
        u1_0.email=? 
    fetch
        first ? rows only
26-04-06 00:11:21.479 [Test worker] TRACE org.hibernate.orm.jdbc.bind          [ebbfbff7-e64a-472c-8172-d46ae3d02ddb | POST | /api/users] - binding parameter (1:VARCHAR) <- [msgauthor@test.com]
26-04-06 00:11:21.480 [Test worker] TRACE org.hibernate.orm.jdbc.bind          [ebbfbff7-e64a-472c-8172-d46ae3d02ddb | POST | /api/users] - binding parameter (2:INTEGER) <- [1]
26-04-06 00:11:21.481 [Test worker] DEBUG org.hibernate.SQL                    [ebbfbff7-e64a-472c-8172-d46ae3d02ddb | POST | /api/users] - 
    select
        u1_0.id 
    from
        users u1_0 
    where
        u1_0.username=? 
    fetch
        first ? rows only
26-04-06 00:11:21.481 [Test worker] TRACE org.hibernate.orm.jdbc.bind          [ebbfbff7-e64a-472c-8172-d46ae3d02ddb | POST | /api/users] - binding parameter (1:VARCHAR) <- [msgauthor]
26-04-06 00:11:21.481 [Test worker] TRACE org.hibernate.orm.jdbc.bind          [ebbfbff7-e64a-472c-8172-d46ae3d02ddb | POST | /api/users] - binding parameter (2:INTEGER) <- [1]
26-04-06 00:11:21.482 [Test worker] INFO  c.s.m.d.s.basic.BasicUserService     [ebbfbff7-e64a-472c-8172-d46ae3d02ddb | POST | /api/users] - User created: id=3e2b1c8b-65db-4fc0-8cfa-6d646bb68f52, username=msgauthor
26-04-06 00:11:21.482 [Test worker] INFO  c.s.m.d.controller.UserController    [ebbfbff7-e64a-472c-8172-d46ae3d02ddb | POST | /api/users] - User created via API: id=3e2b1c8b-65db-4fc0-8cfa-6d646bb68f52
26-04-06 00:11:21.484 [Test worker] DEBUG c.s.m.d.controller.ChannelController [1674ec7c-2a9a-4132-8826-a69d67734748 | POST | /api/channels/public] - POST /api/channels/public - create public channel: name=msg-channel
26-04-06 00:11:21.484 [Test worker] DEBUG c.s.m.d.s.basic.BasicChannelService  [1674ec7c-2a9a-4132-8826-a69d67734748 | POST | /api/channels/public] - Creating public channel: name=msg-channel
26-04-06 00:11:21.484 [Test worker] INFO  c.s.m.d.s.basic.BasicChannelService  [1674ec7c-2a9a-4132-8826-a69d67734748 | POST | /api/channels/public] - Public channel created: id=ef15f604-c547-4cf4-8e63-0c8780d87878, name=msg-channel
26-04-06 00:11:21.485 [Test worker] DEBUG org.hibernate.SQL                    [1674ec7c-2a9a-4132-8826-a69d67734748 | POST | /api/channels/public] - 
    select
        m1_0.created_at 
    from
        messages m1_0 
    where
        m1_0.channel_id=? 
    order by
        m1_0.created_at desc 
    fetch
        first 1 rows only
26-04-06 00:11:21.485 [Test worker] TRACE org.hibernate.orm.jdbc.bind          [1674ec7c-2a9a-4132-8826-a69d67734748 | POST | /api/channels/public] - binding parameter (1:UUID) <- [ef15f604-c547-4cf4-8e63-0c8780d87878]
26-04-06 00:11:21.486 [Test worker] INFO  c.s.m.d.controller.ChannelController [1674ec7c-2a9a-4132-8826-a69d67734748 | POST | /api/channels/public] - Public channel created via API: id=ef15f604-c547-4cf4-8e63-0c8780d87878
26-04-06 00:11:21.489 [Test worker] DEBUG c.s.m.d.controller.MessageController [9ec15eff-7e71-4514-bcff-ab9307fd4fa3 | POST | /api/messages] - POST /api/messages - create message: channelId=ef15f604-c547-4cf4-8e63-0c8780d87878
26-04-06 00:11:21.489 [Test worker] DEBUG c.s.m.d.s.basic.BasicMessageService  [9ec15eff-7e71-4514-bcff-ab9307fd4fa3 | POST | /api/messages] - Creating message: channelId=ef15f604-c547-4cf4-8e63-0c8780d87878, authorId=3e2b1c8b-65db-4fc0-8cfa-6d646bb68f52
26-04-06 00:11:21.491 [Test worker] INFO  c.s.m.d.s.basic.BasicMessageService  [9ec15eff-7e71-4514-bcff-ab9307fd4fa3 | POST | /api/messages] - Message created: id=44ea0845-a4a2-461b-b3b4-21b5aa58cf69, channelId=ef15f604-c547-4cf4-8e63-0c8780d87878, authorId=3e2b1c8b-65db-4fc0-8cfa-6d646bb68f52
26-04-06 00:11:21.491 [Test worker] INFO  c.s.m.d.controller.MessageController [9ec15eff-7e71-4514-bcff-ab9307fd4fa3 | POST | /api/messages] - Message created via API: id=44ea0845-a4a2-461b-b3b4-21b5aa58cf69
26-04-06 00:11:21.493 [Test worker] DEBUG c.s.m.d.controller.MessageController [892b0ba4-7ff9-4647-988a-961e0266fbaf | POST | /api/messages] - POST /api/messages - create message: channelId=ef15f604-c547-4cf4-8e63-0c8780d87878
26-04-06 00:11:21.494 [Test worker] DEBUG c.s.m.d.s.basic.BasicMessageService  [892b0ba4-7ff9-4647-988a-961e0266fbaf | POST | /api/messages] - Creating message: channelId=ef15f604-c547-4cf4-8e63-0c8780d87878, authorId=3e2b1c8b-65db-4fc0-8cfa-6d646bb68f52
26-04-06 00:11:21.495 [Test worker] INFO  c.s.m.d.s.basic.BasicMessageService  [892b0ba4-7ff9-4647-988a-961e0266fbaf | POST | /api/messages] - Message created: id=19a2a93b-d684-4b2d-a249-191d48aec5d4, channelId=ef15f604-c547-4cf4-8e63-0c8780d87878, authorId=3e2b1c8b-65db-4fc0-8cfa-6d646bb68f52
26-04-06 00:11:21.495 [Test worker] INFO  c.s.m.d.controller.MessageController [892b0ba4-7ff9-4647-988a-961e0266fbaf | POST | /api/messages] - Message created via API: id=19a2a93b-d684-4b2d-a249-191d48aec5d4
26-04-06 00:11:21.497 [Test worker] DEBUG c.s.m.d.controller.MessageController [76a1062e-603b-4da6-b670-186b520e925b | GET | /api/messages] - GET /api/messages?channelId=ef15f604-c547-4cf4-8e63-0c8780d87878
26-04-06 00:11:21.498 [Test worker] DEBUG c.s.m.d.s.basic.BasicMessageService  [76a1062e-603b-4da6-b670-186b520e925b | GET | /api/messages] - Fetching messages: channelId=ef15f604-c547-4cf4-8e63-0c8780d87878, cursor=null
26-04-06 00:11:21.510 [Test worker] DEBUG org.hibernate.SQL                    [76a1062e-603b-4da6-b670-186b520e925b | GET | /api/messages] - 
    insert 
    into
        users
        (created_at, email, password, profile_id, updated_at, username, id) 
    values
        (?, ?, ?, ?, ?, ?, ?)
26-04-06 00:11:21.511 [Test worker] TRACE org.hibernate.orm.jdbc.bind          [76a1062e-603b-4da6-b670-186b520e925b | GET | /api/messages] - binding parameter (1:TIMESTAMP_UTC) <- [2026-04-05T15:11:21.482991600Z]
26-04-06 00:11:21.511 [Test worker] TRACE org.hibernate.orm.jdbc.bind          [76a1062e-603b-4da6-b670-186b520e925b | GET | /api/messages] - binding parameter (2:VARCHAR) <- [msgauthor@test.com]
26-04-06 00:11:21.511 [Test worker] TRACE org.hibernate.orm.jdbc.bind          [76a1062e-603b-4da6-b670-186b520e925b | GET | /api/messages] - binding parameter (3:VARCHAR) <- [password123]
26-04-06 00:11:21.511 [Test worker] TRACE org.hibernate.orm.jdbc.bind          [76a1062e-603b-4da6-b670-186b520e925b | GET | /api/messages] - binding parameter (4:UUID) <- [null]
26-04-06 00:11:21.511 [Test worker] TRACE org.hibernate.orm.jdbc.bind          [76a1062e-603b-4da6-b670-186b520e925b | GET | /api/messages] - binding parameter (5:TIMESTAMP_UTC) <- [2026-04-05T15:11:21.482991600Z]
26-04-06 00:11:21.511 [Test worker] TRACE org.hibernate.orm.jdbc.bind          [76a1062e-603b-4da6-b670-186b520e925b | GET | /api/messages] - binding parameter (6:VARCHAR) <- [msgauthor]
26-04-06 00:11:21.511 [Test worker] TRACE org.hibernate.orm.jdbc.bind          [76a1062e-603b-4da6-b670-186b520e925b | GET | /api/messages] - binding parameter (7:UUID) <- [3e2b1c8b-65db-4fc0-8cfa-6d646bb68f52]
26-04-06 00:11:21.512 [Test worker] DEBUG org.hibernate.SQL                    [76a1062e-603b-4da6-b670-186b520e925b | GET | /api/messages] - 
    insert 
    into
        user_statuses
        (created_at, last_active_at, updated_at, user_id, id) 
    values
        (?, ?, ?, ?, ?)
26-04-06 00:11:21.512 [Test worker] TRACE org.hibernate.orm.jdbc.bind          [76a1062e-603b-4da6-b670-186b520e925b | GET | /api/messages] - binding parameter (1:TIMESTAMP_UTC) <- [2026-04-05T15:11:21.482991600Z]
26-04-06 00:11:21.512 [Test worker] TRACE org.hibernate.orm.jdbc.bind          [76a1062e-603b-4da6-b670-186b520e925b | GET | /api/messages] - binding parameter (2:TIMESTAMP_UTC) <- [2026-04-05T15:11:21.481994300Z]
26-04-06 00:11:21.512 [Test worker] TRACE org.hibernate.orm.jdbc.bind          [76a1062e-603b-4da6-b670-186b520e925b | GET | /api/messages] - binding parameter (3:TIMESTAMP_UTC) <- [2026-04-05T15:11:21.482991600Z]
26-04-06 00:11:21.512 [Test worker] TRACE org.hibernate.orm.jdbc.bind          [76a1062e-603b-4da6-b670-186b520e925b | GET | /api/messages] - binding parameter (4:UUID) <- [3e2b1c8b-65db-4fc0-8cfa-6d646bb68f52]
26-04-06 00:11:21.512 [Test worker] TRACE org.hibernate.orm.jdbc.bind          [76a1062e-603b-4da6-b670-186b520e925b | GET | /api/messages] - binding parameter (5:UUID) <- [4fb4c27d-9d76-44cd-a9af-e5d64f52a11f]
26-04-06 00:11:21.513 [Test worker] DEBUG org.hibernate.SQL                    [76a1062e-603b-4da6-b670-186b520e925b | GET | /api/messages] - 
    insert 
    into
        channels
        (created_at, description, name, type, updated_at, id) 
    values
        (?, ?, ?, ?, ?, ?)
26-04-06 00:11:21.513 [Test worker] TRACE org.hibernate.orm.jdbc.bind          [76a1062e-603b-4da6-b670-186b520e925b | GET | /api/messages] - binding parameter (1:TIMESTAMP_UTC) <- [2026-04-05T15:11:21.484990900Z]
26-04-06 00:11:21.513 [Test worker] TRACE org.hibernate.orm.jdbc.bind          [76a1062e-603b-4da6-b670-186b520e925b | GET | /api/messages] - binding parameter (2:VARCHAR) <- [desc]
26-04-06 00:11:21.513 [Test worker] TRACE org.hibernate.orm.jdbc.bind          [76a1062e-603b-4da6-b670-186b520e925b | GET | /api/messages] - binding parameter (3:VARCHAR) <- [msg-channel]
26-04-06 00:11:21.513 [Test worker] TRACE org.hibernate.orm.jdbc.bind          [76a1062e-603b-4da6-b670-186b520e925b | GET | /api/messages] - binding parameter (4:ENUM) <- [PUBLIC]
26-04-06 00:11:21.513 [Test worker] TRACE org.hibernate.orm.jdbc.bind          [76a1062e-603b-4da6-b670-186b520e925b | GET | /api/messages] - binding parameter (5:TIMESTAMP_UTC) <- [2026-04-05T15:11:21.484990900Z]
26-04-06 00:11:21.513 [Test worker] TRACE org.hibernate.orm.jdbc.bind          [76a1062e-603b-4da6-b670-186b520e925b | GET | /api/messages] - binding parameter (6:UUID) <- [ef15f604-c547-4cf4-8e63-0c8780d87878]
26-04-06 00:11:21.514 [Test worker] DEBUG org.hibernate.SQL                    [76a1062e-603b-4da6-b670-186b520e925b | GET | /api/messages] - 
    insert 
    into
        messages
        (author_id, channel_id, content, created_at, updated_at, id) 
    values
        (?, ?, ?, ?, ?, ?)
26-04-06 00:11:21.514 [Test worker] TRACE org.hibernate.orm.jdbc.bind          [76a1062e-603b-4da6-b670-186b520e925b | GET | /api/messages] - binding parameter (1:UUID) <- [3e2b1c8b-65db-4fc0-8cfa-6d646bb68f52]
26-04-06 00:11:21.514 [Test worker] TRACE org.hibernate.orm.jdbc.bind          [76a1062e-603b-4da6-b670-186b520e925b | GET | /api/messages] - binding parameter (2:UUID) <- [ef15f604-c547-4cf4-8e63-0c8780d87878]
26-04-06 00:11:21.514 [Test worker] TRACE org.hibernate.orm.jdbc.bind          [76a1062e-603b-4da6-b670-186b520e925b | GET | /api/messages] - binding parameter (3:VARCHAR) <- [msg1]
26-04-06 00:11:21.514 [Test worker] TRACE org.hibernate.orm.jdbc.bind          [76a1062e-603b-4da6-b670-186b520e925b | GET | /api/messages] - binding parameter (4:TIMESTAMP_UTC) <- [2026-04-05T15:11:21.490503Z]
26-04-06 00:11:21.514 [Test worker] TRACE org.hibernate.orm.jdbc.bind          [76a1062e-603b-4da6-b670-186b520e925b | GET | /api/messages] - binding parameter (5:TIMESTAMP_UTC) <- [2026-04-05T15:11:21.490503Z]
26-04-06 00:11:21.514 [Test worker] TRACE org.hibernate.orm.jdbc.bind          [76a1062e-603b-4da6-b670-186b520e925b | GET | /api/messages] - binding parameter (6:UUID) <- [44ea0845-a4a2-461b-b3b4-21b5aa58cf69]
26-04-06 00:11:21.514 [Test worker] DEBUG org.hibernate.SQL                    [76a1062e-603b-4da6-b670-186b520e925b | GET | /api/messages] - 
    insert 
    into
        messages
        (author_id, channel_id, content, created_at, updated_at, id) 
    values
        (?, ?, ?, ?, ?, ?)
26-04-06 00:11:21.515 [Test worker] TRACE org.hibernate.orm.jdbc.bind          [76a1062e-603b-4da6-b670-186b520e925b | GET | /api/messages] - binding parameter (1:UUID) <- [3e2b1c8b-65db-4fc0-8cfa-6d646bb68f52]
26-04-06 00:11:21.515 [Test worker] TRACE org.hibernate.orm.jdbc.bind          [76a1062e-603b-4da6-b670-186b520e925b | GET | /api/messages] - binding parameter (2:UUID) <- [ef15f604-c547-4cf4-8e63-0c8780d87878]
26-04-06 00:11:21.515 [Test worker] TRACE org.hibernate.orm.jdbc.bind          [76a1062e-603b-4da6-b670-186b520e925b | GET | /api/messages] - binding parameter (3:VARCHAR) <- [msg2]
26-04-06 00:11:21.515 [Test worker] TRACE org.hibernate.orm.jdbc.bind          [76a1062e-603b-4da6-b670-186b520e925b | GET | /api/messages] - binding parameter (4:TIMESTAMP_UTC) <- [2026-04-05T15:11:21.495502200Z]
26-04-06 00:11:21.515 [Test worker] TRACE org.hibernate.orm.jdbc.bind          [76a1062e-603b-4da6-b670-186b520e925b | GET | /api/messages] - binding parameter (5:TIMESTAMP_UTC) <- [2026-04-05T15:11:21.495502200Z]
26-04-06 00:11:21.515 [Test worker] TRACE org.hibernate.orm.jdbc.bind          [76a1062e-603b-4da6-b670-186b520e925b | GET | /api/messages] - binding parameter (6:UUID) <- [19a2a93b-d684-4b2d-a249-191d48aec5d4]
26-04-06 00:11:21.515 [Test worker] DEBUG org.hibernate.SQL                    [76a1062e-603b-4da6-b670-186b520e925b | GET | /api/messages] - 
    select
        m1_0.id,
        a1_0.id,
        a1_0.created_at,
        a1_0.email,
        a1_0.password,
        p1_0.id,
        p1_0.content_type,
        p1_0.created_at,
        p1_0.file_name,
        p1_0.size,
        s1_0.id,
        s1_0.created_at,
        s1_0.last_active_at,
        s1_0.updated_at,
        s1_0.user_id,
        a1_0.updated_at,
        a1_0.username,
        m1_0.channel_id,
        m1_0.content,
        m1_0.created_at,
        m1_0.updated_at 
    from
        messages m1_0 
    left join
        users a1_0 
            on a1_0.id=m1_0.author_id 
    join
        user_statuses s1_0 
            on a1_0.id=s1_0.user_id 
    left join
        binary_contents p1_0 
            on p1_0.id=a1_0.profile_id 
    where
        m1_0.channel_id=? 
        and m1_0.created_at<? 
    order by
        m1_0.created_at desc 
    fetch
        first ? rows only
26-04-06 00:11:21.517 [Test worker] TRACE org.hibernate.orm.jdbc.bind          [76a1062e-603b-4da6-b670-186b520e925b | GET | /api/messages] - binding parameter (1:UUID) <- [ef15f604-c547-4cf4-8e63-0c8780d87878]
26-04-06 00:11:21.517 [Test worker] TRACE org.hibernate.orm.jdbc.bind          [76a1062e-603b-4da6-b670-186b520e925b | GET | /api/messages] - binding parameter (2:TIMESTAMP_UTC) <- [2026-04-05T15:11:21.498501100Z]
26-04-06 00:11:21.517 [Test worker] TRACE org.hibernate.orm.jdbc.bind          [76a1062e-603b-4da6-b670-186b520e925b | GET | /api/messages] - binding parameter (3:INTEGER) <- [51]
26-04-06 00:11:21.531 [Test worker] INFO  o.s.t.c.s.AnnotationConfigContextLoaderUtils [- | - | -] - Could not detect default configuration classes for test class [com.sprint.mission.discodeit.integration.UserIntegrationTest]: UserIntegrationTest does not declare any static, non-private, non-final, nested classes annotated with @Configuration.
26-04-06 00:11:21.533 [Test worker] INFO  o.s.b.t.c.SpringBootTestContextBootstrapper [- | - | -] - Found @SpringBootConfiguration com.sprint.mission.discodeit.DiscodeitApplication for test class com.sprint.mission.discodeit.integration.UserIntegrationTest
26-04-06 00:11:21.539 [Test worker] DEBUG c.s.m.d.controller.UserController    [9a1677bc-4d27-4a81-bf19-2ebbb3b33889 | POST | /api/users] - POST /api/users - create user: username=deleteuser
26-04-06 00:11:21.539 [Test worker] DEBUG c.s.m.d.s.basic.BasicUserService     [9a1677bc-4d27-4a81-bf19-2ebbb3b33889 | POST | /api/users] - Creating user: username=deleteuser, email=delete@test.com
26-04-06 00:11:21.540 [Test worker] DEBUG org.hibernate.SQL                    [9a1677bc-4d27-4a81-bf19-2ebbb3b33889 | POST | /api/users] - 
    select
        u1_0.id 
    from
        users u1_0 
    where
        u1_0.email=? 
    fetch
        first ? rows only
26-04-06 00:11:21.541 [Test worker] TRACE org.hibernate.orm.jdbc.bind          [9a1677bc-4d27-4a81-bf19-2ebbb3b33889 | POST | /api/users] - binding parameter (1:VARCHAR) <- [delete@test.com]
26-04-06 00:11:21.541 [Test worker] TRACE org.hibernate.orm.jdbc.bind          [9a1677bc-4d27-4a81-bf19-2ebbb3b33889 | POST | /api/users] - binding parameter (2:INTEGER) <- [1]
26-04-06 00:11:21.542 [Test worker] DEBUG org.hibernate.SQL                    [9a1677bc-4d27-4a81-bf19-2ebbb3b33889 | POST | /api/users] - 
    select
        u1_0.id 
    from
        users u1_0 
    where
        u1_0.username=? 
    fetch
        first ? rows only
26-04-06 00:11:21.542 [Test worker] TRACE org.hibernate.orm.jdbc.bind          [9a1677bc-4d27-4a81-bf19-2ebbb3b33889 | POST | /api/users] - binding parameter (1:VARCHAR) <- [deleteuser]
26-04-06 00:11:21.542 [Test worker] TRACE org.hibernate.orm.jdbc.bind          [9a1677bc-4d27-4a81-bf19-2ebbb3b33889 | POST | /api/users] - binding parameter (2:INTEGER) <- [1]
26-04-06 00:11:21.543 [Test worker] INFO  c.s.m.d.s.basic.BasicUserService     [9a1677bc-4d27-4a81-bf19-2ebbb3b33889 | POST | /api/users] - User created: id=bc3953d5-d14f-44e4-9d5f-09ca234c83a9, username=deleteuser
26-04-06 00:11:21.543 [Test worker] INFO  c.s.m.d.controller.UserController    [9a1677bc-4d27-4a81-bf19-2ebbb3b33889 | POST | /api/users] - User created via API: id=bc3953d5-d14f-44e4-9d5f-09ca234c83a9
26-04-06 00:11:21.545 [Test worker] DEBUG c.s.m.d.controller.UserController    [48f16892-7a57-4404-a122-a0f62a2fd3c6 | DELETE | /api/users/bc3953d5-d14f-44e4-9d5f-09ca234c83a9] - DELETE /api/users/bc3953d5-d14f-44e4-9d5f-09ca234c83a9
26-04-06 00:11:21.545 [Test worker] DEBUG c.s.m.d.s.basic.BasicUserService     [48f16892-7a57-4404-a122-a0f62a2fd3c6 | DELETE | /api/users/bc3953d5-d14f-44e4-9d5f-09ca234c83a9] - Deleting user: id=bc3953d5-d14f-44e4-9d5f-09ca234c83a9
26-04-06 00:11:21.547 [Test worker] DEBUG org.hibernate.SQL                    [48f16892-7a57-4404-a122-a0f62a2fd3c6 | DELETE | /api/users/bc3953d5-d14f-44e4-9d5f-09ca234c83a9] - 
    insert 
    into
        users
        (created_at, email, password, profile_id, updated_at, username, id) 
    values
        (?, ?, ?, ?, ?, ?, ?)
26-04-06 00:11:21.547 [Test worker] TRACE org.hibernate.orm.jdbc.bind          [48f16892-7a57-4404-a122-a0f62a2fd3c6 | DELETE | /api/users/bc3953d5-d14f-44e4-9d5f-09ca234c83a9] - binding parameter (1:TIMESTAMP_UTC) <- [2026-04-05T15:11:21.542239200Z]
26-04-06 00:11:21.547 [Test worker] TRACE org.hibernate.orm.jdbc.bind          [48f16892-7a57-4404-a122-a0f62a2fd3c6 | DELETE | /api/users/bc3953d5-d14f-44e4-9d5f-09ca234c83a9] - binding parameter (2:VARCHAR) <- [delete@test.com]
26-04-06 00:11:21.547 [Test worker] TRACE org.hibernate.orm.jdbc.bind          [48f16892-7a57-4404-a122-a0f62a2fd3c6 | DELETE | /api/users/bc3953d5-d14f-44e4-9d5f-09ca234c83a9] - binding parameter (3:VARCHAR) <- [password123]
26-04-06 00:11:21.547 [Test worker] TRACE org.hibernate.orm.jdbc.bind          [48f16892-7a57-4404-a122-a0f62a2fd3c6 | DELETE | /api/users/bc3953d5-d14f-44e4-9d5f-09ca234c83a9] - binding parameter (4:UUID) <- [null]
26-04-06 00:11:21.547 [Test worker] TRACE org.hibernate.orm.jdbc.bind          [48f16892-7a57-4404-a122-a0f62a2fd3c6 | DELETE | /api/users/bc3953d5-d14f-44e4-9d5f-09ca234c83a9] - binding parameter (5:TIMESTAMP_UTC) <- [2026-04-05T15:11:21.542239200Z]
26-04-06 00:11:21.548 [Test worker] TRACE org.hibernate.orm.jdbc.bind          [48f16892-7a57-4404-a122-a0f62a2fd3c6 | DELETE | /api/users/bc3953d5-d14f-44e4-9d5f-09ca234c83a9] - binding parameter (6:VARCHAR) <- [deleteuser]
26-04-06 00:11:21.548 [Test worker] TRACE org.hibernate.orm.jdbc.bind          [48f16892-7a57-4404-a122-a0f62a2fd3c6 | DELETE | /api/users/bc3953d5-d14f-44e4-9d5f-09ca234c83a9] - binding parameter (7:UUID) <- [bc3953d5-d14f-44e4-9d5f-09ca234c83a9]
26-04-06 00:11:21.548 [Test worker] DEBUG org.hibernate.SQL                    [48f16892-7a57-4404-a122-a0f62a2fd3c6 | DELETE | /api/users/bc3953d5-d14f-44e4-9d5f-09ca234c83a9] - 
    insert 
    into
        user_statuses
        (created_at, last_active_at, updated_at, user_id, id) 
    values
        (?, ?, ?, ?, ?)
26-04-06 00:11:21.549 [Test worker] TRACE org.hibernate.orm.jdbc.bind          [48f16892-7a57-4404-a122-a0f62a2fd3c6 | DELETE | /api/users/bc3953d5-d14f-44e4-9d5f-09ca234c83a9] - binding parameter (1:TIMESTAMP_UTC) <- [2026-04-05T15:11:21.543239300Z]
26-04-06 00:11:21.549 [Test worker] TRACE org.hibernate.orm.jdbc.bind          [48f16892-7a57-4404-a122-a0f62a2fd3c6 | DELETE | /api/users/bc3953d5-d14f-44e4-9d5f-09ca234c83a9] - binding parameter (2:TIMESTAMP_UTC) <- [2026-04-05T15:11:21.542239200Z]
26-04-06 00:11:21.549 [Test worker] TRACE org.hibernate.orm.jdbc.bind          [48f16892-7a57-4404-a122-a0f62a2fd3c6 | DELETE | /api/users/bc3953d5-d14f-44e4-9d5f-09ca234c83a9] - binding parameter (3:TIMESTAMP_UTC) <- [2026-04-05T15:11:21.543239300Z]
26-04-06 00:11:21.549 [Test worker] TRACE org.hibernate.orm.jdbc.bind          [48f16892-7a57-4404-a122-a0f62a2fd3c6 | DELETE | /api/users/bc3953d5-d14f-44e4-9d5f-09ca234c83a9] - binding parameter (4:UUID) <- [bc3953d5-d14f-44e4-9d5f-09ca234c83a9]
26-04-06 00:11:21.549 [Test worker] TRACE org.hibernate.orm.jdbc.bind          [48f16892-7a57-4404-a122-a0f62a2fd3c6 | DELETE | /api/users/bc3953d5-d14f-44e4-9d5f-09ca234c83a9] - binding parameter (5:UUID) <- [684b6de3-deed-465f-a0ca-4f1eb969ef3c]
26-04-06 00:11:21.549 [Test worker] DEBUG org.hibernate.SQL                    [48f16892-7a57-4404-a122-a0f62a2fd3c6 | DELETE | /api/users/bc3953d5-d14f-44e4-9d5f-09ca234c83a9] - 
    select
        count(*) 
    from
        users u1_0 
    where
        u1_0.id=?
26-04-06 00:11:21.550 [Test worker] TRACE org.hibernate.orm.jdbc.bind          [48f16892-7a57-4404-a122-a0f62a2fd3c6 | DELETE | /api/users/bc3953d5-d14f-44e4-9d5f-09ca234c83a9] - binding parameter (1:UUID) <- [bc3953d5-d14f-44e4-9d5f-09ca234c83a9]
26-04-06 00:11:21.551 [Test worker] INFO  c.s.m.d.s.basic.BasicUserService     [48f16892-7a57-4404-a122-a0f62a2fd3c6 | DELETE | /api/users/bc3953d5-d14f-44e4-9d5f-09ca234c83a9] - User deleted: id=bc3953d5-d14f-44e4-9d5f-09ca234c83a9
26-04-06 00:11:21.554 [Test worker] DEBUG org.hibernate.SQL                    [- | - | -] - 
    delete 
    from
        user_statuses 
    where
        id=?
26-04-06 00:11:21.555 [Test worker] TRACE org.hibernate.orm.jdbc.bind          [- | - | -] - binding parameter (1:UUID) <- [684b6de3-deed-465f-a0ca-4f1eb969ef3c]
26-04-06 00:11:21.556 [Test worker] DEBUG org.hibernate.SQL                    [- | - | -] - 
    delete 
    from
        users 
    where
        id=?
26-04-06 00:11:21.556 [Test worker] TRACE org.hibernate.orm.jdbc.bind          [- | - | -] - binding parameter (1:UUID) <- [bc3953d5-d14f-44e4-9d5f-09ca234c83a9]
26-04-06 00:11:21.557 [Test worker] DEBUG org.hibernate.SQL                    [- | - | -] - 
    select
        count(*) 
    from
        users u1_0 
    where
        u1_0.id=?
26-04-06 00:11:21.557 [Test worker] TRACE org.hibernate.orm.jdbc.bind          [- | - | -] - binding parameter (1:UUID) <- [bc3953d5-d14f-44e4-9d5f-09ca234c83a9]
26-04-06 00:11:21.655 [Test worker] DEBUG c.s.m.d.controller.UserController    [ea84b715-d379-4dc6-868f-16bb788f34a2 | POST | /api/users] - POST /api/users - create user: username=listuser
26-04-06 00:11:21.655 [Test worker] DEBUG c.s.m.d.s.basic.BasicUserService     [ea84b715-d379-4dc6-868f-16bb788f34a2 | POST | /api/users] - Creating user: username=listuser, email=list@test.com
26-04-06 00:11:21.656 [Test worker] DEBUG org.hibernate.SQL                    [ea84b715-d379-4dc6-868f-16bb788f34a2 | POST | /api/users] - 
    select
        u1_0.id 
    from
        users u1_0 
    where
        u1_0.email=? 
    fetch
        first ? rows only
26-04-06 00:11:21.657 [Test worker] TRACE org.hibernate.orm.jdbc.bind          [ea84b715-d379-4dc6-868f-16bb788f34a2 | POST | /api/users] - binding parameter (1:VARCHAR) <- [list@test.com]
26-04-06 00:11:21.657 [Test worker] TRACE org.hibernate.orm.jdbc.bind          [ea84b715-d379-4dc6-868f-16bb788f34a2 | POST | /api/users] - binding parameter (2:INTEGER) <- [1]
26-04-06 00:11:21.658 [Test worker] DEBUG org.hibernate.SQL                    [ea84b715-d379-4dc6-868f-16bb788f34a2 | POST | /api/users] - 
    select
        u1_0.id 
    from
        users u1_0 
    where
        u1_0.username=? 
    fetch
        first ? rows only
26-04-06 00:11:21.659 [Test worker] TRACE org.hibernate.orm.jdbc.bind          [ea84b715-d379-4dc6-868f-16bb788f34a2 | POST | /api/users] - binding parameter (1:VARCHAR) <- [listuser]
26-04-06 00:11:21.659 [Test worker] TRACE org.hibernate.orm.jdbc.bind          [ea84b715-d379-4dc6-868f-16bb788f34a2 | POST | /api/users] - binding parameter (2:INTEGER) <- [1]
26-04-06 00:11:21.660 [Test worker] INFO  c.s.m.d.s.basic.BasicUserService     [ea84b715-d379-4dc6-868f-16bb788f34a2 | POST | /api/users] - User created: id=cd54f652-115f-4005-9759-221a65254ce5, username=listuser
26-04-06 00:11:21.660 [Test worker] INFO  c.s.m.d.controller.UserController    [ea84b715-d379-4dc6-868f-16bb788f34a2 | POST | /api/users] - User created via API: id=cd54f652-115f-4005-9759-221a65254ce5
26-04-06 00:11:21.662 [Test worker] DEBUG c.s.m.d.controller.UserController    [b15d0fbd-3c4b-4514-9a46-81f3417ed36d | GET | /api/users] - GET /api/users - findAll
26-04-06 00:11:21.662 [Test worker] DEBUG c.s.m.d.s.basic.BasicUserService     [b15d0fbd-3c4b-4514-9a46-81f3417ed36d | GET | /api/users] - Fetching all users
26-04-06 00:11:21.664 [Test worker] DEBUG org.hibernate.SQL                    [b15d0fbd-3c4b-4514-9a46-81f3417ed36d | GET | /api/users] - 
    insert 
    into
        users
        (created_at, email, password, profile_id, updated_at, username, id) 
    values
        (?, ?, ?, ?, ?, ?, ?)
26-04-06 00:11:21.664 [Test worker] TRACE org.hibernate.orm.jdbc.bind          [b15d0fbd-3c4b-4514-9a46-81f3417ed36d | GET | /api/users] - binding parameter (1:TIMESTAMP_UTC) <- [2026-04-05T15:11:21.659616Z]
26-04-06 00:11:21.664 [Test worker] TRACE org.hibernate.orm.jdbc.bind          [b15d0fbd-3c4b-4514-9a46-81f3417ed36d | GET | /api/users] - binding parameter (2:VARCHAR) <- [list@test.com]
26-04-06 00:11:21.664 [Test worker] TRACE org.hibernate.orm.jdbc.bind          [b15d0fbd-3c4b-4514-9a46-81f3417ed36d | GET | /api/users] - binding parameter (3:VARCHAR) <- [password123]
26-04-06 00:11:21.664 [Test worker] TRACE org.hibernate.orm.jdbc.bind          [b15d0fbd-3c4b-4514-9a46-81f3417ed36d | GET | /api/users] - binding parameter (4:UUID) <- [null]
26-04-06 00:11:21.664 [Test worker] TRACE org.hibernate.orm.jdbc.bind          [b15d0fbd-3c4b-4514-9a46-81f3417ed36d | GET | /api/users] - binding parameter (5:TIMESTAMP_UTC) <- [2026-04-05T15:11:21.659616Z]
26-04-06 00:11:21.664 [Test worker] TRACE org.hibernate.orm.jdbc.bind          [b15d0fbd-3c4b-4514-9a46-81f3417ed36d | GET | /api/users] - binding parameter (6:VARCHAR) <- [listuser]
26-04-06 00:11:21.664 [Test worker] TRACE org.hibernate.orm.jdbc.bind          [b15d0fbd-3c4b-4514-9a46-81f3417ed36d | GET | /api/users] - binding parameter (7:UUID) <- [cd54f652-115f-4005-9759-221a65254ce5]
26-04-06 00:11:21.665 [Test worker] DEBUG org.hibernate.SQL                    [b15d0fbd-3c4b-4514-9a46-81f3417ed36d | GET | /api/users] - 
    insert 
    into
        user_statuses
        (created_at, last_active_at, updated_at, user_id, id) 
    values
        (?, ?, ?, ?, ?)
26-04-06 00:11:21.665 [Test worker] TRACE org.hibernate.orm.jdbc.bind          [b15d0fbd-3c4b-4514-9a46-81f3417ed36d | GET | /api/users] - binding parameter (1:TIMESTAMP_UTC) <- [2026-04-05T15:11:21.660616900Z]
26-04-06 00:11:21.665 [Test worker] TRACE org.hibernate.orm.jdbc.bind          [b15d0fbd-3c4b-4514-9a46-81f3417ed36d | GET | /api/users] - binding parameter (2:TIMESTAMP_UTC) <- [2026-04-05T15:11:21.659616Z]
26-04-06 00:11:21.665 [Test worker] TRACE org.hibernate.orm.jdbc.bind          [b15d0fbd-3c4b-4514-9a46-81f3417ed36d | GET | /api/users] - binding parameter (3:TIMESTAMP_UTC) <- [2026-04-05T15:11:21.660616900Z]
26-04-06 00:11:21.665 [Test worker] TRACE org.hibernate.orm.jdbc.bind          [b15d0fbd-3c4b-4514-9a46-81f3417ed36d | GET | /api/users] - binding parameter (4:UUID) <- [cd54f652-115f-4005-9759-221a65254ce5]
26-04-06 00:11:21.665 [Test worker] TRACE org.hibernate.orm.jdbc.bind          [b15d0fbd-3c4b-4514-9a46-81f3417ed36d | GET | /api/users] - binding parameter (5:UUID) <- [3e41cabf-155f-42db-842e-9949d116b049]
26-04-06 00:11:21.666 [Test worker] DEBUG org.hibernate.SQL                    [b15d0fbd-3c4b-4514-9a46-81f3417ed36d | GET | /api/users] - 
    select
        u1_0.id,
        u1_0.created_at,
        u1_0.email,
        u1_0.password,
        p1_0.id,
        p1_0.content_type,
        p1_0.created_at,
        p1_0.file_name,
        p1_0.size,
        s1_0.id,
        s1_0.created_at,
        s1_0.last_active_at,
        s1_0.updated_at,
        s1_0.user_id,
        u1_0.updated_at,
        u1_0.username 
    from
        users u1_0 
    left join
        binary_contents p1_0 
            on p1_0.id=u1_0.profile_id 
    join
        user_statuses s1_0 
            on u1_0.id=s1_0.user_id
26-04-06 00:11:21.676 [Test worker] DEBUG c.s.m.d.controller.UserController    [a901a002-016d-4c40-bcb3-67ee336854b7 | POST | /api/users] - POST /api/users - create user: username=user1
26-04-06 00:11:21.676 [Test worker] DEBUG c.s.m.d.s.basic.BasicUserService     [a901a002-016d-4c40-bcb3-67ee336854b7 | POST | /api/users] - Creating user: username=user1, email=dup@test.com
26-04-06 00:11:21.677 [Test worker] DEBUG org.hibernate.SQL                    [a901a002-016d-4c40-bcb3-67ee336854b7 | POST | /api/users] - 
    select
        u1_0.id 
    from
        users u1_0 
    where
        u1_0.email=? 
    fetch
        first ? rows only
26-04-06 00:11:21.677 [Test worker] TRACE org.hibernate.orm.jdbc.bind          [a901a002-016d-4c40-bcb3-67ee336854b7 | POST | /api/users] - binding parameter (1:VARCHAR) <- [dup@test.com]
26-04-06 00:11:21.677 [Test worker] TRACE org.hibernate.orm.jdbc.bind          [a901a002-016d-4c40-bcb3-67ee336854b7 | POST | /api/users] - binding parameter (2:INTEGER) <- [1]
26-04-06 00:11:21.678 [Test worker] DEBUG org.hibernate.SQL                    [a901a002-016d-4c40-bcb3-67ee336854b7 | POST | /api/users] - 
    select
        u1_0.id 
    from
        users u1_0 
    where
        u1_0.username=? 
    fetch
        first ? rows only
26-04-06 00:11:21.679 [Test worker] TRACE org.hibernate.orm.jdbc.bind          [a901a002-016d-4c40-bcb3-67ee336854b7 | POST | /api/users] - binding parameter (1:VARCHAR) <- [user1]
26-04-06 00:11:21.679 [Test worker] TRACE org.hibernate.orm.jdbc.bind          [a901a002-016d-4c40-bcb3-67ee336854b7 | POST | /api/users] - binding parameter (2:INTEGER) <- [1]
26-04-06 00:11:21.680 [Test worker] INFO  c.s.m.d.s.basic.BasicUserService     [a901a002-016d-4c40-bcb3-67ee336854b7 | POST | /api/users] - User created: id=8f90e8ce-ff6e-4be4-8912-f8a6f5d2cd74, username=user1
26-04-06 00:11:21.680 [Test worker] INFO  c.s.m.d.controller.UserController    [a901a002-016d-4c40-bcb3-67ee336854b7 | POST | /api/users] - User created via API: id=8f90e8ce-ff6e-4be4-8912-f8a6f5d2cd74
26-04-06 00:11:21.682 [Test worker] DEBUG c.s.m.d.controller.UserController    [0d3fa81f-8b44-4ddf-b0d5-f42be53642b8 | POST | /api/users] - POST /api/users - create user: username=user2
26-04-06 00:11:21.682 [Test worker] DEBUG c.s.m.d.s.basic.BasicUserService     [0d3fa81f-8b44-4ddf-b0d5-f42be53642b8 | POST | /api/users] - Creating user: username=user2, email=dup@test.com
26-04-06 00:11:21.683 [Test worker] DEBUG org.hibernate.SQL                    [0d3fa81f-8b44-4ddf-b0d5-f42be53642b8 | POST | /api/users] - 
    insert 
    into
        users
        (created_at, email, password, profile_id, updated_at, username, id) 
    values
        (?, ?, ?, ?, ?, ?, ?)
26-04-06 00:11:21.683 [Test worker] TRACE org.hibernate.orm.jdbc.bind          [0d3fa81f-8b44-4ddf-b0d5-f42be53642b8 | POST | /api/users] - binding parameter (1:TIMESTAMP_UTC) <- [2026-04-05T15:11:21.679637300Z]
26-04-06 00:11:21.683 [Test worker] TRACE org.hibernate.orm.jdbc.bind          [0d3fa81f-8b44-4ddf-b0d5-f42be53642b8 | POST | /api/users] - binding parameter (2:VARCHAR) <- [dup@test.com]
26-04-06 00:11:21.683 [Test worker] TRACE org.hibernate.orm.jdbc.bind          [0d3fa81f-8b44-4ddf-b0d5-f42be53642b8 | POST | /api/users] - binding parameter (3:VARCHAR) <- [password123]
26-04-06 00:11:21.683 [Test worker] TRACE org.hibernate.orm.jdbc.bind          [0d3fa81f-8b44-4ddf-b0d5-f42be53642b8 | POST | /api/users] - binding parameter (4:UUID) <- [null]
26-04-06 00:11:21.683 [Test worker] TRACE org.hibernate.orm.jdbc.bind          [0d3fa81f-8b44-4ddf-b0d5-f42be53642b8 | POST | /api/users] - binding parameter (5:TIMESTAMP_UTC) <- [2026-04-05T15:11:21.679637300Z]
26-04-06 00:11:21.683 [Test worker] TRACE org.hibernate.orm.jdbc.bind          [0d3fa81f-8b44-4ddf-b0d5-f42be53642b8 | POST | /api/users] - binding parameter (6:VARCHAR) <- [user1]
26-04-06 00:11:21.683 [Test worker] TRACE org.hibernate.orm.jdbc.bind          [0d3fa81f-8b44-4ddf-b0d5-f42be53642b8 | POST | /api/users] - binding parameter (7:UUID) <- [8f90e8ce-ff6e-4be4-8912-f8a6f5d2cd74]
26-04-06 00:11:21.684 [Test worker] DEBUG org.hibernate.SQL                    [0d3fa81f-8b44-4ddf-b0d5-f42be53642b8 | POST | /api/users] - 
    insert 
    into
        user_statuses
        (created_at, last_active_at, updated_at, user_id, id) 
    values
        (?, ?, ?, ?, ?)
26-04-06 00:11:21.684 [Test worker] TRACE org.hibernate.orm.jdbc.bind          [0d3fa81f-8b44-4ddf-b0d5-f42be53642b8 | POST | /api/users] - binding parameter (1:TIMESTAMP_UTC) <- [2026-04-05T15:11:21.680639300Z]
26-04-06 00:11:21.684 [Test worker] TRACE org.hibernate.orm.jdbc.bind          [0d3fa81f-8b44-4ddf-b0d5-f42be53642b8 | POST | /api/users] - binding parameter (2:TIMESTAMP_UTC) <- [2026-04-05T15:11:21.679637300Z]
26-04-06 00:11:21.684 [Test worker] TRACE org.hibernate.orm.jdbc.bind          [0d3fa81f-8b44-4ddf-b0d5-f42be53642b8 | POST | /api/users] - binding parameter (3:TIMESTAMP_UTC) <- [2026-04-05T15:11:21.680639300Z]
26-04-06 00:11:21.684 [Test worker] TRACE org.hibernate.orm.jdbc.bind          [0d3fa81f-8b44-4ddf-b0d5-f42be53642b8 | POST | /api/users] - binding parameter (4:UUID) <- [8f90e8ce-ff6e-4be4-8912-f8a6f5d2cd74]
26-04-06 00:11:21.684 [Test worker] TRACE org.hibernate.orm.jdbc.bind          [0d3fa81f-8b44-4ddf-b0d5-f42be53642b8 | POST | /api/users] - binding parameter (5:UUID) <- [6f52c56c-afd1-4f31-9521-97a60069c4f0]
26-04-06 00:11:21.684 [Test worker] DEBUG org.hibernate.SQL                    [0d3fa81f-8b44-4ddf-b0d5-f42be53642b8 | POST | /api/users] - 
    select
        u1_0.id 
    from
        users u1_0 
    where
        u1_0.email=? 
    fetch
        first ? rows only
26-04-06 00:11:21.685 [Test worker] TRACE org.hibernate.orm.jdbc.bind          [0d3fa81f-8b44-4ddf-b0d5-f42be53642b8 | POST | /api/users] - binding parameter (1:VARCHAR) <- [dup@test.com]
26-04-06 00:11:21.685 [Test worker] TRACE org.hibernate.orm.jdbc.bind          [0d3fa81f-8b44-4ddf-b0d5-f42be53642b8 | POST | /api/users] - binding parameter (2:INTEGER) <- [1]
26-04-06 00:11:21.687 [Test worker] WARN  c.s.m.d.e.GlobalExceptionHandler     [0d3fa81f-8b44-4ddf-b0d5-f42be53642b8 | POST | /api/users] - DiscodeitException [DUPLICATE_EMAIL]: Email already exists, details={email=dup@test.com}
26-04-06 00:11:21.695 [Test worker] DEBUG c.s.m.d.controller.UserController    [38924cc2-966b-45cc-9732-e60252441007 | POST | /api/users] - POST /api/users - create user: username=integrationuser
26-04-06 00:11:21.695 [Test worker] DEBUG c.s.m.d.s.basic.BasicUserService     [38924cc2-966b-45cc-9732-e60252441007 | POST | /api/users] - Creating user: username=integrationuser, email=integration@test.com
26-04-06 00:11:21.696 [Test worker] DEBUG org.hibernate.SQL                    [38924cc2-966b-45cc-9732-e60252441007 | POST | /api/users] - 
    select
        u1_0.id 
    from
        users u1_0 
    where
        u1_0.email=? 
    fetch
        first ? rows only
26-04-06 00:11:21.697 [Test worker] TRACE org.hibernate.orm.jdbc.bind          [38924cc2-966b-45cc-9732-e60252441007 | POST | /api/users] - binding parameter (1:VARCHAR) <- [integration@test.com]
26-04-06 00:11:21.697 [Test worker] TRACE org.hibernate.orm.jdbc.bind          [38924cc2-966b-45cc-9732-e60252441007 | POST | /api/users] - binding parameter (2:INTEGER) <- [1]
26-04-06 00:11:21.698 [Test worker] DEBUG org.hibernate.SQL                    [38924cc2-966b-45cc-9732-e60252441007 | POST | /api/users] - 
    select
        u1_0.id 
    from
        users u1_0 
    where
        u1_0.username=? 
    fetch
        first ? rows only
26-04-06 00:11:21.698 [Test worker] TRACE org.hibernate.orm.jdbc.bind          [38924cc2-966b-45cc-9732-e60252441007 | POST | /api/users] - binding parameter (1:VARCHAR) <- [integrationuser]
26-04-06 00:11:21.698 [Test worker] TRACE org.hibernate.orm.jdbc.bind          [38924cc2-966b-45cc-9732-e60252441007 | POST | /api/users] - binding parameter (2:INTEGER) <- [1]
26-04-06 00:11:21.698 [Test worker] INFO  c.s.m.d.s.basic.BasicUserService     [38924cc2-966b-45cc-9732-e60252441007 | POST | /api/users] - User created: id=3ac71e21-651f-4f64-aea3-c7fcfefe056e, username=integrationuser
26-04-06 00:11:21.700 [Test worker] INFO  c.s.m.d.controller.UserController    [38924cc2-966b-45cc-9732-e60252441007 | POST | /api/users] - User created via API: id=3ac71e21-651f-4f64-aea3-c7fcfefe056e
26-04-06 00:11:21.707 [Test worker] INFO  o.s.t.c.s.AnnotationConfigContextLoaderUtils [- | - | -] - Could not detect default configuration classes for test class [com.sprint.mission.discodeit.repository.ChannelRepositoryTest]: ChannelRepositoryTest does not declare any static, non-private, non-final, nested classes annotated with @Configuration.
26-04-06 00:11:21.720 [Test worker] INFO  o.s.b.t.c.SpringBootTestContextBootstrapper [- | - | -] - Found @SpringBootConfiguration com.sprint.mission.discodeit.DiscodeitApplication for test class com.sprint.mission.discodeit.repository.ChannelRepositoryTest
26-04-06 00:11:21.747 [Test worker] INFO  c.s.m.d.r.ChannelRepositoryTest      [- | - | -] - Starting ChannelRepositoryTest using Java 17.0.14 with PID 39760 (started by jaehoon in C:\Users\jaehoon\Desktop\9-sprint-mission\discodeit)
26-04-06 00:11:21.747 [Test worker] DEBUG c.s.m.d.r.ChannelRepositoryTest      [- | - | -] - Running with Spring Boot v3.4.0, Spring v6.2.0
26-04-06 00:11:21.748 [Test worker] INFO  c.s.m.d.r.ChannelRepositoryTest      [- | - | -] - The following 1 profile is active: "test"
26-04-06 00:11:21.832 [Test worker] INFO  o.s.d.r.c.RepositoryConfigurationDelegate [- | - | -] - Bootstrapping Spring Data JPA repositories in DEFAULT mode.
26-04-06 00:11:21.866 [Test worker] INFO  o.s.d.r.c.RepositoryConfigurationDelegate [- | - | -] - Finished Spring Data repository scanning in 33 ms. Found 6 JPA repository interfaces.
26-04-06 00:11:21.876 [Test worker] INFO  o.s.b.t.a.j.TestDatabaseAutoConfiguration$EmbeddedDataSourceBeanFactoryPostProcessor [- | - | -] - Replacing 'dataSource' DataSource bean with embedded version
26-04-06 00:11:21.896 [Test worker] INFO  o.s.j.d.e.EmbeddedDatabaseFactory    [- | - | -] - Starting embedded database: url='jdbc:h2:mem:8c595dbd-439c-4704-b4dd-612c86610246;DB_CLOSE_DELAY=-1;DB_CLOSE_ON_EXIT=false', username='sa'
26-04-06 00:11:21.914 [Test worker] INFO  o.h.jpa.internal.util.LogHelper      [- | - | -] - HHH000204: Processing PersistenceUnitInfo [name: default]
26-04-06 00:11:21.920 [Test worker] INFO  o.h.c.i.RegionFactoryInitiator       [- | - | -] - HHH000026: Second-level cache disabled
26-04-06 00:11:21.933 [Test worker] INFO  o.s.o.j.p.SpringPersistenceUnitInfo  [- | - | -] - No LoadTimeWeaver setup: ignoring JPA class transformer
26-04-06 00:11:21.935 [Test worker] WARN  org.hibernate.orm.deprecation        [- | - | -] - HHH90000025: H2Dialect does not need to be specified explicitly using 'hibernate.dialect' (remove the property setting and it will be selected by default)
26-04-06 00:11:21.936 [Test worker] INFO  o.hibernate.orm.connections.pooling  [- | - | -] - HHH10001005: Database info:
	Database JDBC URL [Connecting through datasource 'org.springframework.jdbc.datasource.embedded.EmbeddedDatabaseFactory$EmbeddedDataSourceProxy@4b3bff64']
	Database driver: undefined/unknown
	Database version: 2.3.232
	Autocommit mode: undefined/unknown
	Isolation level: undefined/unknown
	Minimum pool size: undefined/unknown
	Maximum pool size: undefined/unknown
26-04-06 00:11:22.041 [Test worker] INFO  o.h.e.t.j.p.i.JtaPlatformInitiator   [- | - | -] - HHH000489: No JTA platform available (set 'hibernate.transaction.jta.platform' to enable JTA platform integration)
26-04-06 00:11:22.041 [Test worker] DEBUG org.hibernate.SQL                    [- | - | -] - 
    drop table if exists binary_contents cascade 
26-04-06 00:11:22.042 [Test worker] DEBUG org.hibernate.SQL                    [- | - | -] - 
    drop table if exists channels cascade 
26-04-06 00:11:22.042 [Test worker] DEBUG org.hibernate.SQL                    [- | - | -] - 
    drop table if exists message_attachments cascade 
26-04-06 00:11:22.042 [Test worker] DEBUG org.hibernate.SQL                    [- | - | -] - 
    drop table if exists messages cascade 
26-04-06 00:11:22.042 [Test worker] DEBUG org.hibernate.SQL                    [- | - | -] - 
    drop table if exists read_statuses cascade 
26-04-06 00:11:22.042 [Test worker] DEBUG org.hibernate.SQL                    [- | - | -] - 
    drop table if exists user_statuses cascade 
26-04-06 00:11:22.042 [Test worker] DEBUG org.hibernate.SQL                    [- | - | -] - 
    drop table if exists users cascade 
26-04-06 00:11:22.043 [Test worker] DEBUG org.hibernate.SQL                    [- | - | -] - 
    create table binary_contents (
        created_at timestamp with time zone not null,
        size bigint not null,
        id uuid not null,
        content_type varchar(100) not null,
        file_name varchar(255) not null,
        primary key (id)
    )
26-04-06 00:11:22.044 [Test worker] DEBUG org.hibernate.SQL                    [- | - | -] - 
    create table channels (
        created_at timestamp with time zone not null,
        updated_at timestamp with time zone,
        id uuid not null,
        name varchar(100),
        description varchar(500),
        type enum ('PRIVATE','PUBLIC') not null,
        primary key (id)
    )
26-04-06 00:11:22.044 [Test worker] DEBUG org.hibernate.SQL                    [- | - | -] - 
    create table message_attachments (
        attachment_id uuid not null unique,
        message_id uuid not null
    )
26-04-06 00:11:22.045 [Test worker] DEBUG org.hibernate.SQL                    [- | - | -] - 
    create table messages (
        created_at timestamp with time zone not null,
        updated_at timestamp with time zone,
        author_id uuid,
        channel_id uuid not null,
        id uuid not null,
        content text not null,
        primary key (id)
    )
26-04-06 00:11:22.045 [Test worker] DEBUG org.hibernate.SQL                    [- | - | -] - 
    create table read_statuses (
        created_at timestamp with time zone not null,
        last_read_at timestamp with time zone not null,
        updated_at timestamp with time zone,
        channel_id uuid not null,
        id uuid not null,
        user_id uuid not null,
        primary key (id),
        unique (user_id, channel_id)
    )
26-04-06 00:11:22.046 [Test worker] DEBUG org.hibernate.SQL                    [- | - | -] - 
    create table user_statuses (
        created_at timestamp with time zone not null,
        last_active_at timestamp with time zone not null,
        updated_at timestamp with time zone,
        id uuid not null,
        user_id uuid not null unique,
        primary key (id)
    )
26-04-06 00:11:22.047 [Test worker] DEBUG org.hibernate.SQL                    [- | - | -] - 
    create table users (
        created_at timestamp with time zone not null,
        updated_at timestamp with time zone,
        id uuid not null,
        profile_id uuid unique,
        username varchar(50) not null unique,
        password varchar(60) not null,
        email varchar(100) not null unique,
        primary key (id)
    )
26-04-06 00:11:22.048 [Test worker] DEBUG org.hibernate.SQL                    [- | - | -] - 
    alter table if exists message_attachments 
       add constraint FKsd1m8rb8jcpbcnb7rpdue7ctc 
       foreign key (attachment_id) 
       references binary_contents
26-04-06 00:11:22.049 [Test worker] DEBUG org.hibernate.SQL                    [- | - | -] - 
    alter table if exists message_attachments 
       add constraint FKj7twd218e2gqw9cmlhwvo1rth 
       foreign key (message_id) 
       references messages
26-04-06 00:11:22.050 [Test worker] DEBUG org.hibernate.SQL                    [- | - | -] - 
    alter table if exists messages 
       add constraint FKowtlim26svclkatusptbgi7u1 
       foreign key (author_id) 
       references users
26-04-06 00:11:22.050 [Test worker] DEBUG org.hibernate.SQL                    [- | - | -] - 
    alter table if exists messages 
       add constraint FK3u3ckbhwq9se1cmopk2pq05b2 
       foreign key (channel_id) 
       references channels
26-04-06 00:11:22.051 [Test worker] DEBUG org.hibernate.SQL                    [- | - | -] - 
    alter table if exists read_statuses 
       add constraint FKa38ri44ml4gfdpklx4ahqr8gd 
       foreign key (channel_id) 
       references channels
26-04-06 00:11:22.052 [Test worker] DEBUG org.hibernate.SQL                    [- | - | -] - 
    alter table if exists read_statuses 
       add constraint FKml3k4wr9sj5yxrmj6d0aoib2e 
       foreign key (user_id) 
       references users
26-04-06 00:11:22.052 [Test worker] DEBUG org.hibernate.SQL                    [- | - | -] - 
    alter table if exists user_statuses 
       add constraint FK4lfl3ei2ubchgcxrrpo3pw4mm 
       foreign key (user_id) 
       references users
26-04-06 00:11:22.053 [Test worker] DEBUG org.hibernate.SQL                    [- | - | -] - 
    alter table if exists users 
       add constraint FKtbudycgrip49xdptogmhfqnso 
       foreign key (profile_id) 
       references binary_contents
26-04-06 00:11:22.054 [Test worker] INFO  o.s.o.j.LocalContainerEntityManagerFactoryBean [- | - | -] - Initialized JPA EntityManagerFactory for persistence unit 'default'
26-04-06 00:11:22.114 [Test worker] INFO  c.s.m.d.r.ChannelRepositoryTest      [- | - | -] - Started ChannelRepositoryTest in 0.392 seconds (process running for 11.805)
26-04-06 00:11:22.122 [Test worker] DEBUG org.hibernate.SQL                    [- | - | -] - 
    insert 
    into
        channels
        (created_at, description, name, type, updated_at, id) 
    values
        (?, ?, ?, ?, ?, ?)
26-04-06 00:11:22.122 [Test worker] TRACE org.hibernate.orm.jdbc.bind          [- | - | -] - binding parameter (1:TIMESTAMP_UTC) <- [2026-04-05T15:11:22.118730900Z]
26-04-06 00:11:22.122 [Test worker] TRACE org.hibernate.orm.jdbc.bind          [- | - | -] - binding parameter (2:VARCHAR) <- [null]
26-04-06 00:11:22.122 [Test worker] TRACE org.hibernate.orm.jdbc.bind          [- | - | -] - binding parameter (3:VARCHAR) <- [null]
26-04-06 00:11:22.122 [Test worker] TRACE org.hibernate.orm.jdbc.bind          [- | - | -] - binding parameter (4:ENUM) <- [PRIVATE]
26-04-06 00:11:22.122 [Test worker] TRACE org.hibernate.orm.jdbc.bind          [- | - | -] - binding parameter (5:TIMESTAMP_UTC) <- [2026-04-05T15:11:22.118730900Z]
26-04-06 00:11:22.123 [Test worker] TRACE org.hibernate.orm.jdbc.bind          [- | - | -] - binding parameter (6:UUID) <- [afc5dd53-3f1e-4a5c-af8b-9c00137d2483]
26-04-06 00:11:22.124 [Test worker] DEBUG org.hibernate.SQL                    [- | - | -] - 
    select
        c1_0.id,
        c1_0.created_at,
        c1_0.description,
        c1_0.name,
        c1_0.type,
        c1_0.updated_at 
    from
        channels c1_0 
    where
        c1_0.type=? 
        or c1_0.id in (?)
26-04-06 00:11:22.124 [Test worker] TRACE org.hibernate.orm.jdbc.bind          [- | - | -] - binding parameter (1:ENUM) <- [PUBLIC]
26-04-06 00:11:22.124 [Test worker] TRACE org.hibernate.orm.jdbc.bind          [- | - | -] - binding parameter (2:UUID) <- [c43d955f-e4c6-495f-a722-56bab17fab15]
26-04-06 00:11:22.148 [Test worker] DEBUG org.hibernate.SQL                    [- | - | -] - 
    insert 
    into
        channels
        (created_at, description, name, type, updated_at, id) 
    values
        (?, ?, ?, ?, ?, ?)
26-04-06 00:11:22.149 [Test worker] TRACE org.hibernate.orm.jdbc.bind          [- | - | -] - binding parameter (1:TIMESTAMP_UTC) <- [2026-04-05T15:11:22.146615300Z]
26-04-06 00:11:22.149 [Test worker] TRACE org.hibernate.orm.jdbc.bind          [- | - | -] - binding parameter (2:VARCHAR) <- [General]
26-04-06 00:11:22.149 [Test worker] TRACE org.hibernate.orm.jdbc.bind          [- | - | -] - binding parameter (3:VARCHAR) <- [general]
26-04-06 00:11:22.149 [Test worker] TRACE org.hibernate.orm.jdbc.bind          [- | - | -] - binding parameter (4:ENUM) <- [PUBLIC]
26-04-06 00:11:22.149 [Test worker] TRACE org.hibernate.orm.jdbc.bind          [- | - | -] - binding parameter (5:TIMESTAMP_UTC) <- [2026-04-05T15:11:22.146615300Z]
26-04-06 00:11:22.149 [Test worker] TRACE org.hibernate.orm.jdbc.bind          [- | - | -] - binding parameter (6:UUID) <- [6c8b30a0-8fa1-49ed-9b66-4d72a194423b]
26-04-06 00:11:22.150 [Test worker] DEBUG org.hibernate.SQL                    [- | - | -] - 
    insert 
    into
        channels
        (created_at, description, name, type, updated_at, id) 
    values
        (?, ?, ?, ?, ?, ?)
26-04-06 00:11:22.150 [Test worker] TRACE org.hibernate.orm.jdbc.bind          [- | - | -] - binding parameter (1:TIMESTAMP_UTC) <- [2026-04-05T15:11:22.146615300Z]
26-04-06 00:11:22.150 [Test worker] TRACE org.hibernate.orm.jdbc.bind          [- | - | -] - binding parameter (2:VARCHAR) <- [null]
26-04-06 00:11:22.150 [Test worker] TRACE org.hibernate.orm.jdbc.bind          [- | - | -] - binding parameter (3:VARCHAR) <- [null]
26-04-06 00:11:22.150 [Test worker] TRACE org.hibernate.orm.jdbc.bind          [- | - | -] - binding parameter (4:ENUM) <- [PRIVATE]
26-04-06 00:11:22.150 [Test worker] TRACE org.hibernate.orm.jdbc.bind          [- | - | -] - binding parameter (5:TIMESTAMP_UTC) <- [2026-04-05T15:11:22.146615300Z]
26-04-06 00:11:22.150 [Test worker] TRACE org.hibernate.orm.jdbc.bind          [- | - | -] - binding parameter (6:UUID) <- [621643d4-c796-4b30-9671-0b4598fe9cc1]
26-04-06 00:11:22.150 [Test worker] DEBUG org.hibernate.SQL                    [- | - | -] - 
    select
        c1_0.id,
        c1_0.created_at,
        c1_0.description,
        c1_0.name,
        c1_0.type,
        c1_0.updated_at 
    from
        channels c1_0 
    where
        c1_0.type=? 
        or c1_0.id in (?)
26-04-06 00:11:22.151 [Test worker] TRACE org.hibernate.orm.jdbc.bind          [- | - | -] - binding parameter (1:ENUM) <- [PUBLIC]
26-04-06 00:11:22.151 [Test worker] TRACE org.hibernate.orm.jdbc.bind          [- | - | -] - binding parameter (2:UUID) <- [621643d4-c796-4b30-9671-0b4598fe9cc1]
26-04-06 00:11:22.157 [Test worker] INFO  o.s.t.c.s.AnnotationConfigContextLoaderUtils [- | - | -] - Could not detect default configuration classes for test class [com.sprint.mission.discodeit.repository.MessageRepositoryTest]: MessageRepositoryTest does not declare any static, non-private, non-final, nested classes annotated with @Configuration.
26-04-06 00:11:22.158 [Test worker] INFO  o.s.b.t.c.SpringBootTestContextBootstrapper [- | - | -] - Found @SpringBootConfiguration com.sprint.mission.discodeit.DiscodeitApplication for test class com.sprint.mission.discodeit.repository.MessageRepositoryTest
26-04-06 00:11:22.174 [Test worker] DEBUG org.hibernate.SQL                    [- | - | -] - 
    insert 
    into
        channels
        (created_at, description, name, type, updated_at, id) 
    values
        (?, ?, ?, ?, ?, ?)
26-04-06 00:11:22.174 [Test worker] TRACE org.hibernate.orm.jdbc.bind          [- | - | -] - binding parameter (1:TIMESTAMP_UTC) <- [2026-04-05T15:11:22.162645700Z]
26-04-06 00:11:22.174 [Test worker] TRACE org.hibernate.orm.jdbc.bind          [- | - | -] - binding parameter (2:VARCHAR) <- [General]
26-04-06 00:11:22.174 [Test worker] TRACE org.hibernate.orm.jdbc.bind          [- | - | -] - binding parameter (3:VARCHAR) <- [general]
26-04-06 00:11:22.174 [Test worker] TRACE org.hibernate.orm.jdbc.bind          [- | - | -] - binding parameter (4:ENUM) <- [PUBLIC]
26-04-06 00:11:22.175 [Test worker] TRACE org.hibernate.orm.jdbc.bind          [- | - | -] - binding parameter (5:TIMESTAMP_UTC) <- [2026-04-05T15:11:22.162645700Z]
26-04-06 00:11:22.175 [Test worker] TRACE org.hibernate.orm.jdbc.bind          [- | - | -] - binding parameter (6:UUID) <- [42246c53-9e93-4f59-ac53-264585c645b0]
26-04-06 00:11:22.176 [Test worker] DEBUG org.hibernate.SQL                    [- | - | -] - 
    insert 
    into
        users
        (created_at, email, password, profile_id, updated_at, username, id) 
    values
        (?, ?, ?, ?, ?, ?, ?)
26-04-06 00:11:22.176 [Test worker] TRACE org.hibernate.orm.jdbc.bind          [- | - | -] - binding parameter (1:TIMESTAMP_UTC) <- [2026-04-05T15:11:22.163645100Z]
26-04-06 00:11:22.176 [Test worker] TRACE org.hibernate.orm.jdbc.bind          [- | - | -] - binding parameter (2:VARCHAR) <- [author@test.com]
26-04-06 00:11:22.176 [Test worker] TRACE org.hibernate.orm.jdbc.bind          [- | - | -] - binding parameter (3:VARCHAR) <- [pass]
26-04-06 00:11:22.176 [Test worker] TRACE org.hibernate.orm.jdbc.bind          [- | - | -] - binding parameter (4:UUID) <- [null]
26-04-06 00:11:22.176 [Test worker] TRACE org.hibernate.orm.jdbc.bind          [- | - | -] - binding parameter (5:TIMESTAMP_UTC) <- [2026-04-05T15:11:22.163645100Z]
26-04-06 00:11:22.176 [Test worker] TRACE org.hibernate.orm.jdbc.bind          [- | - | -] - binding parameter (6:VARCHAR) <- [author]
26-04-06 00:11:22.176 [Test worker] TRACE org.hibernate.orm.jdbc.bind          [- | - | -] - binding parameter (7:UUID) <- [c34ce716-f4ee-41fe-8a72-6bfe37e07239]
26-04-06 00:11:22.177 [Test worker] DEBUG org.hibernate.SQL                    [- | - | -] - 
    insert 
    into
        user_statuses
        (created_at, last_active_at, updated_at, user_id, id) 
    values
        (?, ?, ?, ?, ?)
26-04-06 00:11:22.177 [Test worker] TRACE org.hibernate.orm.jdbc.bind          [- | - | -] - binding parameter (1:TIMESTAMP_UTC) <- [2026-04-05T15:11:22.165644Z]
26-04-06 00:11:22.177 [Test worker] TRACE org.hibernate.orm.jdbc.bind          [- | - | -] - binding parameter (2:TIMESTAMP_UTC) <- [2026-04-05T15:11:22.165644Z]
26-04-06 00:11:22.177 [Test worker] TRACE org.hibernate.orm.jdbc.bind          [- | - | -] - binding parameter (3:TIMESTAMP_UTC) <- [2026-04-05T15:11:22.165644Z]
26-04-06 00:11:22.177 [Test worker] TRACE org.hibernate.orm.jdbc.bind          [- | - | -] - binding parameter (4:UUID) <- [c34ce716-f4ee-41fe-8a72-6bfe37e07239]
26-04-06 00:11:22.177 [Test worker] TRACE org.hibernate.orm.jdbc.bind          [- | - | -] - binding parameter (5:UUID) <- [7b155c6c-00ae-41f6-9656-b2eb48bf3449]
26-04-06 00:11:22.177 [Test worker] DEBUG org.hibernate.SQL                    [- | - | -] - 
    insert 
    into
        messages
        (author_id, channel_id, content, created_at, updated_at, id) 
    values
        (?, ?, ?, ?, ?, ?)
26-04-06 00:11:22.178 [Test worker] TRACE org.hibernate.orm.jdbc.bind          [- | - | -] - binding parameter (1:UUID) <- [c34ce716-f4ee-41fe-8a72-6bfe37e07239]
26-04-06 00:11:22.178 [Test worker] TRACE org.hibernate.orm.jdbc.bind          [- | - | -] - binding parameter (2:UUID) <- [42246c53-9e93-4f59-ac53-264585c645b0]
26-04-06 00:11:22.178 [Test worker] TRACE org.hibernate.orm.jdbc.bind          [- | - | -] - binding parameter (3:VARCHAR) <- [msg1]
26-04-06 00:11:22.178 [Test worker] TRACE org.hibernate.orm.jdbc.bind          [- | - | -] - binding parameter (4:TIMESTAMP_UTC) <- [2026-04-05T15:11:22.168644500Z]
26-04-06 00:11:22.178 [Test worker] TRACE org.hibernate.orm.jdbc.bind          [- | - | -] - binding parameter (5:TIMESTAMP_UTC) <- [2026-04-05T15:11:22.168644500Z]
26-04-06 00:11:22.178 [Test worker] TRACE org.hibernate.orm.jdbc.bind          [- | - | -] - binding parameter (6:UUID) <- [d242102e-3d3b-4452-9f7e-19b0818b1ce3]
26-04-06 00:11:22.178 [Test worker] DEBUG org.hibernate.SQL                    [- | - | -] - 
    insert 
    into
        messages
        (author_id, channel_id, content, created_at, updated_at, id) 
    values
        (?, ?, ?, ?, ?, ?)
26-04-06 00:11:22.178 [Test worker] TRACE org.hibernate.orm.jdbc.bind          [- | - | -] - binding parameter (1:UUID) <- [c34ce716-f4ee-41fe-8a72-6bfe37e07239]
26-04-06 00:11:22.178 [Test worker] TRACE org.hibernate.orm.jdbc.bind          [- | - | -] - binding parameter (2:UUID) <- [42246c53-9e93-4f59-ac53-264585c645b0]
26-04-06 00:11:22.178 [Test worker] TRACE org.hibernate.orm.jdbc.bind          [- | - | -] - binding parameter (3:VARCHAR) <- [msg2]
26-04-06 00:11:22.178 [Test worker] TRACE org.hibernate.orm.jdbc.bind          [- | - | -] - binding parameter (4:TIMESTAMP_UTC) <- [2026-04-05T15:11:22.170684800Z]
26-04-06 00:11:22.178 [Test worker] TRACE org.hibernate.orm.jdbc.bind          [- | - | -] - binding parameter (5:TIMESTAMP_UTC) <- [2026-04-05T15:11:22.170684800Z]
26-04-06 00:11:22.178 [Test worker] TRACE org.hibernate.orm.jdbc.bind          [- | - | -] - binding parameter (6:UUID) <- [9ef06b35-93e8-4850-a470-8ecad06ddb03]
26-04-06 00:11:22.179 [Test worker] DEBUG org.hibernate.SQL                    [- | - | -] - 
    select
        m1_0.id,
        a1_0.id,
        a1_0.created_at,
        a1_0.email,
        a1_0.password,
        p1_0.id,
        p1_0.content_type,
        p1_0.created_at,
        p1_0.file_name,
        p1_0.size,
        s1_0.id,
        s1_0.created_at,
        s1_0.last_active_at,
        s1_0.updated_at,
        s1_0.user_id,
        a1_0.updated_at,
        a1_0.username,
        m1_0.channel_id,
        m1_0.content,
        m1_0.created_at,
        m1_0.updated_at 
    from
        messages m1_0 
    left join
        users a1_0 
            on a1_0.id=m1_0.author_id 
    join
        user_statuses s1_0 
            on a1_0.id=s1_0.user_id 
    left join
        binary_contents p1_0 
            on p1_0.id=a1_0.profile_id 
    where
        m1_0.channel_id=? 
        and m1_0.created_at<? 
    order by
        m1_0.created_at desc 
    fetch
        first ? rows only
26-04-06 00:11:22.179 [Test worker] TRACE org.hibernate.orm.jdbc.bind          [- | - | -] - binding parameter (1:UUID) <- [42246c53-9e93-4f59-ac53-264585c645b0]
26-04-06 00:11:22.179 [Test worker] TRACE org.hibernate.orm.jdbc.bind          [- | - | -] - binding parameter (2:TIMESTAMP_UTC) <- [2026-04-05T15:11:23.170684800Z]
26-04-06 00:11:22.179 [Test worker] TRACE org.hibernate.orm.jdbc.bind          [- | - | -] - binding parameter (3:INTEGER) <- [11]
26-04-06 00:11:22.186 [Test worker] DEBUG org.hibernate.SQL                    [- | - | -] - 
    insert 
    into
        channels
        (created_at, description, name, type, updated_at, id) 
    values
        (?, ?, ?, ?, ?, ?)
26-04-06 00:11:22.187 [Test worker] TRACE org.hibernate.orm.jdbc.bind          [- | - | -] - binding parameter (1:TIMESTAMP_UTC) <- [2026-04-05T15:11:22.184802800Z]
26-04-06 00:11:22.187 [Test worker] TRACE org.hibernate.orm.jdbc.bind          [- | - | -] - binding parameter (2:VARCHAR) <- [General]
26-04-06 00:11:22.187 [Test worker] TRACE org.hibernate.orm.jdbc.bind          [- | - | -] - binding parameter (3:VARCHAR) <- [general]
26-04-06 00:11:22.187 [Test worker] TRACE org.hibernate.orm.jdbc.bind          [- | - | -] - binding parameter (4:ENUM) <- [PUBLIC]
26-04-06 00:11:22.187 [Test worker] TRACE org.hibernate.orm.jdbc.bind          [- | - | -] - binding parameter (5:TIMESTAMP_UTC) <- [2026-04-05T15:11:22.184802800Z]
26-04-06 00:11:22.187 [Test worker] TRACE org.hibernate.orm.jdbc.bind          [- | - | -] - binding parameter (6:UUID) <- [91908896-4ed8-469b-a743-a317641ed8f8]
26-04-06 00:11:22.188 [Test worker] DEBUG org.hibernate.SQL                    [- | - | -] - 
    insert 
    into
        users
        (created_at, email, password, profile_id, updated_at, username, id) 
    values
        (?, ?, ?, ?, ?, ?, ?)
26-04-06 00:11:22.188 [Test worker] TRACE org.hibernate.orm.jdbc.bind          [- | - | -] - binding parameter (1:TIMESTAMP_UTC) <- [2026-04-05T15:11:22.184802800Z]
26-04-06 00:11:22.188 [Test worker] TRACE org.hibernate.orm.jdbc.bind          [- | - | -] - binding parameter (2:VARCHAR) <- [author@test.com]
26-04-06 00:11:22.188 [Test worker] TRACE org.hibernate.orm.jdbc.bind          [- | - | -] - binding parameter (3:VARCHAR) <- [pass]
26-04-06 00:11:22.188 [Test worker] TRACE org.hibernate.orm.jdbc.bind          [- | - | -] - binding parameter (4:UUID) <- [null]
26-04-06 00:11:22.188 [Test worker] TRACE org.hibernate.orm.jdbc.bind          [- | - | -] - binding parameter (5:TIMESTAMP_UTC) <- [2026-04-05T15:11:22.184802800Z]
26-04-06 00:11:22.188 [Test worker] TRACE org.hibernate.orm.jdbc.bind          [- | - | -] - binding parameter (6:VARCHAR) <- [author]
26-04-06 00:11:22.188 [Test worker] TRACE org.hibernate.orm.jdbc.bind          [- | - | -] - binding parameter (7:UUID) <- [ae280292-ffc5-4a8d-ae58-d34a0fa3ef56]
26-04-06 00:11:22.188 [Test worker] DEBUG org.hibernate.SQL                    [- | - | -] - 
    insert 
    into
        user_statuses
        (created_at, last_active_at, updated_at, user_id, id) 
    values
        (?, ?, ?, ?, ?)
26-04-06 00:11:22.189 [Test worker] TRACE org.hibernate.orm.jdbc.bind          [- | - | -] - binding parameter (1:TIMESTAMP_UTC) <- [2026-04-05T15:11:22.184802800Z]
26-04-06 00:11:22.189 [Test worker] TRACE org.hibernate.orm.jdbc.bind          [- | - | -] - binding parameter (2:TIMESTAMP_UTC) <- [2026-04-05T15:11:22.184802800Z]
26-04-06 00:11:22.189 [Test worker] TRACE org.hibernate.orm.jdbc.bind          [- | - | -] - binding parameter (3:TIMESTAMP_UTC) <- [2026-04-05T15:11:22.184802800Z]
26-04-06 00:11:22.189 [Test worker] TRACE org.hibernate.orm.jdbc.bind          [- | - | -] - binding parameter (4:UUID) <- [ae280292-ffc5-4a8d-ae58-d34a0fa3ef56]
26-04-06 00:11:22.189 [Test worker] TRACE org.hibernate.orm.jdbc.bind          [- | - | -] - binding parameter (5:UUID) <- [7985a761-a290-4b62-81d0-62ae626b7fab]
26-04-06 00:11:22.189 [Test worker] DEBUG org.hibernate.SQL                    [- | - | -] - 
    insert 
    into
        messages
        (author_id, channel_id, content, created_at, updated_at, id) 
    values
        (?, ?, ?, ?, ?, ?)
26-04-06 00:11:22.189 [Test worker] TRACE org.hibernate.orm.jdbc.bind          [- | - | -] - binding parameter (1:UUID) <- [ae280292-ffc5-4a8d-ae58-d34a0fa3ef56]
26-04-06 00:11:22.189 [Test worker] TRACE org.hibernate.orm.jdbc.bind          [- | - | -] - binding parameter (2:UUID) <- [91908896-4ed8-469b-a743-a317641ed8f8]
26-04-06 00:11:22.189 [Test worker] TRACE org.hibernate.orm.jdbc.bind          [- | - | -] - binding parameter (3:VARCHAR) <- [first]
26-04-06 00:11:22.189 [Test worker] TRACE org.hibernate.orm.jdbc.bind          [- | - | -] - binding parameter (4:TIMESTAMP_UTC) <- [2026-04-05T15:11:22.185802900Z]
26-04-06 00:11:22.189 [Test worker] TRACE org.hibernate.orm.jdbc.bind          [- | - | -] - binding parameter (5:TIMESTAMP_UTC) <- [2026-04-05T15:11:22.185802900Z]
26-04-06 00:11:22.189 [Test worker] TRACE org.hibernate.orm.jdbc.bind          [- | - | -] - binding parameter (6:UUID) <- [8e90759a-c387-43f0-b2e5-b38c98860747]
26-04-06 00:11:22.190 [Test worker] DEBUG org.hibernate.SQL                    [- | - | -] - 
    insert 
    into
        messages
        (author_id, channel_id, content, created_at, updated_at, id) 
    values
        (?, ?, ?, ?, ?, ?)
26-04-06 00:11:22.190 [Test worker] TRACE org.hibernate.orm.jdbc.bind          [- | - | -] - binding parameter (1:UUID) <- [ae280292-ffc5-4a8d-ae58-d34a0fa3ef56]
26-04-06 00:11:22.190 [Test worker] TRACE org.hibernate.orm.jdbc.bind          [- | - | -] - binding parameter (2:UUID) <- [91908896-4ed8-469b-a743-a317641ed8f8]
26-04-06 00:11:22.190 [Test worker] TRACE org.hibernate.orm.jdbc.bind          [- | - | -] - binding parameter (3:VARCHAR) <- [last]
26-04-06 00:11:22.190 [Test worker] TRACE org.hibernate.orm.jdbc.bind          [- | - | -] - binding parameter (4:TIMESTAMP_UTC) <- [2026-04-05T15:11:22.185802900Z]
26-04-06 00:11:22.190 [Test worker] TRACE org.hibernate.orm.jdbc.bind          [- | - | -] - binding parameter (5:TIMESTAMP_UTC) <- [2026-04-05T15:11:22.185802900Z]
26-04-06 00:11:22.190 [Test worker] TRACE org.hibernate.orm.jdbc.bind          [- | - | -] - binding parameter (6:UUID) <- [7b637993-e097-4b63-81e5-e99a339abe79]
26-04-06 00:11:22.190 [Test worker] DEBUG org.hibernate.SQL                    [- | - | -] - 
    select
        m1_0.created_at 
    from
        messages m1_0 
    where
        m1_0.channel_id=? 
    order by
        m1_0.created_at desc 
    fetch
        first 1 rows only
26-04-06 00:11:22.191 [Test worker] TRACE org.hibernate.orm.jdbc.bind          [- | - | -] - binding parameter (1:UUID) <- [91908896-4ed8-469b-a743-a317641ed8f8]
26-04-06 00:11:22.201 [Test worker] DEBUG org.hibernate.SQL                    [- | - | -] - 
    insert 
    into
        channels
        (created_at, description, name, type, updated_at, id) 
    values
        (?, ?, ?, ?, ?, ?)
26-04-06 00:11:22.202 [Test worker] TRACE org.hibernate.orm.jdbc.bind          [- | - | -] - binding parameter (1:TIMESTAMP_UTC) <- [2026-04-05T15:11:22.197829Z]
26-04-06 00:11:22.202 [Test worker] TRACE org.hibernate.orm.jdbc.bind          [- | - | -] - binding parameter (2:VARCHAR) <- [General]
26-04-06 00:11:22.202 [Test worker] TRACE org.hibernate.orm.jdbc.bind          [- | - | -] - binding parameter (3:VARCHAR) <- [general]
26-04-06 00:11:22.202 [Test worker] TRACE org.hibernate.orm.jdbc.bind          [- | - | -] - binding parameter (4:ENUM) <- [PUBLIC]
26-04-06 00:11:22.202 [Test worker] TRACE org.hibernate.orm.jdbc.bind          [- | - | -] - binding parameter (5:TIMESTAMP_UTC) <- [2026-04-05T15:11:22.197829Z]
26-04-06 00:11:22.202 [Test worker] TRACE org.hibernate.orm.jdbc.bind          [- | - | -] - binding parameter (6:UUID) <- [777dfa43-e7c7-44ae-b04e-fbc36fb88dd0]
26-04-06 00:11:22.203 [Test worker] DEBUG org.hibernate.SQL                    [- | - | -] - 
    insert 
    into
        users
        (created_at, email, password, profile_id, updated_at, username, id) 
    values
        (?, ?, ?, ?, ?, ?, ?)
26-04-06 00:11:22.203 [Test worker] TRACE org.hibernate.orm.jdbc.bind          [- | - | -] - binding parameter (1:TIMESTAMP_UTC) <- [2026-04-05T15:11:22.198828800Z]
26-04-06 00:11:22.203 [Test worker] TRACE org.hibernate.orm.jdbc.bind          [- | - | -] - binding parameter (2:VARCHAR) <- [author@test.com]
26-04-06 00:11:22.203 [Test worker] TRACE org.hibernate.orm.jdbc.bind          [- | - | -] - binding parameter (3:VARCHAR) <- [pass]
26-04-06 00:11:22.203 [Test worker] TRACE org.hibernate.orm.jdbc.bind          [- | - | -] - binding parameter (4:UUID) <- [null]
26-04-06 00:11:22.203 [Test worker] TRACE org.hibernate.orm.jdbc.bind          [- | - | -] - binding parameter (5:TIMESTAMP_UTC) <- [2026-04-05T15:11:22.198828800Z]
26-04-06 00:11:22.203 [Test worker] TRACE org.hibernate.orm.jdbc.bind          [- | - | -] - binding parameter (6:VARCHAR) <- [author]
26-04-06 00:11:22.203 [Test worker] TRACE org.hibernate.orm.jdbc.bind          [- | - | -] - binding parameter (7:UUID) <- [4321a3ae-8e94-40f3-9784-5ebe53f0dc09]
26-04-06 00:11:22.204 [Test worker] DEBUG org.hibernate.SQL                    [- | - | -] - 
    insert 
    into
        user_statuses
        (created_at, last_active_at, updated_at, user_id, id) 
    values
        (?, ?, ?, ?, ?)
26-04-06 00:11:22.204 [Test worker] TRACE org.hibernate.orm.jdbc.bind          [- | - | -] - binding parameter (1:TIMESTAMP_UTC) <- [2026-04-05T15:11:22.198828800Z]
26-04-06 00:11:22.204 [Test worker] TRACE org.hibernate.orm.jdbc.bind          [- | - | -] - binding parameter (2:TIMESTAMP_UTC) <- [2026-04-05T15:11:22.198828800Z]
26-04-06 00:11:22.204 [Test worker] TRACE org.hibernate.orm.jdbc.bind          [- | - | -] - binding parameter (3:TIMESTAMP_UTC) <- [2026-04-05T15:11:22.198828800Z]
26-04-06 00:11:22.204 [Test worker] TRACE org.hibernate.orm.jdbc.bind          [- | - | -] - binding parameter (4:UUID) <- [4321a3ae-8e94-40f3-9784-5ebe53f0dc09]
26-04-06 00:11:22.204 [Test worker] TRACE org.hibernate.orm.jdbc.bind          [- | - | -] - binding parameter (5:UUID) <- [5142efc6-c2bd-4229-a914-5e6cfb5f23df]
26-04-06 00:11:22.204 [Test worker] DEBUG org.hibernate.SQL                    [- | - | -] - 
    insert 
    into
        messages
        (author_id, channel_id, content, created_at, updated_at, id) 
    values
        (?, ?, ?, ?, ?, ?)
26-04-06 00:11:22.204 [Test worker] TRACE org.hibernate.orm.jdbc.bind          [- | - | -] - binding parameter (1:UUID) <- [4321a3ae-8e94-40f3-9784-5ebe53f0dc09]
26-04-06 00:11:22.204 [Test worker] TRACE org.hibernate.orm.jdbc.bind          [- | - | -] - binding parameter (2:UUID) <- [777dfa43-e7c7-44ae-b04e-fbc36fb88dd0]
26-04-06 00:11:22.204 [Test worker] TRACE org.hibernate.orm.jdbc.bind          [- | - | -] - binding parameter (3:VARCHAR) <- [msg1]
26-04-06 00:11:22.204 [Test worker] TRACE org.hibernate.orm.jdbc.bind          [- | - | -] - binding parameter (4:TIMESTAMP_UTC) <- [2026-04-05T15:11:22.198828800Z]
26-04-06 00:11:22.204 [Test worker] TRACE org.hibernate.orm.jdbc.bind          [- | - | -] - binding parameter (5:TIMESTAMP_UTC) <- [2026-04-05T15:11:22.198828800Z]
26-04-06 00:11:22.204 [Test worker] TRACE org.hibernate.orm.jdbc.bind          [- | - | -] - binding parameter (6:UUID) <- [4f30eae3-3682-4bee-a1e7-2f869c52de34]
26-04-06 00:11:22.205 [Test worker] DEBUG org.hibernate.SQL                    [- | - | -] - 
    insert 
    into
        messages
        (author_id, channel_id, content, created_at, updated_at, id) 
    values
        (?, ?, ?, ?, ?, ?)
26-04-06 00:11:22.205 [Test worker] TRACE org.hibernate.orm.jdbc.bind          [- | - | -] - binding parameter (1:UUID) <- [4321a3ae-8e94-40f3-9784-5ebe53f0dc09]
26-04-06 00:11:22.205 [Test worker] TRACE org.hibernate.orm.jdbc.bind          [- | - | -] - binding parameter (2:UUID) <- [777dfa43-e7c7-44ae-b04e-fbc36fb88dd0]
26-04-06 00:11:22.205 [Test worker] TRACE org.hibernate.orm.jdbc.bind          [- | - | -] - binding parameter (3:VARCHAR) <- [msg2]
26-04-06 00:11:22.205 [Test worker] TRACE org.hibernate.orm.jdbc.bind          [- | - | -] - binding parameter (4:TIMESTAMP_UTC) <- [2026-04-05T15:11:22.198828800Z]
26-04-06 00:11:22.205 [Test worker] TRACE org.hibernate.orm.jdbc.bind          [- | - | -] - binding parameter (5:TIMESTAMP_UTC) <- [2026-04-05T15:11:22.198828800Z]
26-04-06 00:11:22.205 [Test worker] TRACE org.hibernate.orm.jdbc.bind          [- | - | -] - binding parameter (6:UUID) <- [76769bbf-6be9-45bb-883c-d21fc385031e]
26-04-06 00:11:22.205 [Test worker] DEBUG org.hibernate.SQL                    [- | - | -] - 
    select
        m1_0.id,
        m1_0.author_id,
        m1_0.channel_id,
        m1_0.content,
        m1_0.created_at,
        m1_0.updated_at 
    from
        messages m1_0 
    where
        m1_0.channel_id=?
26-04-06 00:11:22.206 [Test worker] TRACE org.hibernate.orm.jdbc.bind          [- | - | -] - binding parameter (1:UUID) <- [777dfa43-e7c7-44ae-b04e-fbc36fb88dd0]
26-04-06 00:11:22.209 [Test worker] DEBUG org.hibernate.SQL                    [- | - | -] - 
    delete 
    from
        messages 
    where
        id=?
26-04-06 00:11:22.209 [Test worker] TRACE org.hibernate.orm.jdbc.bind          [- | - | -] - binding parameter (1:UUID) <- [4f30eae3-3682-4bee-a1e7-2f869c52de34]
26-04-06 00:11:22.210 [Test worker] DEBUG org.hibernate.SQL                    [- | - | -] - 
    delete 
    from
        messages 
    where
        id=?
26-04-06 00:11:22.210 [Test worker] TRACE org.hibernate.orm.jdbc.bind          [- | - | -] - binding parameter (1:UUID) <- [76769bbf-6be9-45bb-883c-d21fc385031e]
26-04-06 00:11:22.210 [Test worker] DEBUG org.hibernate.SQL                    [- | - | -] - 
    select
        m1_0.id,
        a1_0.id,
        a1_0.created_at,
        a1_0.email,
        a1_0.password,
        p1_0.id,
        p1_0.content_type,
        p1_0.created_at,
        p1_0.file_name,
        p1_0.size,
        s1_0.id,
        s1_0.created_at,
        s1_0.last_active_at,
        s1_0.updated_at,
        s1_0.user_id,
        a1_0.updated_at,
        a1_0.username,
        m1_0.channel_id,
        m1_0.content,
        m1_0.created_at,
        m1_0.updated_at 
    from
        messages m1_0 
    left join
        users a1_0 
            on a1_0.id=m1_0.author_id 
    join
        user_statuses s1_0 
            on a1_0.id=s1_0.user_id 
    left join
        binary_contents p1_0 
            on p1_0.id=a1_0.profile_id 
    where
        m1_0.channel_id=? 
        and m1_0.created_at<? 
    order by
        m1_0.created_at desc 
    fetch
        first ? rows only
26-04-06 00:11:22.211 [Test worker] TRACE org.hibernate.orm.jdbc.bind          [- | - | -] - binding parameter (1:UUID) <- [777dfa43-e7c7-44ae-b04e-fbc36fb88dd0]
26-04-06 00:11:22.211 [Test worker] TRACE org.hibernate.orm.jdbc.bind          [- | - | -] - binding parameter (2:TIMESTAMP_UTC) <- [2026-04-05T15:11:23.206133800Z]
26-04-06 00:11:22.211 [Test worker] TRACE org.hibernate.orm.jdbc.bind          [- | - | -] - binding parameter (3:INTEGER) <- [11]
26-04-06 00:11:22.217 [Test worker] DEBUG org.hibernate.SQL                    [- | - | -] - 
    select
        m1_0.created_at 
    from
        messages m1_0 
    where
        m1_0.channel_id=? 
    order by
        m1_0.created_at desc 
    fetch
        first 1 rows only
26-04-06 00:11:22.218 [Test worker] TRACE org.hibernate.orm.jdbc.bind          [- | - | -] - binding parameter (1:UUID) <- [41a39b24-ab3b-4322-a2fc-26e7013dab00]
26-04-06 00:11:22.224 [Test worker] DEBUG org.hibernate.SQL                    [- | - | -] - 
    insert 
    into
        channels
        (created_at, description, name, type, updated_at, id) 
    values
        (?, ?, ?, ?, ?, ?)
26-04-06 00:11:22.224 [Test worker] TRACE org.hibernate.orm.jdbc.bind          [- | - | -] - binding parameter (1:TIMESTAMP_UTC) <- [2026-04-05T15:11:22.222754200Z]
26-04-06 00:11:22.224 [Test worker] TRACE org.hibernate.orm.jdbc.bind          [- | - | -] - binding parameter (2:VARCHAR) <- [General]
26-04-06 00:11:22.224 [Test worker] TRACE org.hibernate.orm.jdbc.bind          [- | - | -] - binding parameter (3:VARCHAR) <- [general]
26-04-06 00:11:22.224 [Test worker] TRACE org.hibernate.orm.jdbc.bind          [- | - | -] - binding parameter (4:ENUM) <- [PUBLIC]
26-04-06 00:11:22.224 [Test worker] TRACE org.hibernate.orm.jdbc.bind          [- | - | -] - binding parameter (5:TIMESTAMP_UTC) <- [2026-04-05T15:11:22.222754200Z]
26-04-06 00:11:22.224 [Test worker] TRACE org.hibernate.orm.jdbc.bind          [- | - | -] - binding parameter (6:UUID) <- [55102a02-c516-4ccd-809c-e3f79459a9e7]
26-04-06 00:11:22.225 [Test worker] DEBUG org.hibernate.SQL                    [- | - | -] - 
    insert 
    into
        users
        (created_at, email, password, profile_id, updated_at, username, id) 
    values
        (?, ?, ?, ?, ?, ?, ?)
26-04-06 00:11:22.225 [Test worker] TRACE org.hibernate.orm.jdbc.bind          [- | - | -] - binding parameter (1:TIMESTAMP_UTC) <- [2026-04-05T15:11:22.222754200Z]
26-04-06 00:11:22.225 [Test worker] TRACE org.hibernate.orm.jdbc.bind          [- | - | -] - binding parameter (2:VARCHAR) <- [author@test.com]
26-04-06 00:11:22.225 [Test worker] TRACE org.hibernate.orm.jdbc.bind          [- | - | -] - binding parameter (3:VARCHAR) <- [pass]
26-04-06 00:11:22.225 [Test worker] TRACE org.hibernate.orm.jdbc.bind          [- | - | -] - binding parameter (4:UUID) <- [null]
26-04-06 00:11:22.226 [Test worker] TRACE org.hibernate.orm.jdbc.bind          [- | - | -] - binding parameter (5:TIMESTAMP_UTC) <- [2026-04-05T15:11:22.222754200Z]
26-04-06 00:11:22.226 [Test worker] TRACE org.hibernate.orm.jdbc.bind          [- | - | -] - binding parameter (6:VARCHAR) <- [author]
26-04-06 00:11:22.226 [Test worker] TRACE org.hibernate.orm.jdbc.bind          [- | - | -] - binding parameter (7:UUID) <- [22978c4b-7988-46fa-8cbc-9f9f149cf845]
26-04-06 00:11:22.226 [Test worker] DEBUG org.hibernate.SQL                    [- | - | -] - 
    insert 
    into
        user_statuses
        (created_at, last_active_at, updated_at, user_id, id) 
    values
        (?, ?, ?, ?, ?)
26-04-06 00:11:22.226 [Test worker] TRACE org.hibernate.orm.jdbc.bind          [- | - | -] - binding parameter (1:TIMESTAMP_UTC) <- [2026-04-05T15:11:22.223262600Z]
26-04-06 00:11:22.226 [Test worker] TRACE org.hibernate.orm.jdbc.bind          [- | - | -] - binding parameter (2:TIMESTAMP_UTC) <- [2026-04-05T15:11:22.223262600Z]
26-04-06 00:11:22.226 [Test worker] TRACE org.hibernate.orm.jdbc.bind          [- | - | -] - binding parameter (3:TIMESTAMP_UTC) <- [2026-04-05T15:11:22.223262600Z]
26-04-06 00:11:22.226 [Test worker] TRACE org.hibernate.orm.jdbc.bind          [- | - | -] - binding parameter (4:UUID) <- [22978c4b-7988-46fa-8cbc-9f9f149cf845]
26-04-06 00:11:22.226 [Test worker] TRACE org.hibernate.orm.jdbc.bind          [- | - | -] - binding parameter (5:UUID) <- [919d3afe-435e-47f1-9b85-e1586734ce0e]
26-04-06 00:11:22.226 [Test worker] DEBUG org.hibernate.SQL                    [- | - | -] - 
    insert 
    into
        messages
        (author_id, channel_id, content, created_at, updated_at, id) 
    values
        (?, ?, ?, ?, ?, ?)
26-04-06 00:11:22.226 [Test worker] TRACE org.hibernate.orm.jdbc.bind          [- | - | -] - binding parameter (1:UUID) <- [22978c4b-7988-46fa-8cbc-9f9f149cf845]
26-04-06 00:11:22.226 [Test worker] TRACE org.hibernate.orm.jdbc.bind          [- | - | -] - binding parameter (2:UUID) <- [55102a02-c516-4ccd-809c-e3f79459a9e7]
26-04-06 00:11:22.226 [Test worker] TRACE org.hibernate.orm.jdbc.bind          [- | - | -] - binding parameter (3:VARCHAR) <- [msg1]
26-04-06 00:11:22.226 [Test worker] TRACE org.hibernate.orm.jdbc.bind          [- | - | -] - binding parameter (4:TIMESTAMP_UTC) <- [2026-04-05T15:11:22.223262600Z]
26-04-06 00:11:22.226 [Test worker] TRACE org.hibernate.orm.jdbc.bind          [- | - | -] - binding parameter (5:TIMESTAMP_UTC) <- [2026-04-05T15:11:22.223262600Z]
26-04-06 00:11:22.226 [Test worker] TRACE org.hibernate.orm.jdbc.bind          [- | - | -] - binding parameter (6:UUID) <- [f3018d2b-a157-4f08-91ef-f9af665fab80]
26-04-06 00:11:22.227 [Test worker] DEBUG org.hibernate.SQL                    [- | - | -] - 
    select
        m1_0.id,
        a1_0.id,
        a1_0.created_at,
        a1_0.email,
        a1_0.password,
        p1_0.id,
        p1_0.content_type,
        p1_0.created_at,
        p1_0.file_name,
        p1_0.size,
        s1_0.id,
        s1_0.created_at,
        s1_0.last_active_at,
        s1_0.updated_at,
        s1_0.user_id,
        a1_0.updated_at,
        a1_0.username,
        m1_0.channel_id,
        m1_0.content,
        m1_0.created_at,
        m1_0.updated_at 
    from
        messages m1_0 
    left join
        users a1_0 
            on a1_0.id=m1_0.author_id 
    join
        user_statuses s1_0 
            on a1_0.id=s1_0.user_id 
    left join
        binary_contents p1_0 
            on p1_0.id=a1_0.profile_id 
    where
        m1_0.channel_id=? 
        and m1_0.created_at<? 
    order by
        m1_0.created_at desc 
    fetch
        first ? rows only
26-04-06 00:11:22.227 [Test worker] TRACE org.hibernate.orm.jdbc.bind          [- | - | -] - binding parameter (1:UUID) <- [55102a02-c516-4ccd-809c-e3f79459a9e7]
26-04-06 00:11:22.227 [Test worker] TRACE org.hibernate.orm.jdbc.bind          [- | - | -] - binding parameter (2:TIMESTAMP_UTC) <- [2026-04-05T15:10:22.223262600Z]
26-04-06 00:11:22.227 [Test worker] TRACE org.hibernate.orm.jdbc.bind          [- | - | -] - binding parameter (3:INTEGER) <- [11]
26-04-06 00:11:22.232 [Test worker] INFO  o.s.t.c.s.AnnotationConfigContextLoaderUtils [- | - | -] - Could not detect default configuration classes for test class [com.sprint.mission.discodeit.repository.UserRepositoryTest]: UserRepositoryTest does not declare any static, non-private, non-final, nested classes annotated with @Configuration.
26-04-06 00:11:22.233 [Test worker] INFO  o.s.b.t.c.SpringBootTestContextBootstrapper [- | - | -] - Found @SpringBootConfiguration com.sprint.mission.discodeit.DiscodeitApplication for test class com.sprint.mission.discodeit.repository.UserRepositoryTest
26-04-06 00:11:22.237 [Test worker] DEBUG org.hibernate.SQL                    [- | - | -] - 
    select
        u1_0.id 
    from
        users u1_0 
    where
        u1_0.email=? 
    fetch
        first ? rows only
26-04-06 00:11:22.237 [Test worker] TRACE org.hibernate.orm.jdbc.bind          [- | - | -] - binding parameter (1:VARCHAR) <- [notexist@test.com]
26-04-06 00:11:22.237 [Test worker] TRACE org.hibernate.orm.jdbc.bind          [- | - | -] - binding parameter (2:INTEGER) <- [1]
26-04-06 00:11:22.242 [Test worker] DEBUG org.hibernate.SQL                    [- | - | -] - 
    insert 
    into
        users
        (created_at, email, password, profile_id, updated_at, username, id) 
    values
        (?, ?, ?, ?, ?, ?, ?)
26-04-06 00:11:22.242 [Test worker] TRACE org.hibernate.orm.jdbc.bind          [- | - | -] - binding parameter (1:TIMESTAMP_UTC) <- [2026-04-05T15:11:22.241757300Z]
26-04-06 00:11:22.242 [Test worker] TRACE org.hibernate.orm.jdbc.bind          [- | - | -] - binding parameter (2:VARCHAR) <- [user1@test.com]
26-04-06 00:11:22.242 [Test worker] TRACE org.hibernate.orm.jdbc.bind          [- | - | -] - binding parameter (3:VARCHAR) <- [password123]
26-04-06 00:11:22.242 [Test worker] TRACE org.hibernate.orm.jdbc.bind          [- | - | -] - binding parameter (4:UUID) <- [null]
26-04-06 00:11:22.242 [Test worker] TRACE org.hibernate.orm.jdbc.bind          [- | - | -] - binding parameter (5:TIMESTAMP_UTC) <- [2026-04-05T15:11:22.241757300Z]
26-04-06 00:11:22.242 [Test worker] TRACE org.hibernate.orm.jdbc.bind          [- | - | -] - binding parameter (6:VARCHAR) <- [user1]
26-04-06 00:11:22.242 [Test worker] TRACE org.hibernate.orm.jdbc.bind          [- | - | -] - binding parameter (7:UUID) <- [a176c54e-8345-4fa4-ac2a-ce11a0655cf5]
26-04-06 00:11:22.243 [Test worker] DEBUG org.hibernate.SQL                    [- | - | -] - 
    insert 
    into
        user_statuses
        (created_at, last_active_at, updated_at, user_id, id) 
    values
        (?, ?, ?, ?, ?)
26-04-06 00:11:22.243 [Test worker] TRACE org.hibernate.orm.jdbc.bind          [- | - | -] - binding parameter (1:TIMESTAMP_UTC) <- [2026-04-05T15:11:22.241757300Z]
26-04-06 00:11:22.243 [Test worker] TRACE org.hibernate.orm.jdbc.bind          [- | - | -] - binding parameter (2:TIMESTAMP_UTC) <- [2026-04-05T15:11:22.241757300Z]
26-04-06 00:11:22.243 [Test worker] TRACE org.hibernate.orm.jdbc.bind          [- | - | -] - binding parameter (3:TIMESTAMP_UTC) <- [2026-04-05T15:11:22.241757300Z]
26-04-06 00:11:22.243 [Test worker] TRACE org.hibernate.orm.jdbc.bind          [- | - | -] - binding parameter (4:UUID) <- [a176c54e-8345-4fa4-ac2a-ce11a0655cf5]
26-04-06 00:11:22.243 [Test worker] TRACE org.hibernate.orm.jdbc.bind          [- | - | -] - binding parameter (5:UUID) <- [6b5e18c6-5ae2-415d-a1c5-61757bc48ade]
26-04-06 00:11:22.244 [Test worker] DEBUG org.hibernate.SQL                    [- | - | -] - 
    select
        u1_0.id 
    from
        users u1_0 
    where
        u1_0.email=? 
    fetch
        first ? rows only
26-04-06 00:11:22.244 [Test worker] TRACE org.hibernate.orm.jdbc.bind          [- | - | -] - binding parameter (1:VARCHAR) <- [user1@test.com]
26-04-06 00:11:22.244 [Test worker] TRACE org.hibernate.orm.jdbc.bind          [- | - | -] - binding parameter (2:INTEGER) <- [1]
26-04-06 00:11:22.249 [Test worker] DEBUG org.hibernate.SQL                    [- | - | -] - 
    insert 
    into
        users
        (created_at, email, password, profile_id, updated_at, username, id) 
    values
        (?, ?, ?, ?, ?, ?, ?)
26-04-06 00:11:22.249 [Test worker] TRACE org.hibernate.orm.jdbc.bind          [- | - | -] - binding parameter (1:TIMESTAMP_UTC) <- [2026-04-05T15:11:22.247753100Z]
26-04-06 00:11:22.249 [Test worker] TRACE org.hibernate.orm.jdbc.bind          [- | - | -] - binding parameter (2:VARCHAR) <- [alpha@test.com]
26-04-06 00:11:22.249 [Test worker] TRACE org.hibernate.orm.jdbc.bind          [- | - | -] - binding parameter (3:VARCHAR) <- [password123]
26-04-06 00:11:22.249 [Test worker] TRACE org.hibernate.orm.jdbc.bind          [- | - | -] - binding parameter (4:UUID) <- [null]
26-04-06 00:11:22.249 [Test worker] TRACE org.hibernate.orm.jdbc.bind          [- | - | -] - binding parameter (5:TIMESTAMP_UTC) <- [2026-04-05T15:11:22.247753100Z]
26-04-06 00:11:22.250 [Test worker] TRACE org.hibernate.orm.jdbc.bind          [- | - | -] - binding parameter (6:VARCHAR) <- [alpha]
26-04-06 00:11:22.250 [Test worker] TRACE org.hibernate.orm.jdbc.bind          [- | - | -] - binding parameter (7:UUID) <- [f9a86ff1-8412-4075-872c-0f052b207912]
26-04-06 00:11:22.250 [Test worker] DEBUG org.hibernate.SQL                    [- | - | -] - 
    insert 
    into
        user_statuses
        (created_at, last_active_at, updated_at, user_id, id) 
    values
        (?, ?, ?, ?, ?)
26-04-06 00:11:22.250 [Test worker] TRACE org.hibernate.orm.jdbc.bind          [- | - | -] - binding parameter (1:TIMESTAMP_UTC) <- [2026-04-05T15:11:22.247753100Z]
26-04-06 00:11:22.250 [Test worker] TRACE org.hibernate.orm.jdbc.bind          [- | - | -] - binding parameter (2:TIMESTAMP_UTC) <- [2026-04-05T15:11:22.247753100Z]
26-04-06 00:11:22.250 [Test worker] TRACE org.hibernate.orm.jdbc.bind          [- | - | -] - binding parameter (3:TIMESTAMP_UTC) <- [2026-04-05T15:11:22.247753100Z]
26-04-06 00:11:22.250 [Test worker] TRACE org.hibernate.orm.jdbc.bind          [- | - | -] - binding parameter (4:UUID) <- [f9a86ff1-8412-4075-872c-0f052b207912]
26-04-06 00:11:22.250 [Test worker] TRACE org.hibernate.orm.jdbc.bind          [- | - | -] - binding parameter (5:UUID) <- [8d407aca-c641-4a21-ac0c-32e6f4a4c410]
26-04-06 00:11:22.251 [Test worker] DEBUG org.hibernate.SQL                    [- | - | -] - 
    insert 
    into
        users
        (created_at, email, password, profile_id, updated_at, username, id) 
    values
        (?, ?, ?, ?, ?, ?, ?)
26-04-06 00:11:22.251 [Test worker] TRACE org.hibernate.orm.jdbc.bind          [- | - | -] - binding parameter (1:TIMESTAMP_UTC) <- [2026-04-05T15:11:22.247753100Z]
26-04-06 00:11:22.251 [Test worker] TRACE org.hibernate.orm.jdbc.bind          [- | - | -] - binding parameter (2:VARCHAR) <- [beta@test.com]
26-04-06 00:11:22.251 [Test worker] TRACE org.hibernate.orm.jdbc.bind          [- | - | -] - binding parameter (3:VARCHAR) <- [password123]
26-04-06 00:11:22.251 [Test worker] TRACE org.hibernate.orm.jdbc.bind          [- | - | -] - binding parameter (4:UUID) <- [null]
26-04-06 00:11:22.251 [Test worker] TRACE org.hibernate.orm.jdbc.bind          [- | - | -] - binding parameter (5:TIMESTAMP_UTC) <- [2026-04-05T15:11:22.247753100Z]
26-04-06 00:11:22.251 [Test worker] TRACE org.hibernate.orm.jdbc.bind          [- | - | -] - binding parameter (6:VARCHAR) <- [beta]
26-04-06 00:11:22.251 [Test worker] TRACE org.hibernate.orm.jdbc.bind          [- | - | -] - binding parameter (7:UUID) <- [d4a3294e-8daa-40c9-9977-1b7784fe90a8]
26-04-06 00:11:22.251 [Test worker] DEBUG org.hibernate.SQL                    [- | - | -] - 
    insert 
    into
        user_statuses
        (created_at, last_active_at, updated_at, user_id, id) 
    values
        (?, ?, ?, ?, ?)
26-04-06 00:11:22.251 [Test worker] TRACE org.hibernate.orm.jdbc.bind          [- | - | -] - binding parameter (1:TIMESTAMP_UTC) <- [2026-04-05T15:11:22.248752700Z]
26-04-06 00:11:22.251 [Test worker] TRACE org.hibernate.orm.jdbc.bind          [- | - | -] - binding parameter (2:TIMESTAMP_UTC) <- [2026-04-05T15:11:22.248752700Z]
26-04-06 00:11:22.251 [Test worker] TRACE org.hibernate.orm.jdbc.bind          [- | - | -] - binding parameter (3:TIMESTAMP_UTC) <- [2026-04-05T15:11:22.248752700Z]
26-04-06 00:11:22.251 [Test worker] TRACE org.hibernate.orm.jdbc.bind          [- | - | -] - binding parameter (4:UUID) <- [d4a3294e-8daa-40c9-9977-1b7784fe90a8]
26-04-06 00:11:22.251 [Test worker] TRACE org.hibernate.orm.jdbc.bind          [- | - | -] - binding parameter (5:UUID) <- [e51dc003-4162-471a-ae94-48d40a13208b]
26-04-06 00:11:22.252 [Test worker] DEBUG org.hibernate.SQL                    [- | - | -] - 
    select
        u1_0.id,
        u1_0.created_at,
        u1_0.email,
        u1_0.password,
        p1_0.id,
        p1_0.content_type,
        p1_0.created_at,
        p1_0.file_name,
        p1_0.size,
        s1_0.id,
        s1_0.created_at,
        s1_0.last_active_at,
        s1_0.updated_at,
        s1_0.user_id,
        u1_0.updated_at,
        u1_0.username 
    from
        users u1_0 
    left join
        binary_contents p1_0 
            on p1_0.id=u1_0.profile_id 
    join
        user_statuses s1_0 
            on u1_0.id=s1_0.user_id
26-04-06 00:11:22.258 [Test worker] DEBUG org.hibernate.SQL                    [- | - | -] - 
    insert 
    into
        users
        (created_at, email, password, profile_id, updated_at, username, id) 
    values
        (?, ?, ?, ?, ?, ?, ?)
26-04-06 00:11:22.259 [Test worker] TRACE org.hibernate.orm.jdbc.bind          [- | - | -] - binding parameter (1:TIMESTAMP_UTC) <- [2026-04-05T15:11:22.257141200Z]
26-04-06 00:11:22.259 [Test worker] TRACE org.hibernate.orm.jdbc.bind          [- | - | -] - binding parameter (2:VARCHAR) <- [dup@test.com]
26-04-06 00:11:22.259 [Test worker] TRACE org.hibernate.orm.jdbc.bind          [- | - | -] - binding parameter (3:VARCHAR) <- [password123]
26-04-06 00:11:22.259 [Test worker] TRACE org.hibernate.orm.jdbc.bind          [- | - | -] - binding parameter (4:UUID) <- [null]
26-04-06 00:11:22.259 [Test worker] TRACE org.hibernate.orm.jdbc.bind          [- | - | -] - binding parameter (5:TIMESTAMP_UTC) <- [2026-04-05T15:11:22.257141200Z]
26-04-06 00:11:22.259 [Test worker] TRACE org.hibernate.orm.jdbc.bind          [- | - | -] - binding parameter (6:VARCHAR) <- [dupuser]
26-04-06 00:11:22.259 [Test worker] TRACE org.hibernate.orm.jdbc.bind          [- | - | -] - binding parameter (7:UUID) <- [5508848e-0e5b-4d1a-a8df-13d641c56e18]
26-04-06 00:11:22.260 [Test worker] DEBUG org.hibernate.SQL                    [- | - | -] - 
    insert 
    into
        user_statuses
        (created_at, last_active_at, updated_at, user_id, id) 
    values
        (?, ?, ?, ?, ?)
26-04-06 00:11:22.260 [Test worker] TRACE org.hibernate.orm.jdbc.bind          [- | - | -] - binding parameter (1:TIMESTAMP_UTC) <- [2026-04-05T15:11:22.257141200Z]
26-04-06 00:11:22.260 [Test worker] TRACE org.hibernate.orm.jdbc.bind          [- | - | -] - binding parameter (2:TIMESTAMP_UTC) <- [2026-04-05T15:11:22.257141200Z]
26-04-06 00:11:22.260 [Test worker] TRACE org.hibernate.orm.jdbc.bind          [- | - | -] - binding parameter (3:TIMESTAMP_UTC) <- [2026-04-05T15:11:22.257141200Z]
26-04-06 00:11:22.260 [Test worker] TRACE org.hibernate.orm.jdbc.bind          [- | - | -] - binding parameter (4:UUID) <- [5508848e-0e5b-4d1a-a8df-13d641c56e18]
26-04-06 00:11:22.260 [Test worker] TRACE org.hibernate.orm.jdbc.bind          [- | - | -] - binding parameter (5:UUID) <- [5b4672eb-867d-497b-bad4-db065f438c41]
26-04-06 00:11:22.260 [Test worker] DEBUG org.hibernate.SQL                    [- | - | -] - 
    select
        u1_0.id 
    from
        users u1_0 
    where
        u1_0.username=? 
    fetch
        first ? rows only
26-04-06 00:11:22.261 [Test worker] TRACE org.hibernate.orm.jdbc.bind          [- | - | -] - binding parameter (1:VARCHAR) <- [dupuser]
26-04-06 00:11:22.261 [Test worker] TRACE org.hibernate.orm.jdbc.bind          [- | - | -] - binding parameter (2:INTEGER) <- [1]
26-04-06 00:11:22.266 [Test worker] DEBUG org.hibernate.SQL                    [- | - | -] - 
    select
        u1_0.id,
        u1_0.created_at,
        u1_0.email,
        u1_0.password,
        u1_0.profile_id,
        u1_0.updated_at,
        u1_0.username 
    from
        users u1_0 
    where
        u1_0.username=?
26-04-06 00:11:22.266 [Test worker] TRACE org.hibernate.orm.jdbc.bind          [- | - | -] - binding parameter (1:VARCHAR) <- [nobody]
26-04-06 00:11:22.275 [Test worker] DEBUG org.hibernate.SQL                    [- | - | -] - 
    insert 
    into
        users
        (created_at, email, password, profile_id, updated_at, username, id) 
    values
        (?, ?, ?, ?, ?, ?, ?)
26-04-06 00:11:22.276 [Test worker] TRACE org.hibernate.orm.jdbc.bind          [- | - | -] - binding parameter (1:TIMESTAMP_UTC) <- [2026-04-05T15:11:22.274042400Z]
26-04-06 00:11:22.276 [Test worker] TRACE org.hibernate.orm.jdbc.bind          [- | - | -] - binding parameter (2:VARCHAR) <- [findme@test.com]
26-04-06 00:11:22.276 [Test worker] TRACE org.hibernate.orm.jdbc.bind          [- | - | -] - binding parameter (3:VARCHAR) <- [password123]
26-04-06 00:11:22.276 [Test worker] TRACE org.hibernate.orm.jdbc.bind          [- | - | -] - binding parameter (4:UUID) <- [null]
26-04-06 00:11:22.276 [Test worker] TRACE org.hibernate.orm.jdbc.bind          [- | - | -] - binding parameter (5:TIMESTAMP_UTC) <- [2026-04-05T15:11:22.274042400Z]
26-04-06 00:11:22.276 [Test worker] TRACE org.hibernate.orm.jdbc.bind          [- | - | -] - binding parameter (6:VARCHAR) <- [findme]
26-04-06 00:11:22.276 [Test worker] TRACE org.hibernate.orm.jdbc.bind          [- | - | -] - binding parameter (7:UUID) <- [91d631b5-48d6-4903-896c-67752f2dba46]
26-04-06 00:11:22.277 [Test worker] DEBUG org.hibernate.SQL                    [- | - | -] - 
    insert 
    into
        user_statuses
        (created_at, last_active_at, updated_at, user_id, id) 
    values
        (?, ?, ?, ?, ?)
26-04-06 00:11:22.277 [Test worker] TRACE org.hibernate.orm.jdbc.bind          [- | - | -] - binding parameter (1:TIMESTAMP_UTC) <- [2026-04-05T15:11:22.274042400Z]
26-04-06 00:11:22.277 [Test worker] TRACE org.hibernate.orm.jdbc.bind          [- | - | -] - binding parameter (2:TIMESTAMP_UTC) <- [2026-04-05T15:11:22.274042400Z]
26-04-06 00:11:22.277 [Test worker] TRACE org.hibernate.orm.jdbc.bind          [- | - | -] - binding parameter (3:TIMESTAMP_UTC) <- [2026-04-05T15:11:22.274042400Z]
26-04-06 00:11:22.277 [Test worker] TRACE org.hibernate.orm.jdbc.bind          [- | - | -] - binding parameter (4:UUID) <- [91d631b5-48d6-4903-896c-67752f2dba46]
26-04-06 00:11:22.277 [Test worker] TRACE org.hibernate.orm.jdbc.bind          [- | - | -] - binding parameter (5:UUID) <- [aef9d5db-a9b4-49c5-9efb-cc4da40a4bf8]
26-04-06 00:11:22.277 [Test worker] DEBUG org.hibernate.SQL                    [- | - | -] - 
    select
        u1_0.id,
        u1_0.created_at,
        u1_0.email,
        u1_0.password,
        u1_0.profile_id,
        u1_0.updated_at,
        u1_0.username 
    from
        users u1_0 
    where
        u1_0.username=?
26-04-06 00:11:22.277 [Test worker] TRACE org.hibernate.orm.jdbc.bind          [- | - | -] - binding parameter (1:VARCHAR) <- [findme]
26-04-06 00:11:22.439 [Test worker] DEBUG c.s.m.d.s.basic.BasicAuthService     [- | - | -] - Login attempt: username=testuser
26-04-06 00:11:22.446 [Test worker] DEBUG c.s.m.d.s.basic.BasicAuthService     [- | - | -] - Login attempt: username=testuser
26-04-06 00:11:22.446 [Test worker] INFO  c.s.m.d.s.basic.BasicAuthService     [- | - | -] - Login successful: username=testuser
26-04-06 00:11:22.447 [Test worker] DEBUG c.s.m.d.s.basic.BasicAuthService     [- | - | -] - Login attempt: username=nobody
26-04-06 00:11:22.657 [Test worker] DEBUG c.s.m.d.s.basic.BasicChannelService  [- | - | -] - Updating channel: id=e9efb248-804c-48d6-9d87-c2fa716b222a
26-04-06 00:11:22.665 [Test worker] DEBUG c.s.m.d.s.basic.BasicChannelService  [- | - | -] - Fetching channels for userId=21b6d4b6-770d-44fd-9981-46d07ff79e48
26-04-06 00:11:22.668 [Test worker] DEBUG c.s.m.d.s.basic.BasicChannelService  [- | - | -] - Deleting channel: id=0b90591a-af90-4875-a9a8-e197f4a4622a
26-04-06 00:11:22.668 [Test worker] INFO  c.s.m.d.s.basic.BasicChannelService  [- | - | -] - Channel deleted: id=0b90591a-af90-4875-a9a8-e197f4a4622a
26-04-06 00:11:22.685 [Test worker] DEBUG c.s.m.d.s.basic.BasicChannelService  [- | - | -] - Creating private channel: participantIds=[d6f7be3e-b873-408c-b85f-4f9bababbda9, 2db34e9d-c729-42be-9fbd-215cc7a53d19]
26-04-06 00:11:22.686 [Test worker] INFO  c.s.m.d.s.basic.BasicChannelService  [- | - | -] - Private channel created: id=null
26-04-06 00:11:22.688 [Test worker] DEBUG c.s.m.d.s.basic.BasicChannelService  [- | - | -] - Deleting channel: id=97a20a7b-8923-4667-8369-20ad4a958436
26-04-06 00:11:22.690 [Test worker] DEBUG c.s.m.d.s.basic.BasicChannelService  [- | - | -] - Creating public channel: name=general
26-04-06 00:11:22.690 [Test worker] INFO  c.s.m.d.s.basic.BasicChannelService  [- | - | -] - Public channel created: id=null, name=general
26-04-06 00:11:22.692 [Test worker] DEBUG c.s.m.d.s.basic.BasicChannelService  [- | - | -] - Updating channel: id=a52ceb08-442e-4510-a9e5-f9ffe480a103
26-04-06 00:11:22.695 [Test worker] DEBUG c.s.m.d.s.basic.BasicChannelService  [- | - | -] - Updating channel: id=80dc96eb-6601-41b9-93f1-939ddaf913d3
26-04-06 00:11:22.695 [Test worker] INFO  c.s.m.d.s.basic.BasicChannelService  [- | - | -] - Channel updated: id=80dc96eb-6601-41b9-93f1-939ddaf913d3
26-04-06 00:11:22.697 [Test worker] DEBUG c.s.m.d.s.basic.BasicChannelService  [- | - | -] - Fetching channels for userId=1659ed1d-62de-41b8-93aa-c907f43ff71c
26-04-06 00:11:22.867 [Test worker] DEBUG c.s.m.d.s.basic.BasicMessageService  [- | - | -] - Deleting message: id=90666739-cd3b-4a3b-a64b-e31f3eea877f
26-04-06 00:11:22.867 [Test worker] INFO  c.s.m.d.s.basic.BasicMessageService  [- | - | -] - Message deleted: id=90666739-cd3b-4a3b-a64b-e31f3eea877f
26-04-06 00:11:22.870 [Test worker] DEBUG c.s.m.d.s.basic.BasicMessageService  [- | - | -] - Updating message: id=3c108bd4-a6a9-472d-a227-3d3963e2cca0
26-04-06 00:11:22.873 [Test worker] DEBUG c.s.m.d.s.basic.BasicMessageService  [- | - | -] - Deleting message: id=71f087a9-d325-45af-9363-a27aef4095a7
26-04-06 00:11:22.876 [Test worker] DEBUG c.s.m.d.s.basic.BasicMessageService  [- | - | -] - Creating message: channelId=71f78404-6eda-4bf7-87af-95d0c6e5aadc, authorId=9d0e15da-51b7-4755-928d-c83a08e432cc
26-04-06 00:11:22.878 [Test worker] DEBUG c.s.m.d.s.basic.BasicMessageService  [- | - | -] - Creating message: channelId=6b169538-dede-4f2a-acde-12a76096c44c, authorId=e7b15b15-3ecb-4a33-aa07-17f1afaf1356
26-04-06 00:11:22.885 [Test worker] DEBUG c.s.m.d.s.basic.BasicMessageService  [- | - | -] - Fetching messages: channelId=4314af78-c5cd-4710-a47c-07cb06260fe5, cursor=null
26-04-06 00:11:22.888 [Test worker] DEBUG c.s.m.d.s.basic.BasicMessageService  [- | - | -] - Updating message: id=b828d073-10e8-4fda-95b4-5f171a3c4c72
26-04-06 00:11:22.888 [Test worker] INFO  c.s.m.d.s.basic.BasicMessageService  [- | - | -] - Message updated: id=b828d073-10e8-4fda-95b4-5f171a3c4c72
26-04-06 00:11:22.890 [Test worker] DEBUG c.s.m.d.s.basic.BasicMessageService  [- | - | -] - Creating message: channelId=35e07a63-34e2-43b1-aece-7e1bd30d7c71, authorId=fd276448-2701-4f4b-8e66-d300b11a6404
26-04-06 00:11:22.890 [Test worker] INFO  c.s.m.d.s.basic.BasicMessageService  [- | - | -] - Message created: id=null, channelId=35e07a63-34e2-43b1-aece-7e1bd30d7c71, authorId=fd276448-2701-4f4b-8e66-d300b11a6404
26-04-06 00:11:22.950 [Test worker] DEBUG c.s.m.d.s.basic.BasicUserService     [- | - | -] - Deleting user: id=3ff154dd-8423-421b-b5de-af842b76fd16
26-04-06 00:11:22.950 [Test worker] INFO  c.s.m.d.s.basic.BasicUserService     [- | - | -] - User deleted: id=3ff154dd-8423-421b-b5de-af842b76fd16
26-04-06 00:11:22.952 [Test worker] DEBUG c.s.m.d.s.basic.BasicUserService     [- | - | -] - Deleting user: id=1fbae99b-d9ae-4239-a50d-4da56387cacb
26-04-06 00:11:22.955 [Test worker] DEBUG c.s.m.d.s.basic.BasicUserService     [- | - | -] - Creating user: username=testuser, email=test@example.com
26-04-06 00:11:22.957 [Test worker] DEBUG c.s.m.d.s.basic.BasicUserService     [- | - | -] - Creating user: username=testuser, email=test@example.com
26-04-06 00:11:22.959 [Test worker] DEBUG c.s.m.d.s.basic.BasicUserService     [- | - | -] - Updating user: id=09372888-1b95-40f9-affa-006491998eeb
26-04-06 00:11:22.961 [Test worker] INFO  c.s.m.d.s.basic.BasicUserService     [- | - | -] - User updated: id=09372888-1b95-40f9-affa-006491998eeb
26-04-06 00:11:22.963 [Test worker] DEBUG c.s.m.d.s.basic.BasicUserService     [- | - | -] - Creating user: username=testuser, email=test@example.com
26-04-06 00:11:22.963 [Test worker] INFO  c.s.m.d.s.basic.BasicUserService     [- | - | -] - User created: id=null, username=testuser
26-04-06 00:11:22.965 [Test worker] DEBUG c.s.m.d.s.basic.BasicUserService     [- | - | -] - Updating user: id=4f92cfd8-a7ce-4457-bc08-91b01b7cf90c
26-04-06 00:11:23.005 [Test worker] DEBUG c.s.m.d.s.b.BasicUserStatusService   [- | - | -] - Updating UserStatus by userId=4a95d916-6eea-4024-85dd-16f38e3ad382
26-04-06 00:11:23.007 [Test worker] DEBUG c.s.m.d.s.b.BasicUserStatusService   [- | - | -] - Deleting UserStatus: id=955cda68-75c7-40cf-a358-8257e0f24706
26-04-06 00:11:23.007 [Test worker] INFO  c.s.m.d.s.b.BasicUserStatusService   [- | - | -] - UserStatus deleted: id=955cda68-75c7-40cf-a358-8257e0f24706
26-04-06 00:11:23.008 [Test worker] DEBUG c.s.m.d.s.b.BasicUserStatusService   [- | - | -] - Creating UserStatus for userId=e2d49ae2-0fd9-4c66-82ef-cb0a02dc922d
26-04-06 00:11:23.010 [Test worker] DEBUG c.s.m.d.s.b.BasicUserStatusService   [- | - | -] - Updating UserStatus by userId=f9099227-92aa-431c-8079-be1f735d2d03
26-04-06 00:11:23.011 [Test worker] INFO  c.s.m.d.s.b.BasicUserStatusService   [- | - | -] - UserStatus updated by userId=f9099227-92aa-431c-8079-be1f735d2d03
26-04-06 00:11:23.012 [Test worker] DEBUG c.s.m.d.s.b.BasicUserStatusService   [- | - | -] - Updating UserStatus: id=f7f88104-8337-4a26-a1e4-ffac350857c5
26-04-06 00:11:23.014 [Test worker] DEBUG c.s.m.d.s.b.BasicUserStatusService   [- | - | -] - Updating UserStatus: id=fdce6e46-d6eb-4703-88d2-e47f4b114f5b
26-04-06 00:11:23.014 [Test worker] INFO  c.s.m.d.s.b.BasicUserStatusService   [- | - | -] - UserStatus updated: id=fdce6e46-d6eb-4703-88d2-e47f4b114f5b
26-04-06 00:11:23.015 [Test worker] DEBUG c.s.m.d.s.b.BasicUserStatusService   [- | - | -] - Deleting UserStatus: id=920543e7-7462-4f0f-9ad5-98af290cd328
26-04-06 00:11:23.063 [Test worker] DEBUG c.s.m.d.s.b.BasicUserStatusService   [- | - | -] - Creating UserStatus for userId=34d38ed6-9d78-4fe0-a164-21babd982b9a
26-04-06 00:11:23.064 [Test worker] INFO  c.s.m.d.s.b.BasicUserStatusService   [- | - | -] - UserStatus created: id=null, userId=34d38ed6-9d78-4fe0-a164-21babd982b9a
26-04-06 00:11:23.080 [SpringApplicationShutdownHook] INFO  o.s.o.j.LocalContainerEntityManagerFactoryBean [- | - | -] - Closing JPA EntityManagerFactory for persistence unit 'default'
26-04-06 00:11:23.307 [SpringApplicationShutdownHook] DEBUG org.hibernate.SQL                    [- | - | -] - 
    drop table if exists binary_contents cascade 
26-04-06 00:11:23.310 [SpringApplicationShutdownHook] DEBUG org.hibernate.SQL                    [- | - | -] - 
    drop table if exists channels cascade 
26-04-06 00:11:23.311 [SpringApplicationShutdownHook] DEBUG org.hibernate.SQL                    [- | - | -] - 
    drop table if exists message_attachments cascade 
26-04-06 00:11:23.311 [SpringApplicationShutdownHook] DEBUG org.hibernate.SQL                    [- | - | -] - 
    drop table if exists messages cascade 
26-04-06 00:11:23.311 [SpringApplicationShutdownHook] DEBUG org.hibernate.SQL                    [- | - | -] - 
    drop table if exists read_statuses cascade 
26-04-06 00:11:23.311 [SpringApplicationShutdownHook] DEBUG org.hibernate.SQL                    [- | - | -] - 
    drop table if exists user_statuses cascade 
26-04-06 00:11:23.312 [SpringApplicationShutdownHook] DEBUG org.hibernate.SQL                    [- | - | -] - 
    drop table if exists users cascade 
26-04-06 00:11:23.314 [SpringApplicationShutdownHook] INFO  com.zaxxer.hikari.HikariDataSource   [- | - | -] - HikariPool-1 - Shutdown initiated...
26-04-06 00:11:23.318 [SpringApplicationShutdownHook] INFO  com.zaxxer.hikari.HikariDataSource   [- | - | -] - HikariPool-1 - Shutdown completed.
26-04-06 00:11:23.321 [SpringApplicationShutdownHook] INFO  o.s.o.j.LocalContainerEntityManagerFactoryBean [- | - | -] - Closing JPA EntityManagerFactory for persistence unit 'default'
26-04-06 00:11:23.321 [SpringApplicationShutdownHook] DEBUG org.hibernate.SQL                    [- | - | -] - 
    drop table if exists binary_contents cascade 
26-04-06 00:11:23.322 [SpringApplicationShutdownHook] DEBUG org.hibernate.SQL                    [- | - | -] - 
    drop table if exists channels cascade 
26-04-06 00:11:23.323 [SpringApplicationShutdownHook] DEBUG org.hibernate.SQL                    [- | - | -] - 
    drop table if exists message_attachments cascade 
26-04-06 00:11:23.323 [SpringApplicationShutdownHook] DEBUG org.hibernate.SQL                    [- | - | -] - 
    drop table if exists messages cascade 
26-04-06 00:11:23.323 [SpringApplicationShutdownHook] DEBUG org.hibernate.SQL                    [- | - | -] - 
    drop table if exists read_statuses cascade 
26-04-06 00:11:23.324 [SpringApplicationShutdownHook] DEBUG org.hibernate.SQL                    [- | - | -] - 
    drop table if exists user_statuses cascade 
26-04-06 00:11:23.324 [SpringApplicationShutdownHook] DEBUG org.hibernate.SQL                    [- | - | -] - 
    drop table if exists users cascade 
